point_id,timestamp,metric,value,unit,direction,baseline_value,previous_value,interval_hours,scenario_id,scenario_name,problem_category,risk_level_expected,data_origin,source_dataset,is_simulated,note
ZQS-01,2026-08-01,wall_top_horizontal_displacement,0.0,mm,positive,0.0,,,S1,正常稳定,变形过大,正常,simulated,SIMULATED-EXCAVAGUARD-V1,TRUE,
ZQS-01,2026-08-02,wall_top_horizontal_displacement,0.516,mm,positive,0.0,0.0,24,S1,正常稳定,变形过大,正常,simulated,SIMULATED-EXCAVAGUARD-V1,TRUE,
ZQS-01,2026-08-03,wall_top_horizontal_displacement,0.999,mm,positive,0.0,0.516,24,S1,正常稳定,变形过大,正常,simulated,SIMULATED-EXCAVAGUARD-V1,TRUE,
ZQS-01,2026-08-04,wall_top_horizontal_displacement,1.45,mm,positive,0.0,0.999,24,S1,正常稳定,变形过大,正常,simulated,SIMULATED-EXCAVAGUARD-V1,TRUE,
ZQS-01,2026-08-05,wall_top_horizontal_displacement,1.873,mm,positive,0.0,1.45,24,S1,正常稳定,变形过大,正常,simulated,SIMULATED-EXCAVAGUARD-V1,TRUE,
ZQS-01,2026-08-06,wall_top_horizontal_displacement,2.268,mm,positive,0.0,1.873,24,S1,正常稳定,变形过大,正常,simulated,SIMULATED-EXCAVAGUARD-V1,TRUE,
ZQS-01,2026-08-07,wall_top_horizontal_displacement,2.637,mm,positive,0.0,2.268,24,S1,正常稳定,变形过大,正常,simulated,SIMULATED-EXCAVAGUARD-V1,TRUE,
ZQS-01,2026-08-08,wall_top_horizontal_displacement,2.983,mm,positive,0.0,2.637,24,S1,正常稳定,变形过大,正常,simulated,SIMULATED-EXCAVAGUARD-V1,TRUE,
ZQS-01,2026-08-09,wall_top_horizontal_displacement,3.307,mm,positive,0.0,2.983,24,S1,正常稳定,变形过大,正常,simulated,SIMULATED-EXCAVAGUARD-V1,TRUE,
ZQS-01,2026-08-10,wall_top_horizontal_displacement,3.61,mm,positive,0.0,3.307,24,S1,正常稳定,变形过大,正常,simulated,SIMULATED-EXCAVAGUARD-V1,TRUE,
ZQS-01,2026-08-11,wall_top_horizontal_displacement,3.893,mm,positive,0.0,3.61,24,S1,正常稳定,变形过大,正常,simulated,SIMULATED-EXCAVAGUARD-V1,TRUE,
ZQS-01,2026-08-12,wall_top_horizontal_displacement,4.158,mm,positive,0.0,3.893,24,S1,正常稳定,变形过大,正常,simulated,SIMULATED-EXCAVAGUARD-V1,TRUE,
ZQS-01,2026-08-13,wall_top_horizontal_displacement,4.405,mm,positive,0.0,4.158,24,S1,正常稳定,变形过大,正常,simulated,SIMULATED-EXCAVAGUARD-V1,TRUE,
ZQS-01,2026-08-14,wall_top_horizontal_displacement,4.637,mm,positive,0.0,4.405,24,S1,正常稳定,变形过大,正常,simulated,SIMULATED-EXCAVAGUARD-V1,TRUE,
ZQS-01,2026-08-15,wall_top_horizontal_displacement,4.854,mm,positive,0.0,4.637,24,S1,正常稳定,变形过大,正常,simulated,SIMULATED-EXCAVAGUARD-V1,TRUE,
ZQS-01,2026-08-16,wall_top_horizontal_displacement,5.057,mm,positive,0.0,4.854,24,S1,正常稳定,变形过大,正常,simulated,SIMULATED-EXCAVAGUARD-V1,TRUE,
ZQS-01,2026-08-17,wall_top_horizontal_displacement,5.247,mm,positive,0.0,5.057,24,S1,正常稳定,变形过大,正常,simulated,SIMULATED-EXCAVAGUARD-V1,TRUE,
ZQS-01,2026-08-18,wall_top_horizontal_displacement,5.424,mm,positive,0.0,5.247,24,S1,正常稳定,变形过大,正常,simulated,SIMULATED-EXCAVAGUARD-V1,TRUE,
ZQS-01,2026-08-19,wall_top_horizontal_displacement,5.59,mm,positive,0.0,5.424,24,S1,正常稳定,变形过大,正常,simulated,SIMULATED-EXCAVAGUARD-V1,TRUE,
ZQS-01,2026-08-20,wall_top_horizontal_displacement,5.746,mm,positive,0.0,5.59,24,S1,正常稳定,变形过大,正常,simulated,SIMULATED-EXCAVAGUARD-V1,TRUE,
ZQS-01,2026-08-21,wall_top_horizontal_displacement,5.891,mm,positive,0.0,5.746,24,S1,正常稳定,变形过大,正常,simulated,SIMULATED-EXCAVAGUARD-V1,TRUE,
ZQS-01,2026-08-22,wall_top_horizontal_displacement,6.027,mm,positive,0.0,5.891,24,S1,正常稳定,变形过大,正常,simulated,SIMULATED-EXCAVAGUARD-V1,TRUE,
ZQS-01,2026-08-23,wall_top_horizontal_displacement,6.154,mm,positive,0.0,6.027,24,S1,正常稳定,变形过大,正常,simulated,SIMULATED-EXCAVAGUARD-V1,TRUE,
ZQS-01,2026-08-24,wall_top_horizontal_displacement,6.273,mm,positive,0.0,6.154,24,S1,正常稳定,变形过大,正常,simulated,SIMULATED-EXCAVAGUARD-V1,TRUE,
ZQS-01,2026-08-25,wall_top_horizontal_displacement,6.385,mm,positive,0.0,6.273,24,S1,正常稳定,变形过大,正常,simulated,SIMULATED-EXCAVAGUARD-V1,TRUE,
ZQS-01,2026-08-26,wall_top_horizontal_displacement,6.489,mm,positive,0.0,6.385,24,S1,正常稳定,变形过大,正常,simulated,SIMULATED-EXCAVAGUARD-V1,TRUE,
ZQS-01,2026-08-27,wall_top_horizontal_displacement,6.586,mm,positive,0.0,6.489,24,S1,正常稳定,变形过大,正常,simulated,SIMULATED-EXCAVAGUARD-V1,TRUE,
ZQS-01,2026-08-28,wall_top_horizontal_displacement,6.678,mm,positive,0.0,6.586,24,S1,正常稳定,变形过大,正常,simulated,SIMULATED-EXCAVAGUARD-V1,TRUE,
ZQS-01,2026-08-29,wall_top_horizontal_displacement,6.763,mm,positive,0.0,6.678,24,S1,正常稳定,变形过大,正常,simulated,SIMULATED-EXCAVAGUARD-V1,TRUE,
ZQS-01,2026-08-30,wall_top_horizontal_displacement,6.843,mm,positive,0.0,6.763,24,S1,正常稳定,变形过大,正常,simulated,SIMULATED-EXCAVAGUARD-V1,TRUE,
ZQS-01,2026-08-31,wall_top_horizontal_displacement,6.917,mm,positive,0.0,6.843,24,S1,正常稳定,变形过大,正常,simulated,SIMULATED-EXCAVAGUARD-V1,TRUE,
ZQS-01,2026-09-01,wall_top_horizontal_displacement,6.987,mm,positive,0.0,6.917,24,S1,正常稳定,变形过大,正常,simulated,SIMULATED-EXCAVAGUARD-V1,TRUE,
ZQS-01,2026-09-02,wall_top_horizontal_displacement,7.052,mm,positive,0.0,6.987,24,S1,正常稳定,变形过大,正常,simulated,SIMULATED-EXCAVAGUARD-V1,TRUE,
ZQS-01,2026-09-03,wall_top_horizontal_displacement,7.114,mm,positive,0.0,7.052,24,S1,正常稳定,变形过大,正常,simulated,SIMULATED-EXCAVAGUARD-V1,TRUE,
ZQS-01,2026-09-04,wall_top_horizontal_displacement,7.171,mm,positive,0.0,7.114,24,S1,正常稳定,变形过大,正常,simulated,SIMULATED-EXCAVAGUARD-V1,TRUE,
ZQS-01,2026-09-05,wall_top_horizontal_displacement,7.224,mm,positive,0.0,7.171,24,S1,正常稳定,变形过大,正常,simulated,SIMULATED-EXCAVAGUARD-V1,TRUE,
ZQS-01,2026-09-06,wall_top_horizontal_displacement,7.274,mm,positive,0.0,7.224,24,S1,正常稳定,变形过大,正常,simulated,SIMULATED-EXCAVAGUARD-V1,TRUE,
ZQS-01,2026-09-07,wall_top_horizontal_displacement,7.321,mm,positive,0.0,7.274,24,S1,正常稳定,变形过大,正常,simulated,SIMULATED-EXCAVAGUARD-V1,TRUE,
ZQS-01,2026-09-08,wall_top_horizontal_displacement,7.365,mm,positive,0.0,7.321,24,S1,正常稳定,变形过大,正常,simulated,SIMULATED-EXCAVAGUARD-V1,TRUE,
ZQS-01,2026-09-09,wall_top_horizontal_displacement,7.406,mm,positive,0.0,7.365,24,S1,正常稳定,变形过大,正常,simulated,SIMULATED-EXCAVAGUARD-V1,TRUE,
ZQS-01,2026-09-10,wall_top_horizontal_displacement,7.444,mm,positive,0.0,7.406,24,S1,正常稳定,变形过大,正常,simulated,SIMULATED-EXCAVAGUARD-V1,TRUE,
ZQS-01,2026-09-11,wall_top_horizontal_displacement,7.48,mm,positive,0.0,7.444,24,S1,正常稳定,变形过大,正常,simulated,SIMULATED-EXCAVAGUARD-V1,TRUE,
ZQS-01,2026-09-12,wall_top_horizontal_displacement,7.514,mm,positive,0.0,7.48,24,S1,正常稳定,变形过大,正常,simulated,SIMULATED-EXCAVAGUARD-V1,TRUE,
ZQS-01,2026-09-13,wall_top_horizontal_displacement,7.545,mm,positive,0.0,7.514,24,S1,正常稳定,变形过大,正常,simulated,SIMULATED-EXCAVAGUARD-V1,TRUE,
ZQS-01,2026-09-14,wall_top_horizontal_displacement,7.574,mm,positive,0.0,7.545,24,S1,正常稳定,变形过大,正常,simulated,SIMULATED-EXCAVAGUARD-V1,TRUE,
ZQS-01,2026-09-15,wall_top_horizontal_displacement,7.602,mm,positive,0.0,7.574,24,S1,正常稳定,变形过大,正常,simulated,SIMULATED-EXCAVAGUARD-V1,TRUE,
ZQS-01,2026-09-16,wall_top_horizontal_displacement,7.627,mm,positive,0.0,7.602,24,S1,正常稳定,变形过大,正常,simulated,SIMULATED-EXCAVAGUARD-V1,TRUE,
ZQS-01,2026-09-17,wall_top_horizontal_displacement,7.651,mm,positive,0.0,7.627,24,S1,正常稳定,变形过大,正常,simulated,SIMULATED-EXCAVAGUARD-V1,TRUE,
ZQS-01,2026-09-18,wall_top_horizontal_displacement,7.674,mm,positive,0.0,7.651,24,S1,正常稳定,变形过大,正常,simulated,SIMULATED-EXCAVAGUARD-V1,TRUE,
ZQS-01,2026-09-19,wall_top_horizontal_displacement,7.695,mm,positive,0.0,7.674,24,S1,正常稳定,变形过大,正常,simulated,SIMULATED-EXCAVAGUARD-V1,TRUE,
ZQS-01,2026-09-20,wall_top_horizontal_displacement,7.715,mm,positive,0.0,7.695,24,S1,正常稳定,变形过大,正常,simulated,SIMULATED-EXCAVAGUARD-V1,TRUE,
ZQS-01,2026-09-21,wall_top_horizontal_displacement,7.733,mm,positive,0.0,7.715,24,S1,正常稳定,变形过大,正常,simulated,SIMULATED-EXCAVAGUARD-V1,TRUE,
ZQS-01,2026-09-22,wall_top_horizontal_displacement,7.75,mm,positive,0.0,7.733,24,S1,正常稳定,变形过大,正常,simulated,SIMULATED-EXCAVAGUARD-V1,TRUE,
ZQS-01,2026-09-23,wall_top_horizontal_displacement,7.766,mm,positive,0.0,7.75,24,S1,正常稳定,变形过大,正常,simulated,SIMULATED-EXCAVAGUARD-V1,TRUE,
ZQS-01,2026-09-24,wall_top_horizontal_displacement,7.781,mm,positive,0.0,7.766,24,S1,正常稳定,变形过大,正常,simulated,SIMULATED-EXCAVAGUARD-V1,TRUE,
ZQS-01,2026-09-25,wall_top_horizontal_displacement,7.796,mm,positive,0.0,7.781,24,S1,正常稳定,变形过大,正常,simulated,SIMULATED-EXCAVAGUARD-V1,TRUE,
ZQS-01,2026-09-26,wall_top_horizontal_displacement,7.809,mm,positive,0.0,7.796,24,S1,正常稳定,变形过大,正常,simulated,SIMULATED-EXCAVAGUARD-V1,TRUE,
ZQS-01,2026-09-27,wall_top_horizontal_displacement,7.821,mm,positive,0.0,7.809,24,S1,正常稳定,变形过大,正常,simulated,SIMULATED-EXCAVAGUARD-V1,TRUE,
ZQS-01,2026-09-28,wall_top_horizontal_displacement,7.833,mm,positive,0.0,7.821,24,S1,正常稳定,变形过大,正常,simulated,SIMULATED-EXCAVAGUARD-V1,TRUE,
ZQS-01,2026-09-29,wall_top_horizontal_displacement,7.843,mm,positive,0.0,7.833,24,S1,正常稳定,变形过大,正常,simulated,SIMULATED-EXCAVAGUARD-V1,TRUE,
DB-01,2026-08-01,surface_settlement,-0.0,mm,negative,-0.0,,,S1,正常稳定,变形过大,正常,simulated,SIMULATED-EXCAVAGUARD-V1,TRUE,
DB-01,2026-08-02,surface_settlement,-0.645,mm,negative,-0.0,-0.0,24,S1,正常稳定,变形过大,正常,simulated,SIMULATED-EXCAVAGUARD-V1,TRUE,
DB-01,2026-08-03,surface_settlement,-1.248,mm,negative,-0.0,-0.645,24,S1,正常稳定,变形过大,正常,simulated,SIMULATED-EXCAVAGUARD-V1,TRUE,
DB-01,2026-08-04,surface_settlement,-1.813,mm,negative,-0.0,-1.248,24,S1,正常稳定,变形过大,正常,simulated,SIMULATED-EXCAVAGUARD-V1,TRUE,
DB-01,2026-08-05,surface_settlement,-2.341,mm,negative,-0.0,-1.813,24,S1,正常稳定,变形过大,正常,simulated,SIMULATED-EXCAVAGUARD-V1,TRUE,
DB-01,2026-08-06,surface_settlement,-2.835,mm,negative,-0.0,-2.341,24,S1,正常稳定,变形过大,正常,simulated,SIMULATED-EXCAVAGUARD-V1,TRUE,
DB-01,2026-08-07,surface_settlement,-3.297,mm,negative,-0.0,-2.835,24,S1,正常稳定,变形过大,正常,simulated,SIMULATED-EXCAVAGUARD-V1,TRUE,
DB-01,2026-08-08,surface_settlement,-3.729,mm,negative,-0.0,-3.297,24,S1,正常稳定,变形过大,正常,simulated,SIMULATED-EXCAVAGUARD-V1,TRUE,
DB-01,2026-08-09,surface_settlement,-4.134,mm,negative,-0.0,-3.729,24,S1,正常稳定,变形过大,正常,simulated,SIMULATED-EXCAVAGUARD-V1,TRUE,
DB-01,2026-08-10,surface_settlement,-4.512,mm,negative,-0.0,-4.134,24,S1,正常稳定,变形过大,正常,simulated,SIMULATED-EXCAVAGUARD-V1,TRUE,
DB-01,2026-08-11,surface_settlement,-4.866,mm,negative,-0.0,-4.512,24,S1,正常稳定,变形过大,正常,simulated,SIMULATED-EXCAVAGUARD-V1,TRUE,
DB-01,2026-08-12,surface_settlement,-5.197,mm,negative,-0.0,-4.866,24,S1,正常稳定,变形过大,正常,simulated,SIMULATED-EXCAVAGUARD-V1,TRUE,
DB-01,2026-08-13,surface_settlement,-5.507,mm,negative,-0.0,-5.197,24,S1,正常稳定,变形过大,正常,simulated,SIMULATED-EXCAVAGUARD-V1,TRUE,
DB-01,2026-08-14,surface_settlement,-5.796,mm,negative,-0.0,-5.507,24,S1,正常稳定,变形过大,正常,simulated,SIMULATED-EXCAVAGUARD-V1,TRUE,
DB-01,2026-08-15,surface_settlement,-6.068,mm,negative,-0.0,-5.796,24,S1,正常稳定,变形过大,正常,simulated,SIMULATED-EXCAVAGUARD-V1,TRUE,
DB-01,2026-08-16,surface_settlement,-6.321,mm,negative,-0.0,-6.068,24,S1,正常稳定,变形过大,正常,simulated,SIMULATED-EXCAVAGUARD-V1,TRUE,
DB-01,2026-08-17,surface_settlement,-6.558,mm,negative,-0.0,-6.321,24,S1,正常稳定,变形过大,正常,simulated,SIMULATED-EXCAVAGUARD-V1,TRUE,
DB-01,2026-08-18,surface_settlement,-6.78,mm,negative,-0.0,-6.558,24,S1,正常稳定,变形过大,正常,simulated,SIMULATED-EXCAVAGUARD-V1,TRUE,
DB-01,2026-08-19,surface_settlement,-6.988,mm,negative,-0.0,-6.78,24,S1,正常稳定,变形过大,正常,simulated,SIMULATED-EXCAVAGUARD-V1,TRUE,
DB-01,2026-08-20,surface_settlement,-7.182,mm,negative,-0.0,-6.988,24,S1,正常稳定,变形过大,正常,simulated,SIMULATED-EXCAVAGUARD-V1,TRUE,
DB-01,2026-08-21,surface_settlement,-7.364,mm,negative,-0.0,-7.182,24,S1,正常稳定,变形过大,正常,simulated,SIMULATED-EXCAVAGUARD-V1,TRUE,
DB-01,2026-08-22,surface_settlement,-7.534,mm,negative,-0.0,-7.364,24,S1,正常稳定,变形过大,正常,simulated,SIMULATED-EXCAVAGUARD-V1,TRUE,
DB-01,2026-08-23,surface_settlement,-7.693,mm,negative,-0.0,-7.534,24,S1,正常稳定,变形过大,正常,simulated,SIMULATED-EXCAVAGUARD-V1,TRUE,
DB-01,2026-08-24,surface_settlement,-7.842,mm,negative,-0.0,-7.693,24,S1,正常稳定,变形过大,正常,simulated,SIMULATED-EXCAVAGUARD-V1,TRUE,
DB-01,2026-08-25,surface_settlement,-7.981,mm,negative,-0.0,-7.842,24,S1,正常稳定,变形过大,正常,simulated,SIMULATED-EXCAVAGUARD-V1,TRUE,
DB-01,2026-08-26,surface_settlement,-8.111,mm,negative,-0.0,-7.981,24,S1,正常稳定,变形过大,正常,simulated,SIMULATED-EXCAVAGUARD-V1,TRUE,
DB-01,2026-08-27,surface_settlement,-8.233,mm,negative,-0.0,-8.111,24,S1,正常稳定,变形过大,正常,simulated,SIMULATED-EXCAVAGUARD-V1,TRUE,
DB-01,2026-08-28,surface_settlement,-8.347,mm,negative,-0.0,-8.233,24,S1,正常稳定,变形过大,正常,simulated,SIMULATED-EXCAVAGUARD-V1,TRUE,
DB-01,2026-08-29,surface_settlement,-8.454,mm,negative,-0.0,-8.347,24,S1,正常稳定,变形过大,正常,simulated,SIMULATED-EXCAVAGUARD-V1,TRUE,
DB-01,2026-08-30,surface_settlement,-8.553,mm,negative,-0.0,-8.454,24,S1,正常稳定,变形过大,正常,simulated,SIMULATED-EXCAVAGUARD-V1,TRUE,
DB-01,2026-08-31,surface_settlement,-8.647,mm,negative,-0.0,-8.553,24,S1,正常稳定,变形过大,正常,simulated,SIMULATED-EXCAVAGUARD-V1,TRUE,
DB-01,2026-09-01,surface_settlement,-8.734,mm,negative,-0.0,-8.647,24,S1,正常稳定,变形过大,正常,simulated,SIMULATED-EXCAVAGUARD-V1,TRUE,
DB-01,2026-09-02,surface_settlement,-8.816,mm,negative,-0.0,-8.734,24,S1,正常稳定,变形过大,正常,simulated,SIMULATED-EXCAVAGUARD-V1,TRUE,
DB-01,2026-09-03,surface_settlement,-8.892,mm,negative,-0.0,-8.816,24,S1,正常稳定,变形过大,正常,simulated,SIMULATED-EXCAVAGUARD-V1,TRUE,
DB-01,2026-09-04,surface_settlement,-8.963,mm,negative,-0.0,-8.892,24,S1,正常稳定,变形过大,正常,simulated,SIMULATED-EXCAVAGUARD-V1,TRUE,
DB-01,2026-09-05,surface_settlement,-9.03,mm,negative,-0.0,-8.963,24,S1,正常稳定,变形过大,正常,simulated,SIMULATED-EXCAVAGUARD-V1,TRUE,
DB-01,2026-09-06,surface_settlement,-9.093,mm,negative,-0.0,-9.03,24,S1,正常稳定,变形过大,正常,simulated,SIMULATED-EXCAVAGUARD-V1,TRUE,
DB-01,2026-09-07,surface_settlement,-9.151,mm,negative,-0.0,-9.093,24,S1,正常稳定,变形过大,正常,simulated,SIMULATED-EXCAVAGUARD-V1,TRUE,
DB-01,2026-09-08,surface_settlement,-9.206,mm,negative,-0.0,-9.151,24,S1,正常稳定,变形过大,正常,simulated,SIMULATED-EXCAVAGUARD-V1,TRUE,
DB-01,2026-09-09,surface_settlement,-9.257,mm,negative,-0.0,-9.206,24,S1,正常稳定,变形过大,正常,simulated,SIMULATED-EXCAVAGUARD-V1,TRUE,
DB-01,2026-09-10,surface_settlement,-9.305,mm,negative,-0.0,-9.257,24,S1,正常稳定,变形过大,正常,simulated,SIMULATED-EXCAVAGUARD-V1,TRUE,
DB-01,2026-09-11,surface_settlement,-9.35,mm,negative,-0.0,-9.305,24,S1,正常稳定,变形过大,正常,simulated,SIMULATED-EXCAVAGUARD-V1,TRUE,
DB-01,2026-09-12,surface_settlement,-9.392,mm,negative,-0.0,-9.35,24,S1,正常稳定,变形过大,正常,simulated,SIMULATED-EXCAVAGUARD-V1,TRUE,
DB-01,2026-09-13,surface_settlement,-9.431,mm,negative,-0.0,-9.392,24,S1,正常稳定,变形过大,正常,simulated,SIMULATED-EXCAVAGUARD-V1,TRUE,
DB-01,2026-09-14,surface_settlement,-9.468,mm,negative,-0.0,-9.431,24,S1,正常稳定,变形过大,正常,simulated,SIMULATED-EXCAVAGUARD-V1,TRUE,
DB-01,2026-09-15,surface_settlement,-9.502,mm,negative,-0.0,-9.468,24,S1,正常稳定,变形过大,正常,simulated,SIMULATED-EXCAVAGUARD-V1,TRUE,
DB-01,2026-09-16,surface_settlement,-9.534,mm,negative,-0.0,-9.502,24,S1,正常稳定,变形过大,正常,simulated,SIMULATED-EXCAVAGUARD-V1,TRUE,
DB-01,2026-09-17,surface_settlement,-9.564,mm,negative,-0.0,-9.534,24,S1,正常稳定,变形过大,正常,simulated,SIMULATED-EXCAVAGUARD-V1,TRUE,
DB-01,2026-09-18,surface_settlement,-9.592,mm,negative,-0.0,-9.564,24,S1,正常稳定,变形过大,正常,simulated,SIMULATED-EXCAVAGUARD-V1,TRUE,
DB-01,2026-09-19,surface_settlement,-9.619,mm,negative,-0.0,-9.592,24,S1,正常稳定,变形过大,正常,simulated,SIMULATED-EXCAVAGUARD-V1,TRUE,
DB-01,2026-09-20,surface_settlement,-9.643,mm,negative,-0.0,-9.619,24,S1,正常稳定,变形过大,正常,simulated,SIMULATED-EXCAVAGUARD-V1,TRUE,
DB-01,2026-09-21,surface_settlement,-9.666,mm,negative,-0.0,-9.643,24,S1,正常稳定,变形过大,正常,simulated,SIMULATED-EXCAVAGUARD-V1,TRUE,
DB-01,2026-09-22,surface_settlement,-9.688,mm,negative,-0.0,-9.666,24,S1,正常稳定,变形过大,正常,simulated,SIMULATED-EXCAVAGUARD-V1,TRUE,
DB-01,2026-09-23,surface_settlement,-9.708,mm,negative,-0.0,-9.688,24,S1,正常稳定,变形过大,正常,simulated,SIMULATED-EXCAVAGUARD-V1,TRUE,
DB-01,2026-09-24,surface_settlement,-9.727,mm,negative,-0.0,-9.708,24,S1,正常稳定,变形过大,正常,simulated,SIMULATED-EXCAVAGUARD-V1,TRUE,
DB-01,2026-09-25,surface_settlement,-9.744,mm,negative,-0.0,-9.727,24,S1,正常稳定,变形过大,正常,simulated,SIMULATED-EXCAVAGUARD-V1,TRUE,
DB-01,2026-09-26,surface_settlement,-9.761,mm,negative,-0.0,-9.744,24,S1,正常稳定,变形过大,正常,simulated,SIMULATED-EXCAVAGUARD-V1,TRUE,
DB-01,2026-09-27,surface_settlement,-9.776,mm,negative,-0.0,-9.761,24,S1,正常稳定,变形过大,正常,simulated,SIMULATED-EXCAVAGUARD-V1,TRUE,
DB-01,2026-09-28,surface_settlement,-9.791,mm,negative,-0.0,-9.776,24,S1,正常稳定,变形过大,正常,simulated,SIMULATED-EXCAVAGUARD-V1,TRUE,
DB-01,2026-09-29,surface_settlement,-9.804,mm,negative,-0.0,-9.791,24,S1,正常稳定,变形过大,正常,simulated,SIMULATED-EXCAVAGUARD-V1,TRUE,
LZ-01,2026-08-01,column_vertical_displacement,-0.0,mm,negative,-0.0,,,S1,正常稳定,变形过大,正常,simulated,SIMULATED-EXCAVAGUARD-V1,TRUE,
LZ-01,2026-08-02,column_vertical_displacement,-0.516,mm,negative,-0.0,-0.0,24,S1,正常稳定,变形过大,正常,simulated,SIMULATED-EXCAVAGUARD-V1,TRUE,
LZ-01,2026-08-03,column_vertical_displacement,-0.999,mm,negative,-0.0,-0.516,24,S1,正常稳定,变形过大,正常,simulated,SIMULATED-EXCAVAGUARD-V1,TRUE,
LZ-01,2026-08-04,column_vertical_displacement,-1.45,mm,negative,-0.0,-0.999,24,S1,正常稳定,变形过大,正常,simulated,SIMULATED-EXCAVAGUARD-V1,TRUE,
LZ-01,2026-08-05,column_vertical_displacement,-1.873,mm,negative,-0.0,-1.45,24,S1,正常稳定,变形过大,正常,simulated,SIMULATED-EXCAVAGUARD-V1,TRUE,
LZ-01,2026-08-06,column_vertical_displacement,-2.268,mm,negative,-0.0,-1.873,24,S1,正常稳定,变形过大,正常,simulated,SIMULATED-EXCAVAGUARD-V1,TRUE,
LZ-01,2026-08-07,column_vertical_displacement,-2.637,mm,negative,-0.0,-2.268,24,S1,正常稳定,变形过大,正常,simulated,SIMULATED-EXCAVAGUARD-V1,TRUE,
LZ-01,2026-08-08,column_vertical_displacement,-2.983,mm,negative,-0.0,-2.637,24,S1,正常稳定,变形过大,正常,simulated,SIMULATED-EXCAVAGUARD-V1,TRUE,
LZ-01,2026-08-09,column_vertical_displacement,-3.307,mm,negative,-0.0,-2.983,24,S1,正常稳定,变形过大,正常,simulated,SIMULATED-EXCAVAGUARD-V1,TRUE,
LZ-01,2026-08-10,column_vertical_displacement,-3.61,mm,negative,-0.0,-3.307,24,S1,正常稳定,变形过大,正常,simulated,SIMULATED-EXCAVAGUARD-V1,TRUE,
LZ-01,2026-08-11,column_vertical_displacement,-3.893,mm,negative,-0.0,-3.61,24,S1,正常稳定,变形过大,正常,simulated,SIMULATED-EXCAVAGUARD-V1,TRUE,
LZ-01,2026-08-12,column_vertical_displacement,-4.158,mm,negative,-0.0,-3.893,24,S1,正常稳定,变形过大,正常,simulated,SIMULATED-EXCAVAGUARD-V1,TRUE,
LZ-01,2026-08-13,column_vertical_displacement,-4.405,mm,negative,-0.0,-4.158,24,S1,正常稳定,变形过大,正常,simulated,SIMULATED-EXCAVAGUARD-V1,TRUE,
LZ-01,2026-08-14,column_vertical_displacement,-4.637,mm,negative,-0.0,-4.405,24,S1,正常稳定,变形过大,正常,simulated,SIMULATED-EXCAVAGUARD-V1,TRUE,
LZ-01,2026-08-15,column_vertical_displacement,-4.854,mm,negative,-0.0,-4.637,24,S1,正常稳定,变形过大,正常,simulated,SIMULATED-EXCAVAGUARD-V1,TRUE,
LZ-01,2026-08-16,column_vertical_displacement,-5.057,mm,negative,-0.0,-4.854,24,S1,正常稳定,变形过大,正常,simulated,SIMULATED-EXCAVAGUARD-V1,TRUE,
LZ-01,2026-08-17,column_vertical_displacement,-5.247,mm,negative,-0.0,-5.057,24,S1,正常稳定,变形过大,正常,simulated,SIMULATED-EXCAVAGUARD-V1,TRUE,
LZ-01,2026-08-18,column_vertical_displacement,-5.424,mm,negative,-0.0,-5.247,24,S1,正常稳定,变形过大,正常,simulated,SIMULATED-EXCAVAGUARD-V1,TRUE,
LZ-01,2026-08-19,column_vertical_displacement,-5.59,mm,negative,-0.0,-5.424,24,S1,正常稳定,变形过大,正常,simulated,SIMULATED-EXCAVAGUARD-V1,TRUE,
LZ-01,2026-08-20,column_vertical_displacement,-5.746,mm,negative,-0.0,-5.59,24,S1,正常稳定,变形过大,正常,simulated,SIMULATED-EXCAVAGUARD-V1,TRUE,
LZ-01,2026-08-21,column_vertical_displacement,-5.891,mm,negative,-0.0,-5.746,24,S1,正常稳定,变形过大,正常,simulated,SIMULATED-EXCAVAGUARD-V1,TRUE,
LZ-01,2026-08-22,column_vertical_displacement,-6.027,mm,negative,-0.0,-5.891,24,S1,正常稳定,变形过大,正常,simulated,SIMULATED-EXCAVAGUARD-V1,TRUE,
LZ-01,2026-08-23,column_vertical_displacement,-6.154,mm,negative,-0.0,-6.027,24,S1,正常稳定,变形过大,正常,simulated,SIMULATED-EXCAVAGUARD-V1,TRUE,
LZ-01,2026-08-24,column_vertical_displacement,-6.273,mm,negative,-0.0,-6.154,24,S1,正常稳定,变形过大,正常,simulated,SIMULATED-EXCAVAGUARD-V1,TRUE,
LZ-01,2026-08-25,column_vertical_displacement,-6.385,mm,negative,-0.0,-6.273,24,S1,正常稳定,变形过大,正常,simulated,SIMULATED-EXCAVAGUARD-V1,TRUE,
LZ-01,2026-08-26,column_vertical_displacement,-6.489,mm,negative,-0.0,-6.385,24,S1,正常稳定,变形过大,正常,simulated,SIMULATED-EXCAVAGUARD-V1,TRUE,
LZ-01,2026-08-27,column_vertical_displacement,-6.586,mm,negative,-0.0,-6.489,24,S1,正常稳定,变形过大,正常,simulated,SIMULATED-EXCAVAGUARD-V1,TRUE,
LZ-01,2026-08-28,column_vertical_displacement,-6.678,mm,negative,-0.0,-6.586,24,S1,正常稳定,变形过大,正常,simulated,SIMULATED-EXCAVAGUARD-V1,TRUE,
LZ-01,2026-08-29,column_vertical_displacement,-6.763,mm,negative,-0.0,-6.678,24,S1,正常稳定,变形过大,正常,simulated,SIMULATED-EXCAVAGUARD-V1,TRUE,
LZ-01,2026-08-30,column_vertical_displacement,-6.843,mm,negative,-0.0,-6.763,24,S1,正常稳定,变形过大,正常,simulated,SIMULATED-EXCAVAGUARD-V1,TRUE,
LZ-01,2026-08-31,column_vertical_displacement,-6.917,mm,negative,-0.0,-6.843,24,S1,正常稳定,变形过大,正常,simulated,SIMULATED-EXCAVAGUARD-V1,TRUE,
LZ-01,2026-09-01,column_vertical_displacement,-6.987,mm,negative,-0.0,-6.917,24,S1,正常稳定,变形过大,正常,simulated,SIMULATED-EXCAVAGUARD-V1,TRUE,
LZ-01,2026-09-02,column_vertical_displacement,-7.052,mm,negative,-0.0,-6.987,24,S1,正常稳定,变形过大,正常,simulated,SIMULATED-EXCAVAGUARD-V1,TRUE,
LZ-01,2026-09-03,column_vertical_displacement,-7.114,mm,negative,-0.0,-7.052,24,S1,正常稳定,变形过大,正常,simulated,SIMULATED-EXCAVAGUARD-V1,TRUE,
LZ-01,2026-09-04,column_vertical_displacement,-7.171,mm,negative,-0.0,-7.114,24,S1,正常稳定,变形过大,正常,simulated,SIMULATED-EXCAVAGUARD-V1,TRUE,
LZ-01,2026-09-05,column_vertical_displacement,-7.224,mm,negative,-0.0,-7.171,24,S1,正常稳定,变形过大,正常,simulated,SIMULATED-EXCAVAGUARD-V1,TRUE,
LZ-01,2026-09-06,column_vertical_displacement,-7.274,mm,negative,-0.0,-7.224,24,S1,正常稳定,变形过大,正常,simulated,SIMULATED-EXCAVAGUARD-V1,TRUE,
LZ-01,2026-09-07,column_vertical_displacement,-7.321,mm,negative,-0.0,-7.274,24,S1,正常稳定,变形过大,正常,simulated,SIMULATED-EXCAVAGUARD-V1,TRUE,
LZ-01,2026-09-08,column_vertical_displacement,-7.365,mm,negative,-0.0,-7.321,24,S1,正常稳定,变形过大,正常,simulated,SIMULATED-EXCAVAGUARD-V1,TRUE,
LZ-01,2026-09-09,column_vertical_displacement,-7.406,mm,negative,-0.0,-7.365,24,S1,正常稳定,变形过大,正常,simulated,SIMULATED-EXCAVAGUARD-V1,TRUE,
LZ-01,2026-09-10,column_vertical_displacement,-7.444,mm,negative,-0.0,-7.406,24,S1,正常稳定,变形过大,正常,simulated,SIMULATED-EXCAVAGUARD-V1,TRUE,
LZ-01,2026-09-11,column_vertical_displacement,-7.48,mm,negative,-0.0,-7.444,24,S1,正常稳定,变形过大,正常,simulated,SIMULATED-EXCAVAGUARD-V1,TRUE,
LZ-01,2026-09-12,column_vertical_displacement,-7.514,mm,negative,-0.0,-7.48,24,S1,正常稳定,变形过大,正常,simulated,SIMULATED-EXCAVAGUARD-V1,TRUE,
LZ-01,2026-09-13,column_vertical_displacement,-7.545,mm,negative,-0.0,-7.514,24,S1,正常稳定,变形过大,正常,simulated,SIMULATED-EXCAVAGUARD-V1,TRUE,
LZ-01,2026-09-14,column_vertical_displacement,-7.574,mm,negative,-0.0,-7.545,24,S1,正常稳定,变形过大,正常,simulated,SIMULATED-EXCAVAGUARD-V1,TRUE,
LZ-01,2026-09-15,column_vertical_displacement,-7.602,mm,negative,-0.0,-7.574,24,S1,正常稳定,变形过大,正常,simulated,SIMULATED-EXCAVAGUARD-V1,TRUE,
LZ-01,2026-09-16,column_vertical_displacement,-7.627,mm,negative,-0.0,-7.602,24,S1,正常稳定,变形过大,正常,simulated,SIMULATED-EXCAVAGUARD-V1,TRUE,
LZ-01,2026-09-17,column_vertical_displacement,-7.651,mm,negative,-0.0,-7.627,24,S1,正常稳定,变形过大,正常,simulated,SIMULATED-EXCAVAGUARD-V1,TRUE,
LZ-01,2026-09-18,column_vertical_displacement,-7.674,mm,negative,-0.0,-7.651,24,S1,正常稳定,变形过大,正常,simulated,SIMULATED-EXCAVAGUARD-V1,TRUE,
LZ-01,2026-09-19,column_vertical_displacement,-7.695,mm,negative,-0.0,-7.674,24,S1,正常稳定,变形过大,正常,simulated,SIMULATED-EXCAVAGUARD-V1,TRUE,
LZ-01,2026-09-20,column_vertical_displacement,-7.715,mm,negative,-0.0,-7.695,24,S1,正常稳定,变形过大,正常,simulated,SIMULATED-EXCAVAGUARD-V1,TRUE,
LZ-01,2026-09-21,column_vertical_displacement,-7.733,mm,negative,-0.0,-7.715,24,S1,正常稳定,变形过大,正常,simulated,SIMULATED-EXCAVAGUARD-V1,TRUE,
LZ-01,2026-09-22,column_vertical_displacement,-7.75,mm,negative,-0.0,-7.733,24,S1,正常稳定,变形过大,正常,simulated,SIMULATED-EXCAVAGUARD-V1,TRUE,
LZ-01,2026-09-23,column_vertical_displacement,-7.766,mm,negative,-0.0,-7.75,24,S1,正常稳定,变形过大,正常,simulated,SIMULATED-EXCAVAGUARD-V1,TRUE,
LZ-01,2026-09-24,column_vertical_displacement,-7.781,mm,negative,-0.0,-7.766,24,S1,正常稳定,变形过大,正常,simulated,SIMULATED-EXCAVAGUARD-V1,TRUE,
LZ-01,2026-09-25,column_vertical_displacement,-7.796,mm,negative,-0.0,-7.781,24,S1,正常稳定,变形过大,正常,simulated,SIMULATED-EXCAVAGUARD-V1,TRUE,
LZ-01,2026-09-26,column_vertical_displacement,-7.809,mm,negative,-0.0,-7.796,24,S1,正常稳定,变形过大,正常,simulated,SIMULATED-EXCAVAGUARD-V1,TRUE,
LZ-01,2026-09-27,column_vertical_displacement,-7.821,mm,negative,-0.0,-7.809,24,S1,正常稳定,变形过大,正常,simulated,SIMULATED-EXCAVAGUARD-V1,TRUE,
LZ-01,2026-09-28,column_vertical_displacement,-7.833,mm,negative,-0.0,-7.821,24,S1,正常稳定,变形过大,正常,simulated,SIMULATED-EXCAVAGUARD-V1,TRUE,
LZ-01,2026-09-29,column_vertical_displacement,-7.843,mm,negative,-0.0,-7.833,24,S1,正常稳定,变形过大,正常,simulated,SIMULATED-EXCAVAGUARD-V1,TRUE,
ZQS-02,2026-08-01,wall_top_horizontal_displacement,0.0,mm,positive,0.0,,,S2,持续增长,变形过大,预警,simulated,SIMULATED-EXCAVAGUARD-V1,TRUE,
ZQS-02,2026-08-02,wall_top_horizontal_displacement,0.292,mm,positive,0.0,0.0,24,S2,持续增长,变形过大,预警,simulated,SIMULATED-EXCAVAGUARD-V1,TRUE,
ZQS-02,2026-08-03,wall_top_horizontal_displacement,0.583,mm,positive,0.0,0.292,24,S2,持续增长,变形过大,预警,simulated,SIMULATED-EXCAVAGUARD-V1,TRUE,
ZQS-02,2026-08-04,wall_top_horizontal_displacement,0.875,mm,positive,0.0,0.583,24,S2,持续增长,变形过大,预警,simulated,SIMULATED-EXCAVAGUARD-V1,TRUE,
ZQS-02,2026-08-05,wall_top_horizontal_displacement,1.166,mm,positive,0.0,0.875,24,S2,持续增长,变形过大,预警,simulated,SIMULATED-EXCAVAGUARD-V1,TRUE,
ZQS-02,2026-08-06,wall_top_horizontal_displacement,1.458,mm,positive,0.0,1.166,24,S2,持续增长,变形过大,预警,simulated,SIMULATED-EXCAVAGUARD-V1,TRUE,
ZQS-02,2026-08-07,wall_top_horizontal_displacement,1.749,mm,positive,0.0,1.458,24,S2,持续增长,变形过大,预警,simulated,SIMULATED-EXCAVAGUARD-V1,TRUE,
ZQS-02,2026-08-08,wall_top_horizontal_displacement,2.041,mm,positive,0.0,1.749,24,S2,持续增长,变形过大,预警,simulated,SIMULATED-EXCAVAGUARD-V1,TRUE,
ZQS-02,2026-08-09,wall_top_horizontal_displacement,2.332,mm,positive,0.0,2.041,24,S2,持续增长,变形过大,预警,simulated,SIMULATED-EXCAVAGUARD-V1,TRUE,
ZQS-02,2026-08-10,wall_top_horizontal_displacement,2.624,mm,positive,0.0,2.332,24,S2,持续增长,变形过大,预警,simulated,SIMULATED-EXCAVAGUARD-V1,TRUE,
ZQS-02,2026-08-11,wall_top_horizontal_displacement,2.915,mm,positive,0.0,2.624,24,S2,持续增长,变形过大,预警,simulated,SIMULATED-EXCAVAGUARD-V1,TRUE,
ZQS-02,2026-08-12,wall_top_horizontal_displacement,3.207,mm,positive,0.0,2.915,24,S2,持续增长,变形过大,预警,simulated,SIMULATED-EXCAVAGUARD-V1,TRUE,
ZQS-02,2026-08-13,wall_top_horizontal_displacement,3.498,mm,positive,0.0,3.207,24,S2,持续增长,变形过大,预警,simulated,SIMULATED-EXCAVAGUARD-V1,TRUE,
ZQS-02,2026-08-14,wall_top_horizontal_displacement,3.79,mm,positive,0.0,3.498,24,S2,持续增长,变形过大,预警,simulated,SIMULATED-EXCAVAGUARD-V1,TRUE,
ZQS-02,2026-08-15,wall_top_horizontal_displacement,4.081,mm,positive,0.0,3.79,24,S2,持续增长,变形过大,预警,simulated,SIMULATED-EXCAVAGUARD-V1,TRUE,
ZQS-02,2026-08-16,wall_top_horizontal_displacement,4.373,mm,positive,0.0,4.081,24,S2,持续增长,变形过大,预警,simulated,SIMULATED-EXCAVAGUARD-V1,TRUE,
ZQS-02,2026-08-17,wall_top_horizontal_displacement,4.664,mm,positive,0.0,4.373,24,S2,持续增长,变形过大,预警,simulated,SIMULATED-EXCAVAGUARD-V1,TRUE,
ZQS-02,2026-08-18,wall_top_horizontal_displacement,4.956,mm,positive,0.0,4.664,24,S2,持续增长,变形过大,预警,simulated,SIMULATED-EXCAVAGUARD-V1,TRUE,
ZQS-02,2026-08-19,wall_top_horizontal_displacement,5.247,mm,positive,0.0,4.956,24,S2,持续增长,变形过大,预警,simulated,SIMULATED-EXCAVAGUARD-V1,TRUE,
ZQS-02,2026-08-20,wall_top_horizontal_displacement,5.539,mm,positive,0.0,5.247,24,S2,持续增长,变形过大,预警,simulated,SIMULATED-EXCAVAGUARD-V1,TRUE,
ZQS-02,2026-08-21,wall_top_horizontal_displacement,5.831,mm,positive,0.0,5.539,24,S2,持续增长,变形过大,预警,simulated,SIMULATED-EXCAVAGUARD-V1,TRUE,
ZQS-02,2026-08-22,wall_top_horizontal_displacement,6.122,mm,positive,0.0,5.831,24,S2,持续增长,变形过大,预警,simulated,SIMULATED-EXCAVAGUARD-V1,TRUE,
ZQS-02,2026-08-23,wall_top_horizontal_displacement,6.414,mm,positive,0.0,6.122,24,S2,持续增长,变形过大,预警,simulated,SIMULATED-EXCAVAGUARD-V1,TRUE,
ZQS-02,2026-08-24,wall_top_horizontal_displacement,6.705,mm,positive,0.0,6.414,24,S2,持续增长,变形过大,预警,simulated,SIMULATED-EXCAVAGUARD-V1,TRUE,
ZQS-02,2026-08-25,wall_top_horizontal_displacement,6.997,mm,positive,0.0,6.705,24,S2,持续增长,变形过大,预警,simulated,SIMULATED-EXCAVAGUARD-V1,TRUE,
ZQS-02,2026-08-26,wall_top_horizontal_displacement,7.288,mm,positive,0.0,6.997,24,S2,持续增长,变形过大,预警,simulated,SIMULATED-EXCAVAGUARD-V1,TRUE,
ZQS-02,2026-08-27,wall_top_horizontal_displacement,7.58,mm,positive,0.0,7.288,24,S2,持续增长,变形过大,预警,simulated,SIMULATED-EXCAVAGUARD-V1,TRUE,
ZQS-02,2026-08-28,wall_top_horizontal_displacement,7.871,mm,positive,0.0,7.58,24,S2,持续增长,变形过大,预警,simulated,SIMULATED-EXCAVAGUARD-V1,TRUE,
ZQS-02,2026-08-29,wall_top_horizontal_displacement,8.163,mm,positive,0.0,7.871,24,S2,持续增长,变形过大,预警,simulated,SIMULATED-EXCAVAGUARD-V1,TRUE,
ZQS-02,2026-08-30,wall_top_horizontal_displacement,8.454,mm,positive,0.0,8.163,24,S2,持续增长,变形过大,预警,simulated,SIMULATED-EXCAVAGUARD-V1,TRUE,
ZQS-02,2026-08-31,wall_top_horizontal_displacement,8.746,mm,positive,0.0,8.454,24,S2,持续增长,变形过大,预警,simulated,SIMULATED-EXCAVAGUARD-V1,TRUE,
ZQS-02,2026-09-01,wall_top_horizontal_displacement,9.037,mm,positive,0.0,8.746,24,S2,持续增长,变形过大,预警,simulated,SIMULATED-EXCAVAGUARD-V1,TRUE,
ZQS-02,2026-09-02,wall_top_horizontal_displacement,9.329,mm,positive,0.0,9.037,24,S2,持续增长,变形过大,预警,simulated,SIMULATED-EXCAVAGUARD-V1,TRUE,
ZQS-02,2026-09-03,wall_top_horizontal_displacement,9.62,mm,positive,0.0,9.329,24,S2,持续增长,变形过大,预警,simulated,SIMULATED-EXCAVAGUARD-V1,TRUE,
ZQS-02,2026-09-04,wall_top_horizontal_displacement,9.912,mm,positive,0.0,9.62,24,S2,持续增长,变形过大,预警,simulated,SIMULATED-EXCAVAGUARD-V1,TRUE,
ZQS-02,2026-09-05,wall_top_horizontal_displacement,10.203,mm,positive,0.0,9.912,24,S2,持续增长,变形过大,预警,simulated,SIMULATED-EXCAVAGUARD-V1,TRUE,
ZQS-02,2026-09-06,wall_top_horizontal_displacement,10.495,mm,positive,0.0,10.203,24,S2,持续增长,变形过大,预警,simulated,SIMULATED-EXCAVAGUARD-V1,TRUE,
ZQS-02,2026-09-07,wall_top_horizontal_displacement,10.786,mm,positive,0.0,10.495,24,S2,持续增长,变形过大,预警,simulated,SIMULATED-EXCAVAGUARD-V1,TRUE,
ZQS-02,2026-09-08,wall_top_horizontal_displacement,11.078,mm,positive,0.0,10.786,24,S2,持续增长,变形过大,预警,simulated,SIMULATED-EXCAVAGUARD-V1,TRUE,
ZQS-02,2026-09-09,wall_top_horizontal_displacement,11.369,mm,positive,0.0,11.078,24,S2,持续增长,变形过大,预警,simulated,SIMULATED-EXCAVAGUARD-V1,TRUE,
ZQS-02,2026-09-10,wall_top_horizontal_displacement,11.661,mm,positive,0.0,11.369,24,S2,持续增长,变形过大,预警,simulated,SIMULATED-EXCAVAGUARD-V1,TRUE,
ZQS-02,2026-09-11,wall_top_horizontal_displacement,11.953,mm,positive,0.0,11.661,24,S2,持续增长,变形过大,预警,simulated,SIMULATED-EXCAVAGUARD-V1,TRUE,
ZQS-02,2026-09-12,wall_top_horizontal_displacement,12.244,mm,positive,0.0,11.953,24,S2,持续增长,变形过大,预警,simulated,SIMULATED-EXCAVAGUARD-V1,TRUE,
ZQS-02,2026-09-13,wall_top_horizontal_displacement,12.536,mm,positive,0.0,12.244,24,S2,持续增长,变形过大,预警,simulated,SIMULATED-EXCAVAGUARD-V1,TRUE,
ZQS-02,2026-09-14,wall_top_horizontal_displacement,12.827,mm,positive,0.0,12.536,24,S2,持续增长,变形过大,预警,simulated,SIMULATED-EXCAVAGUARD-V1,TRUE,
ZQS-02,2026-09-15,wall_top_horizontal_displacement,13.119,mm,positive,0.0,12.827,24,S2,持续增长,变形过大,预警,simulated,SIMULATED-EXCAVAGUARD-V1,TRUE,
ZQS-02,2026-09-16,wall_top_horizontal_displacement,13.41,mm,positive,0.0,13.119,24,S2,持续增长,变形过大,预警,simulated,SIMULATED-EXCAVAGUARD-V1,TRUE,
ZQS-02,2026-09-17,wall_top_horizontal_displacement,13.702,mm,positive,0.0,13.41,24,S2,持续增长,变形过大,预警,simulated,SIMULATED-EXCAVAGUARD-V1,TRUE,
ZQS-02,2026-09-18,wall_top_horizontal_displacement,13.993,mm,positive,0.0,13.702,24,S2,持续增长,变形过大,预警,simulated,SIMULATED-EXCAVAGUARD-V1,TRUE,
ZQS-02,2026-09-19,wall_top_horizontal_displacement,14.285,mm,positive,0.0,13.993,24,S2,持续增长,变形过大,预警,simulated,SIMULATED-EXCAVAGUARD-V1,TRUE,
ZQS-02,2026-09-20,wall_top_horizontal_displacement,14.576,mm,positive,0.0,14.285,24,S2,持续增长,变形过大,预警,simulated,SIMULATED-EXCAVAGUARD-V1,TRUE,
ZQS-02,2026-09-21,wall_top_horizontal_displacement,14.868,mm,positive,0.0,14.576,24,S2,持续增长,变形过大,预警,simulated,SIMULATED-EXCAVAGUARD-V1,TRUE,
ZQS-02,2026-09-22,wall_top_horizontal_displacement,15.159,mm,positive,0.0,14.868,24,S2,持续增长,变形过大,预警,simulated,SIMULATED-EXCAVAGUARD-V1,TRUE,
ZQS-02,2026-09-23,wall_top_horizontal_displacement,15.451,mm,positive,0.0,15.159,24,S2,持续增长,变形过大,预警,simulated,SIMULATED-EXCAVAGUARD-V1,TRUE,
ZQS-02,2026-09-24,wall_top_horizontal_displacement,15.742,mm,positive,0.0,15.451,24,S2,持续增长,变形过大,预警,simulated,SIMULATED-EXCAVAGUARD-V1,TRUE,
ZQS-02,2026-09-25,wall_top_horizontal_displacement,16.034,mm,positive,0.0,15.742,24,S2,持续增长,变形过大,预警,simulated,SIMULATED-EXCAVAGUARD-V1,TRUE,
ZQS-02,2026-09-26,wall_top_horizontal_displacement,16.325,mm,positive,0.0,16.034,24,S2,持续增长,变形过大,预警,simulated,SIMULATED-EXCAVAGUARD-V1,TRUE,
ZQS-02,2026-09-27,wall_top_horizontal_displacement,16.617,mm,positive,0.0,16.325,24,S2,持续增长,变形过大,预警,simulated,SIMULATED-EXCAVAGUARD-V1,TRUE,
ZQS-02,2026-09-28,wall_top_horizontal_displacement,16.908,mm,positive,0.0,16.617,24,S2,持续增长,变形过大,预警,simulated,SIMULATED-EXCAVAGUARD-V1,TRUE,
ZQS-02,2026-09-29,wall_top_horizontal_displacement,17.2,mm,positive,0.0,16.908,24,S2,持续增长,变形过大,预警,simulated,SIMULATED-EXCAVAGUARD-V1,TRUE,
CX-01,2026-08-01,deep_horizontal_displacement,0.0,mm,positive,0.0,,,S2,持续增长,变形过大,预警,simulated,SIMULATED-EXCAVAGUARD-V1,TRUE,
CX-01,2026-08-02,deep_horizontal_displacement,0.449,mm,positive,0.0,0.0,24,S2,持续增长,变形过大,预警,simulated,SIMULATED-EXCAVAGUARD-V1,TRUE,
CX-01,2026-08-03,deep_horizontal_displacement,0.898,mm,positive,0.0,0.449,24,S2,持续增长,变形过大,预警,simulated,SIMULATED-EXCAVAGUARD-V1,TRUE,
CX-01,2026-08-04,deep_horizontal_displacement,1.347,mm,positive,0.0,0.898,24,S2,持续增长,变形过大,预警,simulated,SIMULATED-EXCAVAGUARD-V1,TRUE,
CX-01,2026-08-05,deep_horizontal_displacement,1.797,mm,positive,0.0,1.347,24,S2,持续增长,变形过大,预警,simulated,SIMULATED-EXCAVAGUARD-V1,TRUE,
CX-01,2026-08-06,deep_horizontal_displacement,2.246,mm,positive,0.0,1.797,24,S2,持续增长,变形过大,预警,simulated,SIMULATED-EXCAVAGUARD-V1,TRUE,
CX-01,2026-08-07,deep_horizontal_displacement,2.695,mm,positive,0.0,2.246,24,S2,持续增长,变形过大,预警,simulated,SIMULATED-EXCAVAGUARD-V1,TRUE,
CX-01,2026-08-08,deep_horizontal_displacement,3.144,mm,positive,0.0,2.695,24,S2,持续增长,变形过大,预警,simulated,SIMULATED-EXCAVAGUARD-V1,TRUE,
CX-01,2026-08-09,deep_horizontal_displacement,3.593,mm,positive,0.0,3.144,24,S2,持续增长,变形过大,预警,simulated,SIMULATED-EXCAVAGUARD-V1,TRUE,
CX-01,2026-08-10,deep_horizontal_displacement,4.042,mm,positive,0.0,3.593,24,S2,持续增长,变形过大,预警,simulated,SIMULATED-EXCAVAGUARD-V1,TRUE,
CX-01,2026-08-11,deep_horizontal_displacement,4.492,mm,positive,0.0,4.042,24,S2,持续增长,变形过大,预警,simulated,SIMULATED-EXCAVAGUARD-V1,TRUE,
CX-01,2026-08-12,deep_horizontal_displacement,4.941,mm,positive,0.0,4.492,24,S2,持续增长,变形过大,预警,simulated,SIMULATED-EXCAVAGUARD-V1,TRUE,
CX-01,2026-08-13,deep_horizontal_displacement,5.39,mm,positive,0.0,4.941,24,S2,持续增长,变形过大,预警,simulated,SIMULATED-EXCAVAGUARD-V1,TRUE,
CX-01,2026-08-14,deep_horizontal_displacement,5.839,mm,positive,0.0,5.39,24,S2,持续增长,变形过大,预警,simulated,SIMULATED-EXCAVAGUARD-V1,TRUE,
CX-01,2026-08-15,deep_horizontal_displacement,6.288,mm,positive,0.0,5.839,24,S2,持续增长,变形过大,预警,simulated,SIMULATED-EXCAVAGUARD-V1,TRUE,
CX-01,2026-08-16,deep_horizontal_displacement,6.737,mm,positive,0.0,6.288,24,S2,持续增长,变形过大,预警,simulated,SIMULATED-EXCAVAGUARD-V1,TRUE,
CX-01,2026-08-17,deep_horizontal_displacement,7.186,mm,positive,0.0,6.737,24,S2,持续增长,变形过大,预警,simulated,SIMULATED-EXCAVAGUARD-V1,TRUE,
CX-01,2026-08-18,deep_horizontal_displacement,7.636,mm,positive,0.0,7.186,24,S2,持续增长,变形过大,预警,simulated,SIMULATED-EXCAVAGUARD-V1,TRUE,
CX-01,2026-08-19,deep_horizontal_displacement,8.085,mm,positive,0.0,7.636,24,S2,持续增长,变形过大,预警,simulated,SIMULATED-EXCAVAGUARD-V1,TRUE,
CX-01,2026-08-20,deep_horizontal_displacement,8.534,mm,positive,0.0,8.085,24,S2,持续增长,变形过大,预警,simulated,SIMULATED-EXCAVAGUARD-V1,TRUE,
CX-01,2026-08-21,deep_horizontal_displacement,8.983,mm,positive,0.0,8.534,24,S2,持续增长,变形过大,预警,simulated,SIMULATED-EXCAVAGUARD-V1,TRUE,
CX-01,2026-08-22,deep_horizontal_displacement,9.432,mm,positive,0.0,8.983,24,S2,持续增长,变形过大,预警,simulated,SIMULATED-EXCAVAGUARD-V1,TRUE,
CX-01,2026-08-23,deep_horizontal_displacement,9.881,mm,positive,0.0,9.432,24,S2,持续增长,变形过大,预警,simulated,SIMULATED-EXCAVAGUARD-V1,TRUE,
CX-01,2026-08-24,deep_horizontal_displacement,10.331,mm,positive,0.0,9.881,24,S2,持续增长,变形过大,预警,simulated,SIMULATED-EXCAVAGUARD-V1,TRUE,
CX-01,2026-08-25,deep_horizontal_displacement,10.78,mm,positive,0.0,10.331,24,S2,持续增长,变形过大,预警,simulated,SIMULATED-EXCAVAGUARD-V1,TRUE,
CX-01,2026-08-26,deep_horizontal_displacement,11.229,mm,positive,0.0,10.78,24,S2,持续增长,变形过大,预警,simulated,SIMULATED-EXCAVAGUARD-V1,TRUE,
CX-01,2026-08-27,deep_horizontal_displacement,11.678,mm,positive,0.0,11.229,24,S2,持续增长,变形过大,预警,simulated,SIMULATED-EXCAVAGUARD-V1,TRUE,
CX-01,2026-08-28,deep_horizontal_displacement,12.127,mm,positive,0.0,11.678,24,S2,持续增长,变形过大,预警,simulated,SIMULATED-EXCAVAGUARD-V1,TRUE,
CX-01,2026-08-29,deep_horizontal_displacement,12.576,mm,positive,0.0,12.127,24,S2,持续增长,变形过大,预警,simulated,SIMULATED-EXCAVAGUARD-V1,TRUE,
CX-01,2026-08-30,deep_horizontal_displacement,13.025,mm,positive,0.0,12.576,24,S2,持续增长,变形过大,预警,simulated,SIMULATED-EXCAVAGUARD-V1,TRUE,
CX-01,2026-08-31,deep_horizontal_displacement,13.475,mm,positive,0.0,13.025,24,S2,持续增长,变形过大,预警,simulated,SIMULATED-EXCAVAGUARD-V1,TRUE,
CX-01,2026-09-01,deep_horizontal_displacement,13.924,mm,positive,0.0,13.475,24,S2,持续增长,变形过大,预警,simulated,SIMULATED-EXCAVAGUARD-V1,TRUE,
CX-01,2026-09-02,deep_horizontal_displacement,14.373,mm,positive,0.0,13.924,24,S2,持续增长,变形过大,预警,simulated,SIMULATED-EXCAVAGUARD-V1,TRUE,
CX-01,2026-09-03,deep_horizontal_displacement,14.822,mm,positive,0.0,14.373,24,S2,持续增长,变形过大,预警,simulated,SIMULATED-EXCAVAGUARD-V1,TRUE,
CX-01,2026-09-04,deep_horizontal_displacement,15.271,mm,positive,0.0,14.822,24,S2,持续增长,变形过大,预警,simulated,SIMULATED-EXCAVAGUARD-V1,TRUE,
CX-01,2026-09-05,deep_horizontal_displacement,15.72,mm,positive,0.0,15.271,24,S2,持续增长,变形过大,预警,simulated,SIMULATED-EXCAVAGUARD-V1,TRUE,
CX-01,2026-09-06,deep_horizontal_displacement,16.169,mm,positive,0.0,15.72,24,S2,持续增长,变形过大,预警,simulated,SIMULATED-EXCAVAGUARD-V1,TRUE,
CX-01,2026-09-07,deep_horizontal_displacement,16.619,mm,positive,0.0,16.169,24,S2,持续增长,变形过大,预警,simulated,SIMULATED-EXCAVAGUARD-V1,TRUE,
CX-01,2026-09-08,deep_horizontal_displacement,17.068,mm,positive,0.0,16.619,24,S2,持续增长,变形过大,预警,simulated,SIMULATED-EXCAVAGUARD-V1,TRUE,
CX-01,2026-09-09,deep_horizontal_displacement,17.517,mm,positive,0.0,17.068,24,S2,持续增长,变形过大,预警,simulated,SIMULATED-EXCAVAGUARD-V1,TRUE,
CX-01,2026-09-10,deep_horizontal_displacement,17.966,mm,positive,0.0,17.517,24,S2,持续增长,变形过大,预警,simulated,SIMULATED-EXCAVAGUARD-V1,TRUE,
CX-01,2026-09-11,deep_horizontal_displacement,18.415,mm,positive,0.0,17.966,24,S2,持续增长,变形过大,预警,simulated,SIMULATED-EXCAVAGUARD-V1,TRUE,
CX-01,2026-09-12,deep_horizontal_displacement,18.864,mm,positive,0.0,18.415,24,S2,持续增长,变形过大,预警,simulated,SIMULATED-EXCAVAGUARD-V1,TRUE,
CX-01,2026-09-13,deep_horizontal_displacement,19.314,mm,positive,0.0,18.864,24,S2,持续增长,变形过大,预警,simulated,SIMULATED-EXCAVAGUARD-V1,TRUE,
CX-01,2026-09-14,deep_horizontal_displacement,19.763,mm,positive,0.0,19.314,24,S2,持续增长,变形过大,预警,simulated,SIMULATED-EXCAVAGUARD-V1,TRUE,
CX-01,2026-09-15,deep_horizontal_displacement,20.212,mm,positive,0.0,19.763,24,S2,持续增长,变形过大,预警,simulated,SIMULATED-EXCAVAGUARD-V1,TRUE,
CX-01,2026-09-16,deep_horizontal_displacement,20.661,mm,positive,0.0,20.212,24,S2,持续增长,变形过大,预警,simulated,SIMULATED-EXCAVAGUARD-V1,TRUE,
CX-01,2026-09-17,deep_horizontal_displacement,21.11,mm,positive,0.0,20.661,24,S2,持续增长,变形过大,预警,simulated,SIMULATED-EXCAVAGUARD-V1,TRUE,
CX-01,2026-09-18,deep_horizontal_displacement,21.559,mm,positive,0.0,21.11,24,S2,持续增长,变形过大,预警,simulated,SIMULATED-EXCAVAGUARD-V1,TRUE,
CX-01,2026-09-19,deep_horizontal_displacement,22.008,mm,positive,0.0,21.559,24,S2,持续增长,变形过大,预警,simulated,SIMULATED-EXCAVAGUARD-V1,TRUE,
CX-01,2026-09-20,deep_horizontal_displacement,22.458,mm,positive,0.0,22.008,24,S2,持续增长,变形过大,预警,simulated,SIMULATED-EXCAVAGUARD-V1,TRUE,
CX-01,2026-09-21,deep_horizontal_displacement,22.907,mm,positive,0.0,22.458,24,S2,持续增长,变形过大,预警,simulated,SIMULATED-EXCAVAGUARD-V1,TRUE,
CX-01,2026-09-22,deep_horizontal_displacement,23.356,mm,positive,0.0,22.907,24,S2,持续增长,变形过大,预警,simulated,SIMULATED-EXCAVAGUARD-V1,TRUE,
CX-01,2026-09-23,deep_horizontal_displacement,23.805,mm,positive,0.0,23.356,24,S2,持续增长,变形过大,预警,simulated,SIMULATED-EXCAVAGUARD-V1,TRUE,
CX-01,2026-09-24,deep_horizontal_displacement,24.254,mm,positive,0.0,23.805,24,S2,持续增长,变形过大,预警,simulated,SIMULATED-EXCAVAGUARD-V1,TRUE,
CX-01,2026-09-25,deep_horizontal_displacement,24.703,mm,positive,0.0,24.254,24,S2,持续增长,变形过大,预警,simulated,SIMULATED-EXCAVAGUARD-V1,TRUE,
CX-01,2026-09-26,deep_horizontal_displacement,25.153,mm,positive,0.0,24.703,24,S2,持续增长,变形过大,预警,simulated,SIMULATED-EXCAVAGUARD-V1,TRUE,
CX-01,2026-09-27,deep_horizontal_displacement,25.602,mm,positive,0.0,25.153,24,S2,持续增长,变形过大,预警,simulated,SIMULATED-EXCAVAGUARD-V1,TRUE,
CX-01,2026-09-28,deep_horizontal_displacement,26.051,mm,positive,0.0,25.602,24,S2,持续增长,变形过大,预警,simulated,SIMULATED-EXCAVAGUARD-V1,TRUE,
CX-01,2026-09-29,deep_horizontal_displacement,26.5,mm,positive,0.0,26.051,24,S2,持续增长,变形过大,预警,simulated,SIMULATED-EXCAVAGUARD-V1,TRUE,
DB-02,2026-08-01,surface_settlement,-0.0,mm,negative,-0.0,,,S2,持续增长,变形过大,预警,simulated,SIMULATED-EXCAVAGUARD-V1,TRUE,
DB-02,2026-08-02,surface_settlement,-0.364,mm,negative,-0.0,-0.0,24,S2,持续增长,变形过大,预警,simulated,SIMULATED-EXCAVAGUARD-V1,TRUE,
DB-02,2026-08-03,surface_settlement,-0.729,mm,negative,-0.0,-0.364,24,S2,持续增长,变形过大,预警,simulated,SIMULATED-EXCAVAGUARD-V1,TRUE,
DB-02,2026-08-04,surface_settlement,-1.093,mm,negative,-0.0,-0.729,24,S2,持续增长,变形过大,预警,simulated,SIMULATED-EXCAVAGUARD-V1,TRUE,
DB-02,2026-08-05,surface_settlement,-1.458,mm,negative,-0.0,-1.093,24,S2,持续增长,变形过大,预警,simulated,SIMULATED-EXCAVAGUARD-V1,TRUE,
DB-02,2026-08-06,surface_settlement,-1.822,mm,negative,-0.0,-1.458,24,S2,持续增长,变形过大,预警,simulated,SIMULATED-EXCAVAGUARD-V1,TRUE,
DB-02,2026-08-07,surface_settlement,-2.186,mm,negative,-0.0,-1.822,24,S2,持续增长,变形过大,预警,simulated,SIMULATED-EXCAVAGUARD-V1,TRUE,
DB-02,2026-08-08,surface_settlement,-2.551,mm,negative,-0.0,-2.186,24,S2,持续增长,变形过大,预警,simulated,SIMULATED-EXCAVAGUARD-V1,TRUE,
DB-02,2026-08-09,surface_settlement,-2.915,mm,negative,-0.0,-2.551,24,S2,持续增长,变形过大,预警,simulated,SIMULATED-EXCAVAGUARD-V1,TRUE,
DB-02,2026-08-10,surface_settlement,-3.28,mm,negative,-0.0,-2.915,24,S2,持续增长,变形过大,预警,simulated,SIMULATED-EXCAVAGUARD-V1,TRUE,
DB-02,2026-08-11,surface_settlement,-3.644,mm,negative,-0.0,-3.28,24,S2,持续增长,变形过大,预警,simulated,SIMULATED-EXCAVAGUARD-V1,TRUE,
DB-02,2026-08-12,surface_settlement,-4.008,mm,negative,-0.0,-3.644,24,S2,持续增长,变形过大,预警,simulated,SIMULATED-EXCAVAGUARD-V1,TRUE,
DB-02,2026-08-13,surface_settlement,-4.373,mm,negative,-0.0,-4.008,24,S2,持续增长,变形过大,预警,simulated,SIMULATED-EXCAVAGUARD-V1,TRUE,
DB-02,2026-08-14,surface_settlement,-4.737,mm,negative,-0.0,-4.373,24,S2,持续增长,变形过大,预警,simulated,SIMULATED-EXCAVAGUARD-V1,TRUE,
DB-02,2026-08-15,surface_settlement,-5.102,mm,negative,-0.0,-4.737,24,S2,持续增长,变形过大,预警,simulated,SIMULATED-EXCAVAGUARD-V1,TRUE,
DB-02,2026-08-16,surface_settlement,-5.466,mm,negative,-0.0,-5.102,24,S2,持续增长,变形过大,预警,simulated,SIMULATED-EXCAVAGUARD-V1,TRUE,
DB-02,2026-08-17,surface_settlement,-5.831,mm,negative,-0.0,-5.466,24,S2,持续增长,变形过大,预警,simulated,SIMULATED-EXCAVAGUARD-V1,TRUE,
DB-02,2026-08-18,surface_settlement,-6.195,mm,negative,-0.0,-5.831,24,S2,持续增长,变形过大,预警,simulated,SIMULATED-EXCAVAGUARD-V1,TRUE,
DB-02,2026-08-19,surface_settlement,-6.559,mm,negative,-0.0,-6.195,24,S2,持续增长,变形过大,预警,simulated,SIMULATED-EXCAVAGUARD-V1,TRUE,
DB-02,2026-08-20,surface_settlement,-6.924,mm,negative,-0.0,-6.559,24,S2,持续增长,变形过大,预警,simulated,SIMULATED-EXCAVAGUARD-V1,TRUE,
DB-02,2026-08-21,surface_settlement,-7.288,mm,negative,-0.0,-6.924,24,S2,持续增长,变形过大,预警,simulated,SIMULATED-EXCAVAGUARD-V1,TRUE,
DB-02,2026-08-22,surface_settlement,-7.653,mm,negative,-0.0,-7.288,24,S2,持续增长,变形过大,预警,simulated,SIMULATED-EXCAVAGUARD-V1,TRUE,
DB-02,2026-08-23,surface_settlement,-8.017,mm,negative,-0.0,-7.653,24,S2,持续增长,变形过大,预警,simulated,SIMULATED-EXCAVAGUARD-V1,TRUE,
DB-02,2026-08-24,surface_settlement,-8.381,mm,negative,-0.0,-8.017,24,S2,持续增长,变形过大,预警,simulated,SIMULATED-EXCAVAGUARD-V1,TRUE,
DB-02,2026-08-25,surface_settlement,-8.746,mm,negative,-0.0,-8.381,24,S2,持续增长,变形过大,预警,simulated,SIMULATED-EXCAVAGUARD-V1,TRUE,
DB-02,2026-08-26,surface_settlement,-9.11,mm,negative,-0.0,-8.746,24,S2,持续增长,变形过大,预警,simulated,SIMULATED-EXCAVAGUARD-V1,TRUE,
DB-02,2026-08-27,surface_settlement,-9.475,mm,negative,-0.0,-9.11,24,S2,持续增长,变形过大,预警,simulated,SIMULATED-EXCAVAGUARD-V1,TRUE,
DB-02,2026-08-28,surface_settlement,-9.839,mm,negative,-0.0,-9.475,24,S2,持续增长,变形过大,预警,simulated,SIMULATED-EXCAVAGUARD-V1,TRUE,
DB-02,2026-08-29,surface_settlement,-10.203,mm,negative,-0.0,-9.839,24,S2,持续增长,变形过大,预警,simulated,SIMULATED-EXCAVAGUARD-V1,TRUE,
DB-02,2026-08-30,surface_settlement,-10.568,mm,negative,-0.0,-10.203,24,S2,持续增长,变形过大,预警,simulated,SIMULATED-EXCAVAGUARD-V1,TRUE,
DB-02,2026-08-31,surface_settlement,-10.932,mm,negative,-0.0,-10.568,24,S2,持续增长,变形过大,预警,simulated,SIMULATED-EXCAVAGUARD-V1,TRUE,
DB-02,2026-09-01,surface_settlement,-11.297,mm,negative,-0.0,-10.932,24,S2,持续增长,变形过大,预警,simulated,SIMULATED-EXCAVAGUARD-V1,TRUE,
DB-02,2026-09-02,surface_settlement,-11.661,mm,negative,-0.0,-11.297,24,S2,持续增长,变形过大,预警,simulated,SIMULATED-EXCAVAGUARD-V1,TRUE,
DB-02,2026-09-03,surface_settlement,-12.025,mm,negative,-0.0,-11.661,24,S2,持续增长,变形过大,预警,simulated,SIMULATED-EXCAVAGUARD-V1,TRUE,
DB-02,2026-09-04,surface_settlement,-12.39,mm,negative,-0.0,-12.025,24,S2,持续增长,变形过大,预警,simulated,SIMULATED-EXCAVAGUARD-V1,TRUE,
DB-02,2026-09-05,surface_settlement,-12.754,mm,negative,-0.0,-12.39,24,S2,持续增长,变形过大,预警,simulated,SIMULATED-EXCAVAGUARD-V1,TRUE,
DB-02,2026-09-06,surface_settlement,-13.119,mm,negative,-0.0,-12.754,24,S2,持续增长,变形过大,预警,simulated,SIMULATED-EXCAVAGUARD-V1,TRUE,
DB-02,2026-09-07,surface_settlement,-13.483,mm,negative,-0.0,-13.119,24,S2,持续增长,变形过大,预警,simulated,SIMULATED-EXCAVAGUARD-V1,TRUE,
DB-02,2026-09-08,surface_settlement,-13.847,mm,negative,-0.0,-13.483,24,S2,持续增长,变形过大,预警,simulated,SIMULATED-EXCAVAGUARD-V1,TRUE,
DB-02,2026-09-09,surface_settlement,-14.212,mm,negative,-0.0,-13.847,24,S2,持续增长,变形过大,预警,simulated,SIMULATED-EXCAVAGUARD-V1,TRUE,
DB-02,2026-09-10,surface_settlement,-14.576,mm,negative,-0.0,-14.212,24,S2,持续增长,变形过大,预警,simulated,SIMULATED-EXCAVAGUARD-V1,TRUE,
DB-02,2026-09-11,surface_settlement,-14.941,mm,negative,-0.0,-14.576,24,S2,持续增长,变形过大,预警,simulated,SIMULATED-EXCAVAGUARD-V1,TRUE,
DB-02,2026-09-12,surface_settlement,-15.305,mm,negative,-0.0,-14.941,24,S2,持续增长,变形过大,预警,simulated,SIMULATED-EXCAVAGUARD-V1,TRUE,
DB-02,2026-09-13,surface_settlement,-15.669,mm,negative,-0.0,-15.305,24,S2,持续增长,变形过大,预警,simulated,SIMULATED-EXCAVAGUARD-V1,TRUE,
DB-02,2026-09-14,surface_settlement,-16.034,mm,negative,-0.0,-15.669,24,S2,持续增长,变形过大,预警,simulated,SIMULATED-EXCAVAGUARD-V1,TRUE,
DB-02,2026-09-15,surface_settlement,-16.398,mm,negative,-0.0,-16.034,24,S2,持续增长,变形过大,预警,simulated,SIMULATED-EXCAVAGUARD-V1,TRUE,
DB-02,2026-09-16,surface_settlement,-16.763,mm,negative,-0.0,-16.398,24,S2,持续增长,变形过大,预警,simulated,SIMULATED-EXCAVAGUARD-V1,TRUE,
DB-02,2026-09-17,surface_settlement,-17.127,mm,negative,-0.0,-16.763,24,S2,持续增长,变形过大,预警,simulated,SIMULATED-EXCAVAGUARD-V1,TRUE,
DB-02,2026-09-18,surface_settlement,-17.492,mm,negative,-0.0,-17.127,24,S2,持续增长,变形过大,预警,simulated,SIMULATED-EXCAVAGUARD-V1,TRUE,
DB-02,2026-09-19,surface_settlement,-17.856,mm,negative,-0.0,-17.492,24,S2,持续增长,变形过大,预警,simulated,SIMULATED-EXCAVAGUARD-V1,TRUE,
DB-02,2026-09-20,surface_settlement,-18.22,mm,negative,-0.0,-17.856,24,S2,持续增长,变形过大,预警,simulated,SIMULATED-EXCAVAGUARD-V1,TRUE,
DB-02,2026-09-21,surface_settlement,-18.585,mm,negative,-0.0,-18.22,24,S2,持续增长,变形过大,预警,simulated,SIMULATED-EXCAVAGUARD-V1,TRUE,
DB-02,2026-09-22,surface_settlement,-18.949,mm,negative,-0.0,-18.585,24,S2,持续增长,变形过大,预警,simulated,SIMULATED-EXCAVAGUARD-V1,TRUE,
DB-02,2026-09-23,surface_settlement,-19.314,mm,negative,-0.0,-18.949,24,S2,持续增长,变形过大,预警,simulated,SIMULATED-EXCAVAGUARD-V1,TRUE,
DB-02,2026-09-24,surface_settlement,-19.678,mm,negative,-0.0,-19.314,24,S2,持续增长,变形过大,预警,simulated,SIMULATED-EXCAVAGUARD-V1,TRUE,
DB-02,2026-09-25,surface_settlement,-20.042,mm,negative,-0.0,-19.678,24,S2,持续增长,变形过大,预警,simulated,SIMULATED-EXCAVAGUARD-V1,TRUE,
DB-02,2026-09-26,surface_settlement,-20.407,mm,negative,-0.0,-20.042,24,S2,持续增长,变形过大,预警,simulated,SIMULATED-EXCAVAGUARD-V1,TRUE,
DB-02,2026-09-27,surface_settlement,-20.771,mm,negative,-0.0,-20.407,24,S2,持续增长,变形过大,预警,simulated,SIMULATED-EXCAVAGUARD-V1,TRUE,
DB-02,2026-09-28,surface_settlement,-21.136,mm,negative,-0.0,-20.771,24,S2,持续增长,变形过大,预警,simulated,SIMULATED-EXCAVAGUARD-V1,TRUE,
DB-02,2026-09-29,surface_settlement,-21.5,mm,negative,-0.0,-21.136,24,S2,持续增长,变形过大,预警,simulated,SIMULATED-EXCAVAGUARD-V1,TRUE,
ZQS-03,2026-08-01,wall_top_horizontal_displacement,0.0,mm,positive,0.0,,,S3,突变异常,变形过大/支护受力异常,报警,simulated,SIMULATED-EXCAVAGUARD-V1,TRUE,
ZQS-03,2026-08-02,wall_top_horizontal_displacement,0.085,mm,positive,0.0,0.0,24,S3,突变异常,变形过大/支护受力异常,报警,simulated,SIMULATED-EXCAVAGUARD-V1,TRUE,
ZQS-03,2026-08-03,wall_top_horizontal_displacement,0.169,mm,positive,0.0,0.085,24,S3,突变异常,变形过大/支护受力异常,报警,simulated,SIMULATED-EXCAVAGUARD-V1,TRUE,
ZQS-03,2026-08-04,wall_top_horizontal_displacement,0.254,mm,positive,0.0,0.169,24,S3,突变异常,变形过大/支护受力异常,报警,simulated,SIMULATED-EXCAVAGUARD-V1,TRUE,
ZQS-03,2026-08-05,wall_top_horizontal_displacement,0.339,mm,positive,0.0,0.254,24,S3,突变异常,变形过大/支护受力异常,报警,simulated,SIMULATED-EXCAVAGUARD-V1,TRUE,
ZQS-03,2026-08-06,wall_top_horizontal_displacement,0.424,mm,positive,0.0,0.339,24,S3,突变异常,变形过大/支护受力异常,报警,simulated,SIMULATED-EXCAVAGUARD-V1,TRUE,
ZQS-03,2026-08-07,wall_top_horizontal_displacement,0.508,mm,positive,0.0,0.424,24,S3,突变异常,变形过大/支护受力异常,报警,simulated,SIMULATED-EXCAVAGUARD-V1,TRUE,
ZQS-03,2026-08-08,wall_top_horizontal_displacement,0.593,mm,positive,0.0,0.508,24,S3,突变异常,变形过大/支护受力异常,报警,simulated,SIMULATED-EXCAVAGUARD-V1,TRUE,
ZQS-03,2026-08-09,wall_top_horizontal_displacement,0.678,mm,positive,0.0,0.593,24,S3,突变异常,变形过大/支护受力异常,报警,simulated,SIMULATED-EXCAVAGUARD-V1,TRUE,
ZQS-03,2026-08-10,wall_top_horizontal_displacement,0.763,mm,positive,0.0,0.678,24,S3,突变异常,变形过大/支护受力异常,报警,simulated,SIMULATED-EXCAVAGUARD-V1,TRUE,
ZQS-03,2026-08-11,wall_top_horizontal_displacement,0.847,mm,positive,0.0,0.763,24,S3,突变异常,变形过大/支护受力异常,报警,simulated,SIMULATED-EXCAVAGUARD-V1,TRUE,
ZQS-03,2026-08-12,wall_top_horizontal_displacement,0.932,mm,positive,0.0,0.847,24,S3,突变异常,变形过大/支护受力异常,报警,simulated,SIMULATED-EXCAVAGUARD-V1,TRUE,
ZQS-03,2026-08-13,wall_top_horizontal_displacement,1.017,mm,positive,0.0,0.932,24,S3,突变异常,变形过大/支护受力异常,报警,simulated,SIMULATED-EXCAVAGUARD-V1,TRUE,
ZQS-03,2026-08-14,wall_top_horizontal_displacement,1.102,mm,positive,0.0,1.017,24,S3,突变异常,变形过大/支护受力异常,报警,simulated,SIMULATED-EXCAVAGUARD-V1,TRUE,
ZQS-03,2026-08-15,wall_top_horizontal_displacement,1.186,mm,positive,0.0,1.102,24,S3,突变异常,变形过大/支护受力异常,报警,simulated,SIMULATED-EXCAVAGUARD-V1,TRUE,
ZQS-03,2026-08-16,wall_top_horizontal_displacement,1.271,mm,positive,0.0,1.186,24,S3,突变异常,变形过大/支护受力异常,报警,simulated,SIMULATED-EXCAVAGUARD-V1,TRUE,
ZQS-03,2026-08-17,wall_top_horizontal_displacement,1.356,mm,positive,0.0,1.271,24,S3,突变异常,变形过大/支护受力异常,报警,simulated,SIMULATED-EXCAVAGUARD-V1,TRUE,
ZQS-03,2026-08-18,wall_top_horizontal_displacement,1.441,mm,positive,0.0,1.356,24,S3,突变异常,变形过大/支护受力异常,报警,simulated,SIMULATED-EXCAVAGUARD-V1,TRUE,
ZQS-03,2026-08-19,wall_top_horizontal_displacement,1.525,mm,positive,0.0,1.441,24,S3,突变异常,变形过大/支护受力异常,报警,simulated,SIMULATED-EXCAVAGUARD-V1,TRUE,
ZQS-03,2026-08-20,wall_top_horizontal_displacement,1.61,mm,positive,0.0,1.525,24,S3,突变异常,变形过大/支护受力异常,报警,simulated,SIMULATED-EXCAVAGUARD-V1,TRUE,
ZQS-03,2026-08-21,wall_top_horizontal_displacement,1.695,mm,positive,0.0,1.61,24,S3,突变异常,变形过大/支护受力异常,报警,simulated,SIMULATED-EXCAVAGUARD-V1,TRUE,
ZQS-03,2026-08-22,wall_top_horizontal_displacement,1.78,mm,positive,0.0,1.695,24,S3,突变异常,变形过大/支护受力异常,报警,simulated,SIMULATED-EXCAVAGUARD-V1,TRUE,
ZQS-03,2026-08-23,wall_top_horizontal_displacement,1.864,mm,positive,0.0,1.78,24,S3,突变异常,变形过大/支护受力异常,报警,simulated,SIMULATED-EXCAVAGUARD-V1,TRUE,
ZQS-03,2026-08-24,wall_top_horizontal_displacement,1.949,mm,positive,0.0,1.864,24,S3,突变异常,变形过大/支护受力异常,报警,simulated,SIMULATED-EXCAVAGUARD-V1,TRUE,
ZQS-03,2026-08-25,wall_top_horizontal_displacement,2.034,mm,positive,0.0,1.949,24,S3,突变异常,变形过大/支护受力异常,报警,simulated,SIMULATED-EXCAVAGUARD-V1,TRUE,
ZQS-03,2026-08-26,wall_top_horizontal_displacement,2.119,mm,positive,0.0,2.034,24,S3,突变异常,变形过大/支护受力异常,报警,simulated,SIMULATED-EXCAVAGUARD-V1,TRUE,
ZQS-03,2026-08-27,wall_top_horizontal_displacement,2.203,mm,positive,0.0,2.119,24,S3,突变异常,变形过大/支护受力异常,报警,simulated,SIMULATED-EXCAVAGUARD-V1,TRUE,
ZQS-03,2026-08-28,wall_top_horizontal_displacement,2.288,mm,positive,0.0,2.203,24,S3,突变异常,变形过大/支护受力异常,报警,simulated,SIMULATED-EXCAVAGUARD-V1,TRUE,
ZQS-03,2026-08-29,wall_top_horizontal_displacement,2.373,mm,positive,0.0,2.288,24,S3,突变异常,变形过大/支护受力异常,报警,simulated,SIMULATED-EXCAVAGUARD-V1,TRUE,
ZQS-03,2026-08-30,wall_top_horizontal_displacement,2.458,mm,positive,0.0,2.373,24,S3,突变异常,变形过大/支护受力异常,报警,simulated,SIMULATED-EXCAVAGUARD-V1,TRUE,
ZQS-03,2026-08-31,wall_top_horizontal_displacement,4.742,mm,positive,0.0,2.458,24,S3,突变异常,变形过大/支护受力异常,报警,simulated,SIMULATED-EXCAVAGUARD-V1,TRUE,
ZQS-03,2026-09-01,wall_top_horizontal_displacement,4.827,mm,positive,0.0,4.742,24,S3,突变异常,变形过大/支护受力异常,报警,simulated,SIMULATED-EXCAVAGUARD-V1,TRUE,
ZQS-03,2026-09-02,wall_top_horizontal_displacement,4.912,mm,positive,0.0,4.827,24,S3,突变异常,变形过大/支护受力异常,报警,simulated,SIMULATED-EXCAVAGUARD-V1,TRUE,
ZQS-03,2026-09-03,wall_top_horizontal_displacement,4.997,mm,positive,0.0,4.912,24,S3,突变异常,变形过大/支护受力异常,报警,simulated,SIMULATED-EXCAVAGUARD-V1,TRUE,
ZQS-03,2026-09-04,wall_top_horizontal_displacement,5.081,mm,positive,0.0,4.997,24,S3,突变异常,变形过大/支护受力异常,报警,simulated,SIMULATED-EXCAVAGUARD-V1,TRUE,
ZQS-03,2026-09-05,wall_top_horizontal_displacement,5.166,mm,positive,0.0,5.081,24,S3,突变异常,变形过大/支护受力异常,报警,simulated,SIMULATED-EXCAVAGUARD-V1,TRUE,
ZQS-03,2026-09-06,wall_top_horizontal_displacement,5.251,mm,positive,0.0,5.166,24,S3,突变异常,变形过大/支护受力异常,报警,simulated,SIMULATED-EXCAVAGUARD-V1,TRUE,
ZQS-03,2026-09-07,wall_top_horizontal_displacement,5.336,mm,positive,0.0,5.251,24,S3,突变异常,变形过大/支护受力异常,报警,simulated,SIMULATED-EXCAVAGUARD-V1,TRUE,
ZQS-03,2026-09-08,wall_top_horizontal_displacement,5.42,mm,positive,0.0,5.336,24,S3,突变异常,变形过大/支护受力异常,报警,simulated,SIMULATED-EXCAVAGUARD-V1,TRUE,
ZQS-03,2026-09-09,wall_top_horizontal_displacement,5.505,mm,positive,0.0,5.42,24,S3,突变异常,变形过大/支护受力异常,报警,simulated,SIMULATED-EXCAVAGUARD-V1,TRUE,
ZQS-03,2026-09-10,wall_top_horizontal_displacement,5.59,mm,positive,0.0,5.505,24,S3,突变异常,变形过大/支护受力异常,报警,simulated,SIMULATED-EXCAVAGUARD-V1,TRUE,
ZQS-03,2026-09-11,wall_top_horizontal_displacement,5.675,mm,positive,0.0,5.59,24,S3,突变异常,变形过大/支护受力异常,报警,simulated,SIMULATED-EXCAVAGUARD-V1,TRUE,
ZQS-03,2026-09-12,wall_top_horizontal_displacement,5.759,mm,positive,0.0,5.675,24,S3,突变异常,变形过大/支护受力异常,报警,simulated,SIMULATED-EXCAVAGUARD-V1,TRUE,
ZQS-03,2026-09-13,wall_top_horizontal_displacement,5.844,mm,positive,0.0,5.759,24,S3,突变异常,变形过大/支护受力异常,报警,simulated,SIMULATED-EXCAVAGUARD-V1,TRUE,
ZQS-03,2026-09-14,wall_top_horizontal_displacement,5.929,mm,positive,0.0,5.844,24,S3,突变异常,变形过大/支护受力异常,报警,simulated,SIMULATED-EXCAVAGUARD-V1,TRUE,
ZQS-03,2026-09-15,wall_top_horizontal_displacement,6.014,mm,positive,0.0,5.929,24,S3,突变异常,变形过大/支护受力异常,报警,simulated,SIMULATED-EXCAVAGUARD-V1,TRUE,
ZQS-03,2026-09-16,wall_top_horizontal_displacement,6.098,mm,positive,0.0,6.014,24,S3,突变异常,变形过大/支护受力异常,报警,simulated,SIMULATED-EXCAVAGUARD-V1,TRUE,
ZQS-03,2026-09-17,wall_top_horizontal_displacement,6.183,mm,positive,0.0,6.098,24,S3,突变异常,变形过大/支护受力异常,报警,simulated,SIMULATED-EXCAVAGUARD-V1,TRUE,
ZQS-03,2026-09-18,wall_top_horizontal_displacement,6.268,mm,positive,0.0,6.183,24,S3,突变异常,变形过大/支护受力异常,报警,simulated,SIMULATED-EXCAVAGUARD-V1,TRUE,
ZQS-03,2026-09-19,wall_top_horizontal_displacement,6.353,mm,positive,0.0,6.268,24,S3,突变异常,变形过大/支护受力异常,报警,simulated,SIMULATED-EXCAVAGUARD-V1,TRUE,
ZQS-03,2026-09-20,wall_top_horizontal_displacement,6.437,mm,positive,0.0,6.353,24,S3,突变异常,变形过大/支护受力异常,报警,simulated,SIMULATED-EXCAVAGUARD-V1,TRUE,
ZQS-03,2026-09-21,wall_top_horizontal_displacement,6.522,mm,positive,0.0,6.437,24,S3,突变异常,变形过大/支护受力异常,报警,simulated,SIMULATED-EXCAVAGUARD-V1,TRUE,
ZQS-03,2026-09-22,wall_top_horizontal_displacement,6.607,mm,positive,0.0,6.522,24,S3,突变异常,变形过大/支护受力异常,报警,simulated,SIMULATED-EXCAVAGUARD-V1,TRUE,
ZQS-03,2026-09-23,wall_top_horizontal_displacement,6.692,mm,positive,0.0,6.607,24,S3,突变异常,变形过大/支护受力异常,报警,simulated,SIMULATED-EXCAVAGUARD-V1,TRUE,
ZQS-03,2026-09-24,wall_top_horizontal_displacement,6.776,mm,positive,0.0,6.692,24,S3,突变异常,变形过大/支护受力异常,报警,simulated,SIMULATED-EXCAVAGUARD-V1,TRUE,
ZQS-03,2026-09-25,wall_top_horizontal_displacement,6.861,mm,positive,0.0,6.776,24,S3,突变异常,变形过大/支护受力异常,报警,simulated,SIMULATED-EXCAVAGUARD-V1,TRUE,
ZQS-03,2026-09-26,wall_top_horizontal_displacement,6.946,mm,positive,0.0,6.861,24,S3,突变异常,变形过大/支护受力异常,报警,simulated,SIMULATED-EXCAVAGUARD-V1,TRUE,
ZQS-03,2026-09-27,wall_top_horizontal_displacement,7.031,mm,positive,0.0,6.946,24,S3,突变异常,变形过大/支护受力异常,报警,simulated,SIMULATED-EXCAVAGUARD-V1,TRUE,
ZQS-03,2026-09-28,wall_top_horizontal_displacement,7.115,mm,positive,0.0,7.031,24,S3,突变异常,变形过大/支护受力异常,报警,simulated,SIMULATED-EXCAVAGUARD-V1,TRUE,
ZQS-03,2026-09-29,wall_top_horizontal_displacement,7.2,mm,positive,0.0,7.115,24,S3,突变异常,变形过大/支护受力异常,报警,simulated,SIMULATED-EXCAVAGUARD-V1,TRUE,
ZL-01,2026-08-01,support_axial_force,0.0,kN,positive,0.0,,,S3,突变异常,变形过大/支护受力异常,报警,simulated,SIMULATED-EXCAVAGUARD-V1,TRUE,
ZL-01,2026-08-02,support_axial_force,6.78,kN,positive,0.0,0.0,24,S3,突变异常,变形过大/支护受力异常,报警,simulated,SIMULATED-EXCAVAGUARD-V1,TRUE,
ZL-01,2026-08-03,support_axial_force,13.559,kN,positive,0.0,6.78,24,S3,突变异常,变形过大/支护受力异常,报警,simulated,SIMULATED-EXCAVAGUARD-V1,TRUE,
ZL-01,2026-08-04,support_axial_force,20.339,kN,positive,0.0,13.559,24,S3,突变异常,变形过大/支护受力异常,报警,simulated,SIMULATED-EXCAVAGUARD-V1,TRUE,
ZL-01,2026-08-05,support_axial_force,27.119,kN,positive,0.0,20.339,24,S3,突变异常,变形过大/支护受力异常,报警,simulated,SIMULATED-EXCAVAGUARD-V1,TRUE,
ZL-01,2026-08-06,support_axial_force,33.898,kN,positive,0.0,27.119,24,S3,突变异常,变形过大/支护受力异常,报警,simulated,SIMULATED-EXCAVAGUARD-V1,TRUE,
ZL-01,2026-08-07,support_axial_force,40.678,kN,positive,0.0,33.898,24,S3,突变异常,变形过大/支护受力异常,报警,simulated,SIMULATED-EXCAVAGUARD-V1,TRUE,
ZL-01,2026-08-08,support_axial_force,47.458,kN,positive,0.0,40.678,24,S3,突变异常,变形过大/支护受力异常,报警,simulated,SIMULATED-EXCAVAGUARD-V1,TRUE,
ZL-01,2026-08-09,support_axial_force,54.237,kN,positive,0.0,47.458,24,S3,突变异常,变形过大/支护受力异常,报警,simulated,SIMULATED-EXCAVAGUARD-V1,TRUE,
ZL-01,2026-08-10,support_axial_force,61.017,kN,positive,0.0,54.237,24,S3,突变异常,变形过大/支护受力异常,报警,simulated,SIMULATED-EXCAVAGUARD-V1,TRUE,
ZL-01,2026-08-11,support_axial_force,67.797,kN,positive,0.0,61.017,24,S3,突变异常,变形过大/支护受力异常,报警,simulated,SIMULATED-EXCAVAGUARD-V1,TRUE,
ZL-01,2026-08-12,support_axial_force,74.576,kN,positive,0.0,67.797,24,S3,突变异常,变形过大/支护受力异常,报警,simulated,SIMULATED-EXCAVAGUARD-V1,TRUE,
ZL-01,2026-08-13,support_axial_force,81.356,kN,positive,0.0,74.576,24,S3,突变异常,变形过大/支护受力异常,报警,simulated,SIMULATED-EXCAVAGUARD-V1,TRUE,
ZL-01,2026-08-14,support_axial_force,88.136,kN,positive,0.0,81.356,24,S3,突变异常,变形过大/支护受力异常,报警,simulated,SIMULATED-EXCAVAGUARD-V1,TRUE,
ZL-01,2026-08-15,support_axial_force,94.915,kN,positive,0.0,88.136,24,S3,突变异常,变形过大/支护受力异常,报警,simulated,SIMULATED-EXCAVAGUARD-V1,TRUE,
ZL-01,2026-08-16,support_axial_force,101.695,kN,positive,0.0,94.915,24,S3,突变异常,变形过大/支护受力异常,报警,simulated,SIMULATED-EXCAVAGUARD-V1,TRUE,
ZL-01,2026-08-17,support_axial_force,108.475,kN,positive,0.0,101.695,24,S3,突变异常,变形过大/支护受力异常,报警,simulated,SIMULATED-EXCAVAGUARD-V1,TRUE,
ZL-01,2026-08-18,support_axial_force,115.254,kN,positive,0.0,108.475,24,S3,突变异常,变形过大/支护受力异常,报警,simulated,SIMULATED-EXCAVAGUARD-V1,TRUE,
ZL-01,2026-08-19,support_axial_force,122.034,kN,positive,0.0,115.254,24,S3,突变异常,变形过大/支护受力异常,报警,simulated,SIMULATED-EXCAVAGUARD-V1,TRUE,
ZL-01,2026-08-20,support_axial_force,128.814,kN,positive,0.0,122.034,24,S3,突变异常,变形过大/支护受力异常,报警,simulated,SIMULATED-EXCAVAGUARD-V1,TRUE,
ZL-01,2026-08-21,support_axial_force,135.593,kN,positive,0.0,128.814,24,S3,突变异常,变形过大/支护受力异常,报警,simulated,SIMULATED-EXCAVAGUARD-V1,TRUE,
ZL-01,2026-08-22,support_axial_force,142.373,kN,positive,0.0,135.593,24,S3,突变异常,变形过大/支护受力异常,报警,simulated,SIMULATED-EXCAVAGUARD-V1,TRUE,
ZL-01,2026-08-23,support_axial_force,149.153,kN,positive,0.0,142.373,24,S3,突变异常,变形过大/支护受力异常,报警,simulated,SIMULATED-EXCAVAGUARD-V1,TRUE,
ZL-01,2026-08-24,support_axial_force,155.932,kN,positive,0.0,149.153,24,S3,突变异常,变形过大/支护受力异常,报警,simulated,SIMULATED-EXCAVAGUARD-V1,TRUE,
ZL-01,2026-08-25,support_axial_force,162.712,kN,positive,0.0,155.932,24,S3,突变异常,变形过大/支护受力异常,报警,simulated,SIMULATED-EXCAVAGUARD-V1,TRUE,
ZL-01,2026-08-26,support_axial_force,169.492,kN,positive,0.0,162.712,24,S3,突变异常,变形过大/支护受力异常,报警,simulated,SIMULATED-EXCAVAGUARD-V1,TRUE,
ZL-01,2026-08-27,support_axial_force,176.271,kN,positive,0.0,169.492,24,S3,突变异常,变形过大/支护受力异常,报警,simulated,SIMULATED-EXCAVAGUARD-V1,TRUE,
ZL-01,2026-08-28,support_axial_force,183.051,kN,positive,0.0,176.271,24,S3,突变异常,变形过大/支护受力异常,报警,simulated,SIMULATED-EXCAVAGUARD-V1,TRUE,
ZL-01,2026-08-29,support_axial_force,189.831,kN,positive,0.0,183.051,24,S3,突变异常,变形过大/支护受力异常,报警,simulated,SIMULATED-EXCAVAGUARD-V1,TRUE,
ZL-01,2026-08-30,support_axial_force,196.61,kN,positive,0.0,189.831,24,S3,突变异常,变形过大/支护受力异常,报警,simulated,SIMULATED-EXCAVAGUARD-V1,TRUE,
ZL-01,2026-08-31,support_axial_force,503.39,kN,positive,0.0,196.61,24,S3,突变异常,变形过大/支护受力异常,报警,simulated,SIMULATED-EXCAVAGUARD-V1,TRUE,
ZL-01,2026-09-01,support_axial_force,510.169,kN,positive,0.0,503.39,24,S3,突变异常,变形过大/支护受力异常,报警,simulated,SIMULATED-EXCAVAGUARD-V1,TRUE,
ZL-01,2026-09-02,support_axial_force,516.949,kN,positive,0.0,510.169,24,S3,突变异常,变形过大/支护受力异常,报警,simulated,SIMULATED-EXCAVAGUARD-V1,TRUE,
ZL-01,2026-09-03,support_axial_force,523.729,kN,positive,0.0,516.949,24,S3,突变异常,变形过大/支护受力异常,报警,simulated,SIMULATED-EXCAVAGUARD-V1,TRUE,
ZL-01,2026-09-04,support_axial_force,530.508,kN,positive,0.0,523.729,24,S3,突变异常,变形过大/支护受力异常,报警,simulated,SIMULATED-EXCAVAGUARD-V1,TRUE,
ZL-01,2026-09-05,support_axial_force,537.288,kN,positive,0.0,530.508,24,S3,突变异常,变形过大/支护受力异常,报警,simulated,SIMULATED-EXCAVAGUARD-V1,TRUE,
ZL-01,2026-09-06,support_axial_force,544.068,kN,positive,0.0,537.288,24,S3,突变异常,变形过大/支护受力异常,报警,simulated,SIMULATED-EXCAVAGUARD-V1,TRUE,
ZL-01,2026-09-07,support_axial_force,550.847,kN,positive,0.0,544.068,24,S3,突变异常,变形过大/支护受力异常,报警,simulated,SIMULATED-EXCAVAGUARD-V1,TRUE,
ZL-01,2026-09-08,support_axial_force,557.627,kN,positive,0.0,550.847,24,S3,突变异常,变形过大/支护受力异常,报警,simulated,SIMULATED-EXCAVAGUARD-V1,TRUE,
ZL-01,2026-09-09,support_axial_force,564.407,kN,positive,0.0,557.627,24,S3,突变异常,变形过大/支护受力异常,报警,simulated,SIMULATED-EXCAVAGUARD-V1,TRUE,
ZL-01,2026-09-10,support_axial_force,571.186,kN,positive,0.0,564.407,24,S3,突变异常,变形过大/支护受力异常,报警,simulated,SIMULATED-EXCAVAGUARD-V1,TRUE,
ZL-01,2026-09-11,support_axial_force,577.966,kN,positive,0.0,571.186,24,S3,突变异常,变形过大/支护受力异常,报警,simulated,SIMULATED-EXCAVAGUARD-V1,TRUE,
ZL-01,2026-09-12,support_axial_force,584.746,kN,positive,0.0,577.966,24,S3,突变异常,变形过大/支护受力异常,报警,simulated,SIMULATED-EXCAVAGUARD-V1,TRUE,
ZL-01,2026-09-13,support_axial_force,591.525,kN,positive,0.0,584.746,24,S3,突变异常,变形过大/支护受力异常,报警,simulated,SIMULATED-EXCAVAGUARD-V1,TRUE,
ZL-01,2026-09-14,support_axial_force,598.305,kN,positive,0.0,591.525,24,S3,突变异常,变形过大/支护受力异常,报警,simulated,SIMULATED-EXCAVAGUARD-V1,TRUE,
ZL-01,2026-09-15,support_axial_force,605.085,kN,positive,0.0,598.305,24,S3,突变异常,变形过大/支护受力异常,报警,simulated,SIMULATED-EXCAVAGUARD-V1,TRUE,
ZL-01,2026-09-16,support_axial_force,611.864,kN,positive,0.0,605.085,24,S3,突变异常,变形过大/支护受力异常,报警,simulated,SIMULATED-EXCAVAGUARD-V1,TRUE,
ZL-01,2026-09-17,support_axial_force,618.644,kN,positive,0.0,611.864,24,S3,突变异常,变形过大/支护受力异常,报警,simulated,SIMULATED-EXCAVAGUARD-V1,TRUE,
ZL-01,2026-09-18,support_axial_force,625.424,kN,positive,0.0,618.644,24,S3,突变异常,变形过大/支护受力异常,报警,simulated,SIMULATED-EXCAVAGUARD-V1,TRUE,
ZL-01,2026-09-19,support_axial_force,632.203,kN,positive,0.0,625.424,24,S3,突变异常,变形过大/支护受力异常,报警,simulated,SIMULATED-EXCAVAGUARD-V1,TRUE,
ZL-01,2026-09-20,support_axial_force,638.983,kN,positive,0.0,632.203,24,S3,突变异常,变形过大/支护受力异常,报警,simulated,SIMULATED-EXCAVAGUARD-V1,TRUE,
ZL-01,2026-09-21,support_axial_force,645.763,kN,positive,0.0,638.983,24,S3,突变异常,变形过大/支护受力异常,报警,simulated,SIMULATED-EXCAVAGUARD-V1,TRUE,
ZL-01,2026-09-22,support_axial_force,652.542,kN,positive,0.0,645.763,24,S3,突变异常,变形过大/支护受力异常,报警,simulated,SIMULATED-EXCAVAGUARD-V1,TRUE,
ZL-01,2026-09-23,support_axial_force,659.322,kN,positive,0.0,652.542,24,S3,突变异常,变形过大/支护受力异常,报警,simulated,SIMULATED-EXCAVAGUARD-V1,TRUE,
ZL-01,2026-09-24,support_axial_force,666.102,kN,positive,0.0,659.322,24,S3,突变异常,变形过大/支护受力异常,报警,simulated,SIMULATED-EXCAVAGUARD-V1,TRUE,
ZL-01,2026-09-25,support_axial_force,672.881,kN,positive,0.0,666.102,24,S3,突变异常,变形过大/支护受力异常,报警,simulated,SIMULATED-EXCAVAGUARD-V1,TRUE,
ZL-01,2026-09-26,support_axial_force,679.661,kN,positive,0.0,672.881,24,S3,突变异常,变形过大/支护受力异常,报警,simulated,SIMULATED-EXCAVAGUARD-V1,TRUE,
ZL-01,2026-09-27,support_axial_force,686.441,kN,positive,0.0,679.661,24,S3,突变异常,变形过大/支护受力异常,报警,simulated,SIMULATED-EXCAVAGUARD-V1,TRUE,
ZL-01,2026-09-28,support_axial_force,693.22,kN,positive,0.0,686.441,24,S3,突变异常,变形过大/支护受力异常,报警,simulated,SIMULATED-EXCAVAGUARD-V1,TRUE,
ZL-01,2026-09-29,support_axial_force,700.0,kN,positive,0.0,693.22,24,S3,突变异常,变形过大/支护受力异常,报警,simulated,SIMULATED-EXCAVAGUARD-V1,TRUE,
ZQS-04,2026-08-01,wall_top_horizontal_displacement,0.0,mm,positive,0.0,,,S4,累计值超限,变形过大,报警,simulated,SIMULATED-EXCAVAGUARD-V1,TRUE,
ZQS-04,2026-08-02,wall_top_horizontal_displacement,0.364,mm,positive,0.0,0.0,24,S4,累计值超限,变形过大,报警,simulated,SIMULATED-EXCAVAGUARD-V1,TRUE,
ZQS-04,2026-08-03,wall_top_horizontal_displacement,0.729,mm,positive,0.0,0.364,24,S4,累计值超限,变形过大,报警,simulated,SIMULATED-EXCAVAGUARD-V1,TRUE,
ZQS-04,2026-08-04,wall_top_horizontal_displacement,1.093,mm,positive,0.0,0.729,24,S4,累计值超限,变形过大,报警,simulated,SIMULATED-EXCAVAGUARD-V1,TRUE,
ZQS-04,2026-08-05,wall_top_horizontal_displacement,1.458,mm,positive,0.0,1.093,24,S4,累计值超限,变形过大,报警,simulated,SIMULATED-EXCAVAGUARD-V1,TRUE,
ZQS-04,2026-08-06,wall_top_horizontal_displacement,1.822,mm,positive,0.0,1.458,24,S4,累计值超限,变形过大,报警,simulated,SIMULATED-EXCAVAGUARD-V1,TRUE,
ZQS-04,2026-08-07,wall_top_horizontal_displacement,2.186,mm,positive,0.0,1.822,24,S4,累计值超限,变形过大,报警,simulated,SIMULATED-EXCAVAGUARD-V1,TRUE,
ZQS-04,2026-08-08,wall_top_horizontal_displacement,2.551,mm,positive,0.0,2.186,24,S4,累计值超限,变形过大,报警,simulated,SIMULATED-EXCAVAGUARD-V1,TRUE,
ZQS-04,2026-08-09,wall_top_horizontal_displacement,2.915,mm,positive,0.0,2.551,24,S4,累计值超限,变形过大,报警,simulated,SIMULATED-EXCAVAGUARD-V1,TRUE,
ZQS-04,2026-08-10,wall_top_horizontal_displacement,3.28,mm,positive,0.0,2.915,24,S4,累计值超限,变形过大,报警,simulated,SIMULATED-EXCAVAGUARD-V1,TRUE,
ZQS-04,2026-08-11,wall_top_horizontal_displacement,3.644,mm,positive,0.0,3.28,24,S4,累计值超限,变形过大,报警,simulated,SIMULATED-EXCAVAGUARD-V1,TRUE,
ZQS-04,2026-08-12,wall_top_horizontal_displacement,4.008,mm,positive,0.0,3.644,24,S4,累计值超限,变形过大,报警,simulated,SIMULATED-EXCAVAGUARD-V1,TRUE,
ZQS-04,2026-08-13,wall_top_horizontal_displacement,4.373,mm,positive,0.0,4.008,24,S4,累计值超限,变形过大,报警,simulated,SIMULATED-EXCAVAGUARD-V1,TRUE,
ZQS-04,2026-08-14,wall_top_horizontal_displacement,4.737,mm,positive,0.0,4.373,24,S4,累计值超限,变形过大,报警,simulated,SIMULATED-EXCAVAGUARD-V1,TRUE,
ZQS-04,2026-08-15,wall_top_horizontal_displacement,5.102,mm,positive,0.0,4.737,24,S4,累计值超限,变形过大,报警,simulated,SIMULATED-EXCAVAGUARD-V1,TRUE,
ZQS-04,2026-08-16,wall_top_horizontal_displacement,5.466,mm,positive,0.0,5.102,24,S4,累计值超限,变形过大,报警,simulated,SIMULATED-EXCAVAGUARD-V1,TRUE,
ZQS-04,2026-08-17,wall_top_horizontal_displacement,5.831,mm,positive,0.0,5.466,24,S4,累计值超限,变形过大,报警,simulated,SIMULATED-EXCAVAGUARD-V1,TRUE,
ZQS-04,2026-08-18,wall_top_horizontal_displacement,6.195,mm,positive,0.0,5.831,24,S4,累计值超限,变形过大,报警,simulated,SIMULATED-EXCAVAGUARD-V1,TRUE,
ZQS-04,2026-08-19,wall_top_horizontal_displacement,6.559,mm,positive,0.0,6.195,24,S4,累计值超限,变形过大,报警,simulated,SIMULATED-EXCAVAGUARD-V1,TRUE,
ZQS-04,2026-08-20,wall_top_horizontal_displacement,6.924,mm,positive,0.0,6.559,24,S4,累计值超限,变形过大,报警,simulated,SIMULATED-EXCAVAGUARD-V1,TRUE,
ZQS-04,2026-08-21,wall_top_horizontal_displacement,7.288,mm,positive,0.0,6.924,24,S4,累计值超限,变形过大,报警,simulated,SIMULATED-EXCAVAGUARD-V1,TRUE,
ZQS-04,2026-08-22,wall_top_horizontal_displacement,7.653,mm,positive,0.0,7.288,24,S4,累计值超限,变形过大,报警,simulated,SIMULATED-EXCAVAGUARD-V1,TRUE,
ZQS-04,2026-08-23,wall_top_horizontal_displacement,8.017,mm,positive,0.0,7.653,24,S4,累计值超限,变形过大,报警,simulated,SIMULATED-EXCAVAGUARD-V1,TRUE,
ZQS-04,2026-08-24,wall_top_horizontal_displacement,8.381,mm,positive,0.0,8.017,24,S4,累计值超限,变形过大,报警,simulated,SIMULATED-EXCAVAGUARD-V1,TRUE,
ZQS-04,2026-08-25,wall_top_horizontal_displacement,8.746,mm,positive,0.0,8.381,24,S4,累计值超限,变形过大,报警,simulated,SIMULATED-EXCAVAGUARD-V1,TRUE,
ZQS-04,2026-08-26,wall_top_horizontal_displacement,9.11,mm,positive,0.0,8.746,24,S4,累计值超限,变形过大,报警,simulated,SIMULATED-EXCAVAGUARD-V1,TRUE,
ZQS-04,2026-08-27,wall_top_horizontal_displacement,9.475,mm,positive,0.0,9.11,24,S4,累计值超限,变形过大,报警,simulated,SIMULATED-EXCAVAGUARD-V1,TRUE,
ZQS-04,2026-08-28,wall_top_horizontal_displacement,9.839,mm,positive,0.0,9.475,24,S4,累计值超限,变形过大,报警,simulated,SIMULATED-EXCAVAGUARD-V1,TRUE,
ZQS-04,2026-08-29,wall_top_horizontal_displacement,10.203,mm,positive,0.0,9.839,24,S4,累计值超限,变形过大,报警,simulated,SIMULATED-EXCAVAGUARD-V1,TRUE,
ZQS-04,2026-08-30,wall_top_horizontal_displacement,10.568,mm,positive,0.0,10.203,24,S4,累计值超限,变形过大,报警,simulated,SIMULATED-EXCAVAGUARD-V1,TRUE,
ZQS-04,2026-08-31,wall_top_horizontal_displacement,10.932,mm,positive,0.0,10.568,24,S4,累计值超限,变形过大,报警,simulated,SIMULATED-EXCAVAGUARD-V1,TRUE,
ZQS-04,2026-09-01,wall_top_horizontal_displacement,11.297,mm,positive,0.0,10.932,24,S4,累计值超限,变形过大,报警,simulated,SIMULATED-EXCAVAGUARD-V1,TRUE,
ZQS-04,2026-09-02,wall_top_horizontal_displacement,11.661,mm,positive,0.0,11.297,24,S4,累计值超限,变形过大,报警,simulated,SIMULATED-EXCAVAGUARD-V1,TRUE,
ZQS-04,2026-09-03,wall_top_horizontal_displacement,12.025,mm,positive,0.0,11.661,24,S4,累计值超限,变形过大,报警,simulated,SIMULATED-EXCAVAGUARD-V1,TRUE,
ZQS-04,2026-09-04,wall_top_horizontal_displacement,12.39,mm,positive,0.0,12.025,24,S4,累计值超限,变形过大,报警,simulated,SIMULATED-EXCAVAGUARD-V1,TRUE,
ZQS-04,2026-09-05,wall_top_horizontal_displacement,12.754,mm,positive,0.0,12.39,24,S4,累计值超限,变形过大,报警,simulated,SIMULATED-EXCAVAGUARD-V1,TRUE,
ZQS-04,2026-09-06,wall_top_horizontal_displacement,13.119,mm,positive,0.0,12.754,24,S4,累计值超限,变形过大,报警,simulated,SIMULATED-EXCAVAGUARD-V1,TRUE,
ZQS-04,2026-09-07,wall_top_horizontal_displacement,13.483,mm,positive,0.0,13.119,24,S4,累计值超限,变形过大,报警,simulated,SIMULATED-EXCAVAGUARD-V1,TRUE,
ZQS-04,2026-09-08,wall_top_horizontal_displacement,13.847,mm,positive,0.0,13.483,24,S4,累计值超限,变形过大,报警,simulated,SIMULATED-EXCAVAGUARD-V1,TRUE,
ZQS-04,2026-09-09,wall_top_horizontal_displacement,14.212,mm,positive,0.0,13.847,24,S4,累计值超限,变形过大,报警,simulated,SIMULATED-EXCAVAGUARD-V1,TRUE,
ZQS-04,2026-09-10,wall_top_horizontal_displacement,14.576,mm,positive,0.0,14.212,24,S4,累计值超限,变形过大,报警,simulated,SIMULATED-EXCAVAGUARD-V1,TRUE,
ZQS-04,2026-09-11,wall_top_horizontal_displacement,14.941,mm,positive,0.0,14.576,24,S4,累计值超限,变形过大,报警,simulated,SIMULATED-EXCAVAGUARD-V1,TRUE,
ZQS-04,2026-09-12,wall_top_horizontal_displacement,15.305,mm,positive,0.0,14.941,24,S4,累计值超限,变形过大,报警,simulated,SIMULATED-EXCAVAGUARD-V1,TRUE,
ZQS-04,2026-09-13,wall_top_horizontal_displacement,15.669,mm,positive,0.0,15.305,24,S4,累计值超限,变形过大,报警,simulated,SIMULATED-EXCAVAGUARD-V1,TRUE,
ZQS-04,2026-09-14,wall_top_horizontal_displacement,16.034,mm,positive,0.0,15.669,24,S4,累计值超限,变形过大,报警,simulated,SIMULATED-EXCAVAGUARD-V1,TRUE,
ZQS-04,2026-09-15,wall_top_horizontal_displacement,16.398,mm,positive,0.0,16.034,24,S4,累计值超限,变形过大,报警,simulated,SIMULATED-EXCAVAGUARD-V1,TRUE,
ZQS-04,2026-09-16,wall_top_horizontal_displacement,16.763,mm,positive,0.0,16.398,24,S4,累计值超限,变形过大,报警,simulated,SIMULATED-EXCAVAGUARD-V1,TRUE,
ZQS-04,2026-09-17,wall_top_horizontal_displacement,17.127,mm,positive,0.0,16.763,24,S4,累计值超限,变形过大,报警,simulated,SIMULATED-EXCAVAGUARD-V1,TRUE,
ZQS-04,2026-09-18,wall_top_horizontal_displacement,17.492,mm,positive,0.0,17.127,24,S4,累计值超限,变形过大,报警,simulated,SIMULATED-EXCAVAGUARD-V1,TRUE,
ZQS-04,2026-09-19,wall_top_horizontal_displacement,17.856,mm,positive,0.0,17.492,24,S4,累计值超限,变形过大,报警,simulated,SIMULATED-EXCAVAGUARD-V1,TRUE,
ZQS-04,2026-09-20,wall_top_horizontal_displacement,18.22,mm,positive,0.0,17.856,24,S4,累计值超限,变形过大,报警,simulated,SIMULATED-EXCAVAGUARD-V1,TRUE,
ZQS-04,2026-09-21,wall_top_horizontal_displacement,18.585,mm,positive,0.0,18.22,24,S4,累计值超限,变形过大,报警,simulated,SIMULATED-EXCAVAGUARD-V1,TRUE,
ZQS-04,2026-09-22,wall_top_horizontal_displacement,18.949,mm,positive,0.0,18.585,24,S4,累计值超限,变形过大,报警,simulated,SIMULATED-EXCAVAGUARD-V1,TRUE,
ZQS-04,2026-09-23,wall_top_horizontal_displacement,19.314,mm,positive,0.0,18.949,24,S4,累计值超限,变形过大,报警,simulated,SIMULATED-EXCAVAGUARD-V1,TRUE,
ZQS-04,2026-09-24,wall_top_horizontal_displacement,19.678,mm,positive,0.0,19.314,24,S4,累计值超限,变形过大,报警,simulated,SIMULATED-EXCAVAGUARD-V1,TRUE,
ZQS-04,2026-09-25,wall_top_horizontal_displacement,20.042,mm,positive,0.0,19.678,24,S4,累计值超限,变形过大,报警,simulated,SIMULATED-EXCAVAGUARD-V1,TRUE,
ZQS-04,2026-09-26,wall_top_horizontal_displacement,20.407,mm,positive,0.0,20.042,24,S4,累计值超限,变形过大,报警,simulated,SIMULATED-EXCAVAGUARD-V1,TRUE,
ZQS-04,2026-09-27,wall_top_horizontal_displacement,20.771,mm,positive,0.0,20.407,24,S4,累计值超限,变形过大,报警,simulated,SIMULATED-EXCAVAGUARD-V1,TRUE,
ZQS-04,2026-09-28,wall_top_horizontal_displacement,21.136,mm,positive,0.0,20.771,24,S4,累计值超限,变形过大,报警,simulated,SIMULATED-EXCAVAGUARD-V1,TRUE,
ZQS-04,2026-09-29,wall_top_horizontal_displacement,21.5,mm,positive,0.0,21.136,24,S4,累计值超限,变形过大,报警,simulated,SIMULATED-EXCAVAGUARD-V1,TRUE,
CX-02,2026-08-01,deep_horizontal_displacement,0.0,mm,positive,0.0,,,S4,累计值超限,变形过大,报警,simulated,SIMULATED-EXCAVAGUARD-V1,TRUE,
CX-02,2026-08-02,deep_horizontal_displacement,0.568,mm,positive,0.0,0.0,24,S4,累计值超限,变形过大,报警,simulated,SIMULATED-EXCAVAGUARD-V1,TRUE,
CX-02,2026-08-03,deep_horizontal_displacement,1.136,mm,positive,0.0,0.568,24,S4,累计值超限,变形过大,报警,simulated,SIMULATED-EXCAVAGUARD-V1,TRUE,
CX-02,2026-08-04,deep_horizontal_displacement,1.703,mm,positive,0.0,1.136,24,S4,累计值超限,变形过大,报警,simulated,SIMULATED-EXCAVAGUARD-V1,TRUE,
CX-02,2026-08-05,deep_horizontal_displacement,2.271,mm,positive,0.0,1.703,24,S4,累计值超限,变形过大,报警,simulated,SIMULATED-EXCAVAGUARD-V1,TRUE,
CX-02,2026-08-06,deep_horizontal_displacement,2.839,mm,positive,0.0,2.271,24,S4,累计值超限,变形过大,报警,simulated,SIMULATED-EXCAVAGUARD-V1,TRUE,
CX-02,2026-08-07,deep_horizontal_displacement,3.407,mm,positive,0.0,2.839,24,S4,累计值超限,变形过大,报警,simulated,SIMULATED-EXCAVAGUARD-V1,TRUE,
CX-02,2026-08-08,deep_horizontal_displacement,3.975,mm,positive,0.0,3.407,24,S4,累计值超限,变形过大,报警,simulated,SIMULATED-EXCAVAGUARD-V1,TRUE,
CX-02,2026-08-09,deep_horizontal_displacement,4.542,mm,positive,0.0,3.975,24,S4,累计值超限,变形过大,报警,simulated,SIMULATED-EXCAVAGUARD-V1,TRUE,
CX-02,2026-08-10,deep_horizontal_displacement,5.11,mm,positive,0.0,4.542,24,S4,累计值超限,变形过大,报警,simulated,SIMULATED-EXCAVAGUARD-V1,TRUE,
CX-02,2026-08-11,deep_horizontal_displacement,5.678,mm,positive,0.0,5.11,24,S4,累计值超限,变形过大,报警,simulated,SIMULATED-EXCAVAGUARD-V1,TRUE,
CX-02,2026-08-12,deep_horizontal_displacement,6.246,mm,positive,0.0,5.678,24,S4,累计值超限,变形过大,报警,simulated,SIMULATED-EXCAVAGUARD-V1,TRUE,
CX-02,2026-08-13,deep_horizontal_displacement,6.814,mm,positive,0.0,6.246,24,S4,累计值超限,变形过大,报警,simulated,SIMULATED-EXCAVAGUARD-V1,TRUE,
CX-02,2026-08-14,deep_horizontal_displacement,7.381,mm,positive,0.0,6.814,24,S4,累计值超限,变形过大,报警,simulated,SIMULATED-EXCAVAGUARD-V1,TRUE,
CX-02,2026-08-15,deep_horizontal_displacement,7.949,mm,positive,0.0,7.381,24,S4,累计值超限,变形过大,报警,simulated,SIMULATED-EXCAVAGUARD-V1,TRUE,
CX-02,2026-08-16,deep_horizontal_displacement,8.517,mm,positive,0.0,7.949,24,S4,累计值超限,变形过大,报警,simulated,SIMULATED-EXCAVAGUARD-V1,TRUE,
CX-02,2026-08-17,deep_horizontal_displacement,9.085,mm,positive,0.0,8.517,24,S4,累计值超限,变形过大,报警,simulated,SIMULATED-EXCAVAGUARD-V1,TRUE,
CX-02,2026-08-18,deep_horizontal_displacement,9.653,mm,positive,0.0,9.085,24,S4,累计值超限,变形过大,报警,simulated,SIMULATED-EXCAVAGUARD-V1,TRUE,
CX-02,2026-08-19,deep_horizontal_displacement,10.22,mm,positive,0.0,9.653,24,S4,累计值超限,变形过大,报警,simulated,SIMULATED-EXCAVAGUARD-V1,TRUE,
CX-02,2026-08-20,deep_horizontal_displacement,10.788,mm,positive,0.0,10.22,24,S4,累计值超限,变形过大,报警,simulated,SIMULATED-EXCAVAGUARD-V1,TRUE,
CX-02,2026-08-21,deep_horizontal_displacement,11.356,mm,positive,0.0,10.788,24,S4,累计值超限,变形过大,报警,simulated,SIMULATED-EXCAVAGUARD-V1,TRUE,
CX-02,2026-08-22,deep_horizontal_displacement,11.924,mm,positive,0.0,11.356,24,S4,累计值超限,变形过大,报警,simulated,SIMULATED-EXCAVAGUARD-V1,TRUE,
CX-02,2026-08-23,deep_horizontal_displacement,12.492,mm,positive,0.0,11.924,24,S4,累计值超限,变形过大,报警,simulated,SIMULATED-EXCAVAGUARD-V1,TRUE,
CX-02,2026-08-24,deep_horizontal_displacement,13.059,mm,positive,0.0,12.492,24,S4,累计值超限,变形过大,报警,simulated,SIMULATED-EXCAVAGUARD-V1,TRUE,
CX-02,2026-08-25,deep_horizontal_displacement,13.627,mm,positive,0.0,13.059,24,S4,累计值超限,变形过大,报警,simulated,SIMULATED-EXCAVAGUARD-V1,TRUE,
CX-02,2026-08-26,deep_horizontal_displacement,14.195,mm,positive,0.0,13.627,24,S4,累计值超限,变形过大,报警,simulated,SIMULATED-EXCAVAGUARD-V1,TRUE,
CX-02,2026-08-27,deep_horizontal_displacement,14.763,mm,positive,0.0,14.195,24,S4,累计值超限,变形过大,报警,simulated,SIMULATED-EXCAVAGUARD-V1,TRUE,
CX-02,2026-08-28,deep_horizontal_displacement,15.331,mm,positive,0.0,14.763,24,S4,累计值超限,变形过大,报警,simulated,SIMULATED-EXCAVAGUARD-V1,TRUE,
CX-02,2026-08-29,deep_horizontal_displacement,15.898,mm,positive,0.0,15.331,24,S4,累计值超限,变形过大,报警,simulated,SIMULATED-EXCAVAGUARD-V1,TRUE,
CX-02,2026-08-30,deep_horizontal_displacement,16.466,mm,positive,0.0,15.898,24,S4,累计值超限,变形过大,报警,simulated,SIMULATED-EXCAVAGUARD-V1,TRUE,
CX-02,2026-08-31,deep_horizontal_displacement,17.034,mm,positive,0.0,16.466,24,S4,累计值超限,变形过大,报警,simulated,SIMULATED-EXCAVAGUARD-V1,TRUE,
CX-02,2026-09-01,deep_horizontal_displacement,17.602,mm,positive,0.0,17.034,24,S4,累计值超限,变形过大,报警,simulated,SIMULATED-EXCAVAGUARD-V1,TRUE,
CX-02,2026-09-02,deep_horizontal_displacement,18.169,mm,positive,0.0,17.602,24,S4,累计值超限,变形过大,报警,simulated,SIMULATED-EXCAVAGUARD-V1,TRUE,
CX-02,2026-09-03,deep_horizontal_displacement,18.737,mm,positive,0.0,18.169,24,S4,累计值超限,变形过大,报警,simulated,SIMULATED-EXCAVAGUARD-V1,TRUE,
CX-02,2026-09-04,deep_horizontal_displacement,19.305,mm,positive,0.0,18.737,24,S4,累计值超限,变形过大,报警,simulated,SIMULATED-EXCAVAGUARD-V1,TRUE,
CX-02,2026-09-05,deep_horizontal_displacement,19.873,mm,positive,0.0,19.305,24,S4,累计值超限,变形过大,报警,simulated,SIMULATED-EXCAVAGUARD-V1,TRUE,
CX-02,2026-09-06,deep_horizontal_displacement,20.441,mm,positive,0.0,19.873,24,S4,累计值超限,变形过大,报警,simulated,SIMULATED-EXCAVAGUARD-V1,TRUE,
CX-02,2026-09-07,deep_horizontal_displacement,21.008,mm,positive,0.0,20.441,24,S4,累计值超限,变形过大,报警,simulated,SIMULATED-EXCAVAGUARD-V1,TRUE,
CX-02,2026-09-08,deep_horizontal_displacement,21.576,mm,positive,0.0,21.008,24,S4,累计值超限,变形过大,报警,simulated,SIMULATED-EXCAVAGUARD-V1,TRUE,
CX-02,2026-09-09,deep_horizontal_displacement,22.144,mm,positive,0.0,21.576,24,S4,累计值超限,变形过大,报警,simulated,SIMULATED-EXCAVAGUARD-V1,TRUE,
CX-02,2026-09-10,deep_horizontal_displacement,22.712,mm,positive,0.0,22.144,24,S4,累计值超限,变形过大,报警,simulated,SIMULATED-EXCAVAGUARD-V1,TRUE,
CX-02,2026-09-11,deep_horizontal_displacement,23.28,mm,positive,0.0,22.712,24,S4,累计值超限,变形过大,报警,simulated,SIMULATED-EXCAVAGUARD-V1,TRUE,
CX-02,2026-09-12,deep_horizontal_displacement,23.847,mm,positive,0.0,23.28,24,S4,累计值超限,变形过大,报警,simulated,SIMULATED-EXCAVAGUARD-V1,TRUE,
CX-02,2026-09-13,deep_horizontal_displacement,24.415,mm,positive,0.0,23.847,24,S4,累计值超限,变形过大,报警,simulated,SIMULATED-EXCAVAGUARD-V1,TRUE,
CX-02,2026-09-14,deep_horizontal_displacement,24.983,mm,positive,0.0,24.415,24,S4,累计值超限,变形过大,报警,simulated,SIMULATED-EXCAVAGUARD-V1,TRUE,
CX-02,2026-09-15,deep_horizontal_displacement,25.551,mm,positive,0.0,24.983,24,S4,累计值超限,变形过大,报警,simulated,SIMULATED-EXCAVAGUARD-V1,TRUE,
CX-02,2026-09-16,deep_horizontal_displacement,26.119,mm,positive,0.0,25.551,24,S4,累计值超限,变形过大,报警,simulated,SIMULATED-EXCAVAGUARD-V1,TRUE,
CX-02,2026-09-17,deep_horizontal_displacement,26.686,mm,positive,0.0,26.119,24,S4,累计值超限,变形过大,报警,simulated,SIMULATED-EXCAVAGUARD-V1,TRUE,
CX-02,2026-09-18,deep_horizontal_displacement,27.254,mm,positive,0.0,26.686,24,S4,累计值超限,变形过大,报警,simulated,SIMULATED-EXCAVAGUARD-V1,TRUE,
CX-02,2026-09-19,deep_horizontal_displacement,27.822,mm,positive,0.0,27.254,24,S4,累计值超限,变形过大,报警,simulated,SIMULATED-EXCAVAGUARD-V1,TRUE,
CX-02,2026-09-20,deep_horizontal_displacement,28.39,mm,positive,0.0,27.822,24,S4,累计值超限,变形过大,报警,simulated,SIMULATED-EXCAVAGUARD-V1,TRUE,
CX-02,2026-09-21,deep_horizontal_displacement,28.958,mm,positive,0.0,28.39,24,S4,累计值超限,变形过大,报警,simulated,SIMULATED-EXCAVAGUARD-V1,TRUE,
CX-02,2026-09-22,deep_horizontal_displacement,29.525,mm,positive,0.0,28.958,24,S4,累计值超限,变形过大,报警,simulated,SIMULATED-EXCAVAGUARD-V1,TRUE,
CX-02,2026-09-23,deep_horizontal_displacement,30.093,mm,positive,0.0,29.525,24,S4,累计值超限,变形过大,报警,simulated,SIMULATED-EXCAVAGUARD-V1,TRUE,
CX-02,2026-09-24,deep_horizontal_displacement,30.661,mm,positive,0.0,30.093,24,S4,累计值超限,变形过大,报警,simulated,SIMULATED-EXCAVAGUARD-V1,TRUE,
CX-02,2026-09-25,deep_horizontal_displacement,31.229,mm,positive,0.0,30.661,24,S4,累计值超限,变形过大,报警,simulated,SIMULATED-EXCAVAGUARD-V1,TRUE,
CX-02,2026-09-26,deep_horizontal_displacement,31.797,mm,positive,0.0,31.229,24,S4,累计值超限,变形过大,报警,simulated,SIMULATED-EXCAVAGUARD-V1,TRUE,
CX-02,2026-09-27,deep_horizontal_displacement,32.364,mm,positive,0.0,31.797,24,S4,累计值超限,变形过大,报警,simulated,SIMULATED-EXCAVAGUARD-V1,TRUE,
CX-02,2026-09-28,deep_horizontal_displacement,32.932,mm,positive,0.0,32.364,24,S4,累计值超限,变形过大,报警,simulated,SIMULATED-EXCAVAGUARD-V1,TRUE,
CX-02,2026-09-29,deep_horizontal_displacement,33.5,mm,positive,0.0,32.932,24,S4,累计值超限,变形过大,报警,simulated,SIMULATED-EXCAVAGUARD-V1,TRUE,
ZQS-05,2026-08-01,wall_top_horizontal_displacement,0.0,mm,positive,0.0,,,S5,速率超限,变形过大,报警,simulated,SIMULATED-EXCAVAGUARD-V1,TRUE,
ZQS-05,2026-08-02,wall_top_horizontal_displacement,0.05,mm,positive,0.0,0.0,24,S5,速率超限,变形过大,报警,simulated,SIMULATED-EXCAVAGUARD-V1,TRUE,
ZQS-05,2026-08-03,wall_top_horizontal_displacement,0.1,mm,positive,0.0,0.05,24,S5,速率超限,变形过大,报警,simulated,SIMULATED-EXCAVAGUARD-V1,TRUE,
ZQS-05,2026-08-04,wall_top_horizontal_displacement,0.15,mm,positive,0.0,0.1,24,S5,速率超限,变形过大,报警,simulated,SIMULATED-EXCAVAGUARD-V1,TRUE,
ZQS-05,2026-08-05,wall_top_horizontal_displacement,0.2,mm,positive,0.0,0.15,24,S5,速率超限,变形过大,报警,simulated,SIMULATED-EXCAVAGUARD-V1,TRUE,
ZQS-05,2026-08-06,wall_top_horizontal_displacement,0.25,mm,positive,0.0,0.2,24,S5,速率超限,变形过大,报警,simulated,SIMULATED-EXCAVAGUARD-V1,TRUE,
ZQS-05,2026-08-07,wall_top_horizontal_displacement,0.3,mm,positive,0.0,0.25,24,S5,速率超限,变形过大,报警,simulated,SIMULATED-EXCAVAGUARD-V1,TRUE,
ZQS-05,2026-08-08,wall_top_horizontal_displacement,0.35,mm,positive,0.0,0.3,24,S5,速率超限,变形过大,报警,simulated,SIMULATED-EXCAVAGUARD-V1,TRUE,
ZQS-05,2026-08-09,wall_top_horizontal_displacement,0.4,mm,positive,0.0,0.35,24,S5,速率超限,变形过大,报警,simulated,SIMULATED-EXCAVAGUARD-V1,TRUE,
ZQS-05,2026-08-10,wall_top_horizontal_displacement,0.45,mm,positive,0.0,0.4,24,S5,速率超限,变形过大,报警,simulated,SIMULATED-EXCAVAGUARD-V1,TRUE,
ZQS-05,2026-08-11,wall_top_horizontal_displacement,0.5,mm,positive,0.0,0.45,24,S5,速率超限,变形过大,报警,simulated,SIMULATED-EXCAVAGUARD-V1,TRUE,
ZQS-05,2026-08-12,wall_top_horizontal_displacement,0.55,mm,positive,0.0,0.5,24,S5,速率超限,变形过大,报警,simulated,SIMULATED-EXCAVAGUARD-V1,TRUE,
ZQS-05,2026-08-13,wall_top_horizontal_displacement,0.6,mm,positive,0.0,0.55,24,S5,速率超限,变形过大,报警,simulated,SIMULATED-EXCAVAGUARD-V1,TRUE,
ZQS-05,2026-08-14,wall_top_horizontal_displacement,0.65,mm,positive,0.0,0.6,24,S5,速率超限,变形过大,报警,simulated,SIMULATED-EXCAVAGUARD-V1,TRUE,
ZQS-05,2026-08-15,wall_top_horizontal_displacement,0.7,mm,positive,0.0,0.65,24,S5,速率超限,变形过大,报警,simulated,SIMULATED-EXCAVAGUARD-V1,TRUE,
ZQS-05,2026-08-16,wall_top_horizontal_displacement,0.75,mm,positive,0.0,0.7,24,S5,速率超限,变形过大,报警,simulated,SIMULATED-EXCAVAGUARD-V1,TRUE,
ZQS-05,2026-08-17,wall_top_horizontal_displacement,0.8,mm,positive,0.0,0.75,24,S5,速率超限,变形过大,报警,simulated,SIMULATED-EXCAVAGUARD-V1,TRUE,
ZQS-05,2026-08-18,wall_top_horizontal_displacement,0.85,mm,positive,0.0,0.8,24,S5,速率超限,变形过大,报警,simulated,SIMULATED-EXCAVAGUARD-V1,TRUE,
ZQS-05,2026-08-19,wall_top_horizontal_displacement,0.9,mm,positive,0.0,0.85,24,S5,速率超限,变形过大,报警,simulated,SIMULATED-EXCAVAGUARD-V1,TRUE,
ZQS-05,2026-08-20,wall_top_horizontal_displacement,0.95,mm,positive,0.0,0.9,24,S5,速率超限,变形过大,报警,simulated,SIMULATED-EXCAVAGUARD-V1,TRUE,
ZQS-05,2026-08-21,wall_top_horizontal_displacement,1.0,mm,positive,0.0,0.95,24,S5,速率超限,变形过大,报警,simulated,SIMULATED-EXCAVAGUARD-V1,TRUE,
ZQS-05,2026-08-22,wall_top_horizontal_displacement,1.05,mm,positive,0.0,1.0,24,S5,速率超限,变形过大,报警,simulated,SIMULATED-EXCAVAGUARD-V1,TRUE,
ZQS-05,2026-08-23,wall_top_horizontal_displacement,1.1,mm,positive,0.0,1.05,24,S5,速率超限,变形过大,报警,simulated,SIMULATED-EXCAVAGUARD-V1,TRUE,
ZQS-05,2026-08-24,wall_top_horizontal_displacement,1.15,mm,positive,0.0,1.1,24,S5,速率超限,变形过大,报警,simulated,SIMULATED-EXCAVAGUARD-V1,TRUE,
ZQS-05,2026-08-25,wall_top_horizontal_displacement,1.2,mm,positive,0.0,1.15,24,S5,速率超限,变形过大,报警,simulated,SIMULATED-EXCAVAGUARD-V1,TRUE,
ZQS-05,2026-08-26,wall_top_horizontal_displacement,1.25,mm,positive,0.0,1.2,24,S5,速率超限,变形过大,报警,simulated,SIMULATED-EXCAVAGUARD-V1,TRUE,
ZQS-05,2026-08-27,wall_top_horizontal_displacement,3.45,mm,positive,0.0,1.25,24,S5,速率超限,变形过大,报警,simulated,SIMULATED-EXCAVAGUARD-V1,TRUE,
ZQS-05,2026-08-28,wall_top_horizontal_displacement,5.65,mm,positive,0.0,3.45,24,S5,速率超限,变形过大,报警,simulated,SIMULATED-EXCAVAGUARD-V1,TRUE,
ZQS-05,2026-08-29,wall_top_horizontal_displacement,7.85,mm,positive,0.0,5.65,24,S5,速率超限,变形过大,报警,simulated,SIMULATED-EXCAVAGUARD-V1,TRUE,
ZQS-05,2026-08-30,wall_top_horizontal_displacement,10.05,mm,positive,0.0,7.85,24,S5,速率超限,变形过大,报警,simulated,SIMULATED-EXCAVAGUARD-V1,TRUE,
ZQS-05,2026-08-31,wall_top_horizontal_displacement,12.25,mm,positive,0.0,10.05,24,S5,速率超限,变形过大,报警,simulated,SIMULATED-EXCAVAGUARD-V1,TRUE,
ZQS-05,2026-09-01,wall_top_horizontal_displacement,14.45,mm,positive,0.0,12.25,24,S5,速率超限,变形过大,报警,simulated,SIMULATED-EXCAVAGUARD-V1,TRUE,
ZQS-05,2026-09-02,wall_top_horizontal_displacement,14.5,mm,positive,0.0,14.45,24,S5,速率超限,变形过大,报警,simulated,SIMULATED-EXCAVAGUARD-V1,TRUE,
ZQS-05,2026-09-03,wall_top_horizontal_displacement,14.55,mm,positive,0.0,14.5,24,S5,速率超限,变形过大,报警,simulated,SIMULATED-EXCAVAGUARD-V1,TRUE,
ZQS-05,2026-09-04,wall_top_horizontal_displacement,14.6,mm,positive,0.0,14.55,24,S5,速率超限,变形过大,报警,simulated,SIMULATED-EXCAVAGUARD-V1,TRUE,
ZQS-05,2026-09-05,wall_top_horizontal_displacement,14.65,mm,positive,0.0,14.6,24,S5,速率超限,变形过大,报警,simulated,SIMULATED-EXCAVAGUARD-V1,TRUE,
ZQS-05,2026-09-06,wall_top_horizontal_displacement,14.7,mm,positive,0.0,14.65,24,S5,速率超限,变形过大,报警,simulated,SIMULATED-EXCAVAGUARD-V1,TRUE,
ZQS-05,2026-09-07,wall_top_horizontal_displacement,14.75,mm,positive,0.0,14.7,24,S5,速率超限,变形过大,报警,simulated,SIMULATED-EXCAVAGUARD-V1,TRUE,
ZQS-05,2026-09-08,wall_top_horizontal_displacement,14.8,mm,positive,0.0,14.75,24,S5,速率超限,变形过大,报警,simulated,SIMULATED-EXCAVAGUARD-V1,TRUE,
ZQS-05,2026-09-09,wall_top_horizontal_displacement,14.85,mm,positive,0.0,14.8,24,S5,速率超限,变形过大,报警,simulated,SIMULATED-EXCAVAGUARD-V1,TRUE,
ZQS-05,2026-09-10,wall_top_horizontal_displacement,14.9,mm,positive,0.0,14.85,24,S5,速率超限,变形过大,报警,simulated,SIMULATED-EXCAVAGUARD-V1,TRUE,
ZQS-05,2026-09-11,wall_top_horizontal_displacement,14.95,mm,positive,0.0,14.9,24,S5,速率超限,变形过大,报警,simulated,SIMULATED-EXCAVAGUARD-V1,TRUE,
ZQS-05,2026-09-12,wall_top_horizontal_displacement,15.0,mm,positive,0.0,14.95,24,S5,速率超限,变形过大,报警,simulated,SIMULATED-EXCAVAGUARD-V1,TRUE,
ZQS-05,2026-09-13,wall_top_horizontal_displacement,15.05,mm,positive,0.0,15.0,24,S5,速率超限,变形过大,报警,simulated,SIMULATED-EXCAVAGUARD-V1,TRUE,
ZQS-05,2026-09-14,wall_top_horizontal_displacement,15.1,mm,positive,0.0,15.05,24,S5,速率超限,变形过大,报警,simulated,SIMULATED-EXCAVAGUARD-V1,TRUE,
ZQS-05,2026-09-15,wall_top_horizontal_displacement,15.15,mm,positive,0.0,15.1,24,S5,速率超限,变形过大,报警,simulated,SIMULATED-EXCAVAGUARD-V1,TRUE,
ZQS-05,2026-09-16,wall_top_horizontal_displacement,15.2,mm,positive,0.0,15.15,24,S5,速率超限,变形过大,报警,simulated,SIMULATED-EXCAVAGUARD-V1,TRUE,
ZQS-05,2026-09-17,wall_top_horizontal_displacement,15.25,mm,positive,0.0,15.2,24,S5,速率超限,变形过大,报警,simulated,SIMULATED-EXCAVAGUARD-V1,TRUE,
ZQS-05,2026-09-18,wall_top_horizontal_displacement,15.3,mm,positive,0.0,15.25,24,S5,速率超限,变形过大,报警,simulated,SIMULATED-EXCAVAGUARD-V1,TRUE,
ZQS-05,2026-09-19,wall_top_horizontal_displacement,15.35,mm,positive,0.0,15.3,24,S5,速率超限,变形过大,报警,simulated,SIMULATED-EXCAVAGUARD-V1,TRUE,
ZQS-05,2026-09-20,wall_top_horizontal_displacement,15.4,mm,positive,0.0,15.35,24,S5,速率超限,变形过大,报警,simulated,SIMULATED-EXCAVAGUARD-V1,TRUE,
ZQS-05,2026-09-21,wall_top_horizontal_displacement,15.45,mm,positive,0.0,15.4,24,S5,速率超限,变形过大,报警,simulated,SIMULATED-EXCAVAGUARD-V1,TRUE,
ZQS-05,2026-09-22,wall_top_horizontal_displacement,15.5,mm,positive,0.0,15.45,24,S5,速率超限,变形过大,报警,simulated,SIMULATED-EXCAVAGUARD-V1,TRUE,
ZQS-05,2026-09-23,wall_top_horizontal_displacement,15.55,mm,positive,0.0,15.5,24,S5,速率超限,变形过大,报警,simulated,SIMULATED-EXCAVAGUARD-V1,TRUE,
ZQS-05,2026-09-24,wall_top_horizontal_displacement,15.6,mm,positive,0.0,15.55,24,S5,速率超限,变形过大,报警,simulated,SIMULATED-EXCAVAGUARD-V1,TRUE,
ZQS-05,2026-09-25,wall_top_horizontal_displacement,15.65,mm,positive,0.0,15.6,24,S5,速率超限,变形过大,报警,simulated,SIMULATED-EXCAVAGUARD-V1,TRUE,
ZQS-05,2026-09-26,wall_top_horizontal_displacement,15.7,mm,positive,0.0,15.65,24,S5,速率超限,变形过大,报警,simulated,SIMULATED-EXCAVAGUARD-V1,TRUE,
ZQS-05,2026-09-27,wall_top_horizontal_displacement,15.75,mm,positive,0.0,15.7,24,S5,速率超限,变形过大,报警,simulated,SIMULATED-EXCAVAGUARD-V1,TRUE,
ZQS-05,2026-09-28,wall_top_horizontal_displacement,15.8,mm,positive,0.0,15.75,24,S5,速率超限,变形过大,报警,simulated,SIMULATED-EXCAVAGUARD-V1,TRUE,
ZQS-05,2026-09-29,wall_top_horizontal_displacement,15.85,mm,positive,0.0,15.8,24,S5,速率超限,变形过大,报警,simulated,SIMULATED-EXCAVAGUARD-V1,TRUE,
DB-03,2026-08-01,surface_settlement,0.0,mm,negative,0.0,,,S5,速率超限,变形过大,报警,simulated,SIMULATED-EXCAVAGUARD-V1,TRUE,
DB-03,2026-08-02,surface_settlement,-0.08,mm,negative,0.0,0.0,24,S5,速率超限,变形过大,报警,simulated,SIMULATED-EXCAVAGUARD-V1,TRUE,
DB-03,2026-08-03,surface_settlement,-0.16,mm,negative,0.0,-0.08,24,S5,速率超限,变形过大,报警,simulated,SIMULATED-EXCAVAGUARD-V1,TRUE,
DB-03,2026-08-04,surface_settlement,-0.24,mm,negative,0.0,-0.16,24,S5,速率超限,变形过大,报警,simulated,SIMULATED-EXCAVAGUARD-V1,TRUE,
DB-03,2026-08-05,surface_settlement,-0.32,mm,negative,0.0,-0.24,24,S5,速率超限,变形过大,报警,simulated,SIMULATED-EXCAVAGUARD-V1,TRUE,
DB-03,2026-08-06,surface_settlement,-0.4,mm,negative,0.0,-0.32,24,S5,速率超限,变形过大,报警,simulated,SIMULATED-EXCAVAGUARD-V1,TRUE,
DB-03,2026-08-07,surface_settlement,-0.48,mm,negative,0.0,-0.4,24,S5,速率超限,变形过大,报警,simulated,SIMULATED-EXCAVAGUARD-V1,TRUE,
DB-03,2026-08-08,surface_settlement,-0.56,mm,negative,0.0,-0.48,24,S5,速率超限,变形过大,报警,simulated,SIMULATED-EXCAVAGUARD-V1,TRUE,
DB-03,2026-08-09,surface_settlement,-0.64,mm,negative,0.0,-0.56,24,S5,速率超限,变形过大,报警,simulated,SIMULATED-EXCAVAGUARD-V1,TRUE,
DB-03,2026-08-10,surface_settlement,-0.72,mm,negative,0.0,-0.64,24,S5,速率超限,变形过大,报警,simulated,SIMULATED-EXCAVAGUARD-V1,TRUE,
DB-03,2026-08-11,surface_settlement,-0.8,mm,negative,0.0,-0.72,24,S5,速率超限,变形过大,报警,simulated,SIMULATED-EXCAVAGUARD-V1,TRUE,
DB-03,2026-08-12,surface_settlement,-0.88,mm,negative,0.0,-0.8,24,S5,速率超限,变形过大,报警,simulated,SIMULATED-EXCAVAGUARD-V1,TRUE,
DB-03,2026-08-13,surface_settlement,-0.96,mm,negative,0.0,-0.88,24,S5,速率超限,变形过大,报警,simulated,SIMULATED-EXCAVAGUARD-V1,TRUE,
DB-03,2026-08-14,surface_settlement,-1.04,mm,negative,0.0,-0.96,24,S5,速率超限,变形过大,报警,simulated,SIMULATED-EXCAVAGUARD-V1,TRUE,
DB-03,2026-08-15,surface_settlement,-1.12,mm,negative,0.0,-1.04,24,S5,速率超限,变形过大,报警,simulated,SIMULATED-EXCAVAGUARD-V1,TRUE,
DB-03,2026-08-16,surface_settlement,-1.2,mm,negative,0.0,-1.12,24,S5,速率超限,变形过大,报警,simulated,SIMULATED-EXCAVAGUARD-V1,TRUE,
DB-03,2026-08-17,surface_settlement,-1.28,mm,negative,0.0,-1.2,24,S5,速率超限,变形过大,报警,simulated,SIMULATED-EXCAVAGUARD-V1,TRUE,
DB-03,2026-08-18,surface_settlement,-1.36,mm,negative,0.0,-1.28,24,S5,速率超限,变形过大,报警,simulated,SIMULATED-EXCAVAGUARD-V1,TRUE,
DB-03,2026-08-19,surface_settlement,-1.44,mm,negative,0.0,-1.36,24,S5,速率超限,变形过大,报警,simulated,SIMULATED-EXCAVAGUARD-V1,TRUE,
DB-03,2026-08-20,surface_settlement,-1.52,mm,negative,0.0,-1.44,24,S5,速率超限,变形过大,报警,simulated,SIMULATED-EXCAVAGUARD-V1,TRUE,
DB-03,2026-08-21,surface_settlement,-1.6,mm,negative,0.0,-1.52,24,S5,速率超限,变形过大,报警,simulated,SIMULATED-EXCAVAGUARD-V1,TRUE,
DB-03,2026-08-22,surface_settlement,-1.68,mm,negative,0.0,-1.6,24,S5,速率超限,变形过大,报警,simulated,SIMULATED-EXCAVAGUARD-V1,TRUE,
DB-03,2026-08-23,surface_settlement,-1.76,mm,negative,0.0,-1.68,24,S5,速率超限,变形过大,报警,simulated,SIMULATED-EXCAVAGUARD-V1,TRUE,
DB-03,2026-08-24,surface_settlement,-1.84,mm,negative,0.0,-1.76,24,S5,速率超限,变形过大,报警,simulated,SIMULATED-EXCAVAGUARD-V1,TRUE,
DB-03,2026-08-25,surface_settlement,-1.92,mm,negative,0.0,-1.84,24,S5,速率超限,变形过大,报警,simulated,SIMULATED-EXCAVAGUARD-V1,TRUE,
DB-03,2026-08-26,surface_settlement,-2.0,mm,negative,0.0,-1.92,24,S5,速率超限,变形过大,报警,simulated,SIMULATED-EXCAVAGUARD-V1,TRUE,
DB-03,2026-08-27,surface_settlement,-4.2,mm,negative,0.0,-2.0,24,S5,速率超限,变形过大,报警,simulated,SIMULATED-EXCAVAGUARD-V1,TRUE,
DB-03,2026-08-28,surface_settlement,-6.4,mm,negative,0.0,-4.2,24,S5,速率超限,变形过大,报警,simulated,SIMULATED-EXCAVAGUARD-V1,TRUE,
DB-03,2026-08-29,surface_settlement,-8.6,mm,negative,0.0,-6.4,24,S5,速率超限,变形过大,报警,simulated,SIMULATED-EXCAVAGUARD-V1,TRUE,
DB-03,2026-08-30,surface_settlement,-10.8,mm,negative,0.0,-8.6,24,S5,速率超限,变形过大,报警,simulated,SIMULATED-EXCAVAGUARD-V1,TRUE,
DB-03,2026-08-31,surface_settlement,-13.0,mm,negative,0.0,-10.8,24,S5,速率超限,变形过大,报警,simulated,SIMULATED-EXCAVAGUARD-V1,TRUE,
DB-03,2026-09-01,surface_settlement,-15.2,mm,negative,0.0,-13.0,24,S5,速率超限,变形过大,报警,simulated,SIMULATED-EXCAVAGUARD-V1,TRUE,
DB-03,2026-09-02,surface_settlement,-15.28,mm,negative,0.0,-15.2,24,S5,速率超限,变形过大,报警,simulated,SIMULATED-EXCAVAGUARD-V1,TRUE,
DB-03,2026-09-03,surface_settlement,-15.36,mm,negative,0.0,-15.28,24,S5,速率超限,变形过大,报警,simulated,SIMULATED-EXCAVAGUARD-V1,TRUE,
DB-03,2026-09-04,surface_settlement,-15.44,mm,negative,0.0,-15.36,24,S5,速率超限,变形过大,报警,simulated,SIMULATED-EXCAVAGUARD-V1,TRUE,
DB-03,2026-09-05,surface_settlement,-15.52,mm,negative,0.0,-15.44,24,S5,速率超限,变形过大,报警,simulated,SIMULATED-EXCAVAGUARD-V1,TRUE,
DB-03,2026-09-06,surface_settlement,-15.6,mm,negative,0.0,-15.52,24,S5,速率超限,变形过大,报警,simulated,SIMULATED-EXCAVAGUARD-V1,TRUE,
DB-03,2026-09-07,surface_settlement,-15.68,mm,negative,0.0,-15.6,24,S5,速率超限,变形过大,报警,simulated,SIMULATED-EXCAVAGUARD-V1,TRUE,
DB-03,2026-09-08,surface_settlement,-15.76,mm,negative,0.0,-15.68,24,S5,速率超限,变形过大,报警,simulated,SIMULATED-EXCAVAGUARD-V1,TRUE,
DB-03,2026-09-09,surface_settlement,-15.84,mm,negative,0.0,-15.76,24,S5,速率超限,变形过大,报警,simulated,SIMULATED-EXCAVAGUARD-V1,TRUE,
DB-03,2026-09-10,surface_settlement,-15.92,mm,negative,0.0,-15.84,24,S5,速率超限,变形过大,报警,simulated,SIMULATED-EXCAVAGUARD-V1,TRUE,
DB-03,2026-09-11,surface_settlement,-16.0,mm,negative,0.0,-15.92,24,S5,速率超限,变形过大,报警,simulated,SIMULATED-EXCAVAGUARD-V1,TRUE,
DB-03,2026-09-12,surface_settlement,-16.08,mm,negative,0.0,-16.0,24,S5,速率超限,变形过大,报警,simulated,SIMULATED-EXCAVAGUARD-V1,TRUE,
DB-03,2026-09-13,surface_settlement,-16.16,mm,negative,0.0,-16.08,24,S5,速率超限,变形过大,报警,simulated,SIMULATED-EXCAVAGUARD-V1,TRUE,
DB-03,2026-09-14,surface_settlement,-16.24,mm,negative,0.0,-16.16,24,S5,速率超限,变形过大,报警,simulated,SIMULATED-EXCAVAGUARD-V1,TRUE,
DB-03,2026-09-15,surface_settlement,-16.32,mm,negative,0.0,-16.24,24,S5,速率超限,变形过大,报警,simulated,SIMULATED-EXCAVAGUARD-V1,TRUE,
DB-03,2026-09-16,surface_settlement,-16.4,mm,negative,0.0,-16.32,24,S5,速率超限,变形过大,报警,simulated,SIMULATED-EXCAVAGUARD-V1,TRUE,
DB-03,2026-09-17,surface_settlement,-16.48,mm,negative,0.0,-16.4,24,S5,速率超限,变形过大,报警,simulated,SIMULATED-EXCAVAGUARD-V1,TRUE,
DB-03,2026-09-18,surface_settlement,-16.56,mm,negative,0.0,-16.48,24,S5,速率超限,变形过大,报警,simulated,SIMULATED-EXCAVAGUARD-V1,TRUE,
DB-03,2026-09-19,surface_settlement,-16.64,mm,negative,0.0,-16.56,24,S5,速率超限,变形过大,报警,simulated,SIMULATED-EXCAVAGUARD-V1,TRUE,
DB-03,2026-09-20,surface_settlement,-16.72,mm,negative,0.0,-16.64,24,S5,速率超限,变形过大,报警,simulated,SIMULATED-EXCAVAGUARD-V1,TRUE,
DB-03,2026-09-21,surface_settlement,-16.8,mm,negative,0.0,-16.72,24,S5,速率超限,变形过大,报警,simulated,SIMULATED-EXCAVAGUARD-V1,TRUE,
DB-03,2026-09-22,surface_settlement,-16.88,mm,negative,0.0,-16.8,24,S5,速率超限,变形过大,报警,simulated,SIMULATED-EXCAVAGUARD-V1,TRUE,
DB-03,2026-09-23,surface_settlement,-16.96,mm,negative,0.0,-16.88,24,S5,速率超限,变形过大,报警,simulated,SIMULATED-EXCAVAGUARD-V1,TRUE,
DB-03,2026-09-24,surface_settlement,-17.04,mm,negative,0.0,-16.96,24,S5,速率超限,变形过大,报警,simulated,SIMULATED-EXCAVAGUARD-V1,TRUE,
DB-03,2026-09-25,surface_settlement,-17.12,mm,negative,0.0,-17.04,24,S5,速率超限,变形过大,报警,simulated,SIMULATED-EXCAVAGUARD-V1,TRUE,
DB-03,2026-09-26,surface_settlement,-17.2,mm,negative,0.0,-17.12,24,S5,速率超限,变形过大,报警,simulated,SIMULATED-EXCAVAGUARD-V1,TRUE,
DB-03,2026-09-27,surface_settlement,-17.28,mm,negative,0.0,-17.2,24,S5,速率超限,变形过大,报警,simulated,SIMULATED-EXCAVAGUARD-V1,TRUE,
DB-03,2026-09-28,surface_settlement,-17.36,mm,negative,0.0,-17.28,24,S5,速率超限,变形过大,报警,simulated,SIMULATED-EXCAVAGUARD-V1,TRUE,
DB-03,2026-09-29,surface_settlement,-17.44,mm,negative,0.0,-17.36,24,S5,速率超限,变形过大,报警,simulated,SIMULATED-EXCAVAGUARD-V1,TRUE,
ZQS-06,2026-08-01,wall_top_horizontal_displacement,0.0,mm,positive,0.0,,,S6,连续接近预警,变形过大,预警,simulated,SIMULATED-EXCAVAGUARD-V1,TRUE,
ZQS-06,2026-08-02,wall_top_horizontal_displacement,0.15,mm,positive,0.0,0.0,24,S6,连续接近预警,变形过大,预警,simulated,SIMULATED-EXCAVAGUARD-V1,TRUE,
ZQS-06,2026-08-03,wall_top_horizontal_displacement,0.3,mm,positive,0.0,0.15,24,S6,连续接近预警,变形过大,预警,simulated,SIMULATED-EXCAVAGUARD-V1,TRUE,
ZQS-06,2026-08-04,wall_top_horizontal_displacement,0.45,mm,positive,0.0,0.3,24,S6,连续接近预警,变形过大,预警,simulated,SIMULATED-EXCAVAGUARD-V1,TRUE,
ZQS-06,2026-08-05,wall_top_horizontal_displacement,0.6,mm,positive,0.0,0.45,24,S6,连续接近预警,变形过大,预警,simulated,SIMULATED-EXCAVAGUARD-V1,TRUE,
ZQS-06,2026-08-06,wall_top_horizontal_displacement,0.75,mm,positive,0.0,0.6,24,S6,连续接近预警,变形过大,预警,simulated,SIMULATED-EXCAVAGUARD-V1,TRUE,
ZQS-06,2026-08-07,wall_top_horizontal_displacement,0.9,mm,positive,0.0,0.75,24,S6,连续接近预警,变形过大,预警,simulated,SIMULATED-EXCAVAGUARD-V1,TRUE,
ZQS-06,2026-08-08,wall_top_horizontal_displacement,1.05,mm,positive,0.0,0.9,24,S6,连续接近预警,变形过大,预警,simulated,SIMULATED-EXCAVAGUARD-V1,TRUE,
ZQS-06,2026-08-09,wall_top_horizontal_displacement,1.2,mm,positive,0.0,1.05,24,S6,连续接近预警,变形过大,预警,simulated,SIMULATED-EXCAVAGUARD-V1,TRUE,
ZQS-06,2026-08-10,wall_top_horizontal_displacement,1.35,mm,positive,0.0,1.2,24,S6,连续接近预警,变形过大,预警,simulated,SIMULATED-EXCAVAGUARD-V1,TRUE,
ZQS-06,2026-08-11,wall_top_horizontal_displacement,1.5,mm,positive,0.0,1.35,24,S6,连续接近预警,变形过大,预警,simulated,SIMULATED-EXCAVAGUARD-V1,TRUE,
ZQS-06,2026-08-12,wall_top_horizontal_displacement,1.65,mm,positive,0.0,1.5,24,S6,连续接近预警,变形过大,预警,simulated,SIMULATED-EXCAVAGUARD-V1,TRUE,
ZQS-06,2026-08-13,wall_top_horizontal_displacement,1.8,mm,positive,0.0,1.65,24,S6,连续接近预警,变形过大,预警,simulated,SIMULATED-EXCAVAGUARD-V1,TRUE,
ZQS-06,2026-08-14,wall_top_horizontal_displacement,1.95,mm,positive,0.0,1.8,24,S6,连续接近预警,变形过大,预警,simulated,SIMULATED-EXCAVAGUARD-V1,TRUE,
ZQS-06,2026-08-15,wall_top_horizontal_displacement,2.1,mm,positive,0.0,1.95,24,S6,连续接近预警,变形过大,预警,simulated,SIMULATED-EXCAVAGUARD-V1,TRUE,
ZQS-06,2026-08-16,wall_top_horizontal_displacement,2.25,mm,positive,0.0,2.1,24,S6,连续接近预警,变形过大,预警,simulated,SIMULATED-EXCAVAGUARD-V1,TRUE,
ZQS-06,2026-08-17,wall_top_horizontal_displacement,2.4,mm,positive,0.0,2.25,24,S6,连续接近预警,变形过大,预警,simulated,SIMULATED-EXCAVAGUARD-V1,TRUE,
ZQS-06,2026-08-18,wall_top_horizontal_displacement,2.55,mm,positive,0.0,2.4,24,S6,连续接近预警,变形过大,预警,simulated,SIMULATED-EXCAVAGUARD-V1,TRUE,
ZQS-06,2026-08-19,wall_top_horizontal_displacement,2.7,mm,positive,0.0,2.55,24,S6,连续接近预警,变形过大,预警,simulated,SIMULATED-EXCAVAGUARD-V1,TRUE,
ZQS-06,2026-08-20,wall_top_horizontal_displacement,2.85,mm,positive,0.0,2.7,24,S6,连续接近预警,变形过大,预警,simulated,SIMULATED-EXCAVAGUARD-V1,TRUE,
ZQS-06,2026-08-21,wall_top_horizontal_displacement,3.0,mm,positive,0.0,2.85,24,S6,连续接近预警,变形过大,预警,simulated,SIMULATED-EXCAVAGUARD-V1,TRUE,
ZQS-06,2026-08-22,wall_top_horizontal_displacement,4.5,mm,positive,0.0,3.0,24,S6,连续接近预警,变形过大,预警,simulated,SIMULATED-EXCAVAGUARD-V1,TRUE,
ZQS-06,2026-08-23,wall_top_horizontal_displacement,6.0,mm,positive,0.0,4.5,24,S6,连续接近预警,变形过大,预警,simulated,SIMULATED-EXCAVAGUARD-V1,TRUE,
ZQS-06,2026-08-24,wall_top_horizontal_displacement,7.5,mm,positive,0.0,6.0,24,S6,连续接近预警,变形过大,预警,simulated,SIMULATED-EXCAVAGUARD-V1,TRUE,
ZQS-06,2026-08-25,wall_top_horizontal_displacement,8.5,mm,positive,0.0,7.5,24,S6,连续接近预警,变形过大,预警,simulated,SIMULATED-EXCAVAGUARD-V1,TRUE,
ZQS-06,2026-08-26,wall_top_horizontal_displacement,8.6,mm,positive,0.0,8.5,24,S6,连续接近预警,变形过大,预警,simulated,SIMULATED-EXCAVAGUARD-V1,TRUE,
ZQS-06,2026-08-27,wall_top_horizontal_displacement,8.7,mm,positive,0.0,8.6,24,S6,连续接近预警,变形过大,预警,simulated,SIMULATED-EXCAVAGUARD-V1,TRUE,
ZQS-06,2026-08-28,wall_top_horizontal_displacement,8.8,mm,positive,0.0,8.7,24,S6,连续接近预警,变形过大,预警,simulated,SIMULATED-EXCAVAGUARD-V1,TRUE,
ZQS-06,2026-08-29,wall_top_horizontal_displacement,8.9,mm,positive,0.0,8.8,24,S6,连续接近预警,变形过大,预警,simulated,SIMULATED-EXCAVAGUARD-V1,TRUE,
ZQS-06,2026-08-30,wall_top_horizontal_displacement,9.0,mm,positive,0.0,8.9,24,S6,连续接近预警,变形过大,预警,simulated,SIMULATED-EXCAVAGUARD-V1,TRUE,
ZQS-06,2026-08-31,wall_top_horizontal_displacement,9.1,mm,positive,0.0,9.0,24,S6,连续接近预警,变形过大,预警,simulated,SIMULATED-EXCAVAGUARD-V1,TRUE,
ZQS-06,2026-09-01,wall_top_horizontal_displacement,9.2,mm,positive,0.0,9.1,24,S6,连续接近预警,变形过大,预警,simulated,SIMULATED-EXCAVAGUARD-V1,TRUE,
ZQS-06,2026-09-02,wall_top_horizontal_displacement,9.3,mm,positive,0.0,9.2,24,S6,连续接近预警,变形过大,预警,simulated,SIMULATED-EXCAVAGUARD-V1,TRUE,
ZQS-06,2026-09-03,wall_top_horizontal_displacement,9.4,mm,positive,0.0,9.3,24,S6,连续接近预警,变形过大,预警,simulated,SIMULATED-EXCAVAGUARD-V1,TRUE,
ZQS-06,2026-09-04,wall_top_horizontal_displacement,9.5,mm,positive,0.0,9.4,24,S6,连续接近预警,变形过大,预警,simulated,SIMULATED-EXCAVAGUARD-V1,TRUE,
ZQS-06,2026-09-05,wall_top_horizontal_displacement,9.6,mm,positive,0.0,9.5,24,S6,连续接近预警,变形过大,预警,simulated,SIMULATED-EXCAVAGUARD-V1,TRUE,
ZQS-06,2026-09-06,wall_top_horizontal_displacement,9.7,mm,positive,0.0,9.6,24,S6,连续接近预警,变形过大,预警,simulated,SIMULATED-EXCAVAGUARD-V1,TRUE,
ZQS-06,2026-09-07,wall_top_horizontal_displacement,9.8,mm,positive,0.0,9.7,24,S6,连续接近预警,变形过大,预警,simulated,SIMULATED-EXCAVAGUARD-V1,TRUE,
ZQS-06,2026-09-08,wall_top_horizontal_displacement,9.9,mm,positive,0.0,9.8,24,S6,连续接近预警,变形过大,预警,simulated,SIMULATED-EXCAVAGUARD-V1,TRUE,
ZQS-06,2026-09-09,wall_top_horizontal_displacement,10.0,mm,positive,0.0,9.9,24,S6,连续接近预警,变形过大,预警,simulated,SIMULATED-EXCAVAGUARD-V1,TRUE,
ZQS-06,2026-09-10,wall_top_horizontal_displacement,10.1,mm,positive,0.0,10.0,24,S6,连续接近预警,变形过大,预警,simulated,SIMULATED-EXCAVAGUARD-V1,TRUE,
ZQS-06,2026-09-11,wall_top_horizontal_displacement,10.2,mm,positive,0.0,10.1,24,S6,连续接近预警,变形过大,预警,simulated,SIMULATED-EXCAVAGUARD-V1,TRUE,
ZQS-06,2026-09-12,wall_top_horizontal_displacement,10.3,mm,positive,0.0,10.2,24,S6,连续接近预警,变形过大,预警,simulated,SIMULATED-EXCAVAGUARD-V1,TRUE,
ZQS-06,2026-09-13,wall_top_horizontal_displacement,10.4,mm,positive,0.0,10.3,24,S6,连续接近预警,变形过大,预警,simulated,SIMULATED-EXCAVAGUARD-V1,TRUE,
ZQS-06,2026-09-14,wall_top_horizontal_displacement,10.5,mm,positive,0.0,10.4,24,S6,连续接近预警,变形过大,预警,simulated,SIMULATED-EXCAVAGUARD-V1,TRUE,
ZQS-06,2026-09-15,wall_top_horizontal_displacement,10.6,mm,positive,0.0,10.5,24,S6,连续接近预警,变形过大,预警,simulated,SIMULATED-EXCAVAGUARD-V1,TRUE,
ZQS-06,2026-09-16,wall_top_horizontal_displacement,10.7,mm,positive,0.0,10.6,24,S6,连续接近预警,变形过大,预警,simulated,SIMULATED-EXCAVAGUARD-V1,TRUE,
ZQS-06,2026-09-17,wall_top_horizontal_displacement,10.8,mm,positive,0.0,10.7,24,S6,连续接近预警,变形过大,预警,simulated,SIMULATED-EXCAVAGUARD-V1,TRUE,
ZQS-06,2026-09-18,wall_top_horizontal_displacement,10.9,mm,positive,0.0,10.8,24,S6,连续接近预警,变形过大,预警,simulated,SIMULATED-EXCAVAGUARD-V1,TRUE,
ZQS-06,2026-09-19,wall_top_horizontal_displacement,11.0,mm,positive,0.0,10.9,24,S6,连续接近预警,变形过大,预警,simulated,SIMULATED-EXCAVAGUARD-V1,TRUE,
ZQS-06,2026-09-20,wall_top_horizontal_displacement,11.1,mm,positive,0.0,11.0,24,S6,连续接近预警,变形过大,预警,simulated,SIMULATED-EXCAVAGUARD-V1,TRUE,
ZQS-06,2026-09-21,wall_top_horizontal_displacement,11.2,mm,positive,0.0,11.1,24,S6,连续接近预警,变形过大,预警,simulated,SIMULATED-EXCAVAGUARD-V1,TRUE,
ZQS-06,2026-09-22,wall_top_horizontal_displacement,11.3,mm,positive,0.0,11.2,24,S6,连续接近预警,变形过大,预警,simulated,SIMULATED-EXCAVAGUARD-V1,TRUE,
ZQS-06,2026-09-23,wall_top_horizontal_displacement,11.4,mm,positive,0.0,11.3,24,S6,连续接近预警,变形过大,预警,simulated,SIMULATED-EXCAVAGUARD-V1,TRUE,
ZQS-06,2026-09-24,wall_top_horizontal_displacement,11.5,mm,positive,0.0,11.4,24,S6,连续接近预警,变形过大,预警,simulated,SIMULATED-EXCAVAGUARD-V1,TRUE,
ZQS-06,2026-09-25,wall_top_horizontal_displacement,11.6,mm,positive,0.0,11.5,24,S6,连续接近预警,变形过大,预警,simulated,SIMULATED-EXCAVAGUARD-V1,TRUE,
ZQS-06,2026-09-26,wall_top_horizontal_displacement,11.7,mm,positive,0.0,11.6,24,S6,连续接近预警,变形过大,预警,simulated,SIMULATED-EXCAVAGUARD-V1,TRUE,
ZQS-06,2026-09-27,wall_top_horizontal_displacement,11.8,mm,positive,0.0,11.7,24,S6,连续接近预警,变形过大,预警,simulated,SIMULATED-EXCAVAGUARD-V1,TRUE,
ZQS-06,2026-09-28,wall_top_horizontal_displacement,11.9,mm,positive,0.0,11.8,24,S6,连续接近预警,变形过大,预警,simulated,SIMULATED-EXCAVAGUARD-V1,TRUE,
ZQS-06,2026-09-29,wall_top_horizontal_displacement,12.0,mm,positive,0.0,11.9,24,S6,连续接近预警,变形过大,预警,simulated,SIMULATED-EXCAVAGUARD-V1,TRUE,
SW-01,2026-08-01,groundwater_level,0.0,mm,negative,0.0,,,S7,渗漏水关联,渗漏水与地下水异常,报警,simulated,SIMULATED-EXCAVAGUARD-V1,TRUE,
SW-01,2026-08-02,groundwater_level,-2.0,mm,negative,0.0,0.0,24,S7,渗漏水关联,渗漏水与地下水异常,报警,simulated,SIMULATED-EXCAVAGUARD-V1,TRUE,
SW-01,2026-08-03,groundwater_level,-4.0,mm,negative,0.0,-2.0,24,S7,渗漏水关联,渗漏水与地下水异常,报警,simulated,SIMULATED-EXCAVAGUARD-V1,TRUE,
SW-01,2026-08-04,groundwater_level,-6.0,mm,negative,0.0,-4.0,24,S7,渗漏水关联,渗漏水与地下水异常,报警,simulated,SIMULATED-EXCAVAGUARD-V1,TRUE,
SW-01,2026-08-05,groundwater_level,-8.0,mm,negative,0.0,-6.0,24,S7,渗漏水关联,渗漏水与地下水异常,报警,simulated,SIMULATED-EXCAVAGUARD-V1,TRUE,
SW-01,2026-08-06,groundwater_level,-10.0,mm,negative,0.0,-8.0,24,S7,渗漏水关联,渗漏水与地下水异常,报警,simulated,SIMULATED-EXCAVAGUARD-V1,TRUE,
SW-01,2026-08-07,groundwater_level,-12.0,mm,negative,0.0,-10.0,24,S7,渗漏水关联,渗漏水与地下水异常,报警,simulated,SIMULATED-EXCAVAGUARD-V1,TRUE,
SW-01,2026-08-08,groundwater_level,-14.0,mm,negative,0.0,-12.0,24,S7,渗漏水关联,渗漏水与地下水异常,报警,simulated,SIMULATED-EXCAVAGUARD-V1,TRUE,
SW-01,2026-08-09,groundwater_level,-16.0,mm,negative,0.0,-14.0,24,S7,渗漏水关联,渗漏水与地下水异常,报警,simulated,SIMULATED-EXCAVAGUARD-V1,TRUE,
SW-01,2026-08-10,groundwater_level,-18.0,mm,negative,0.0,-16.0,24,S7,渗漏水关联,渗漏水与地下水异常,报警,simulated,SIMULATED-EXCAVAGUARD-V1,TRUE,
SW-01,2026-08-11,groundwater_level,-20.0,mm,negative,0.0,-18.0,24,S7,渗漏水关联,渗漏水与地下水异常,报警,simulated,SIMULATED-EXCAVAGUARD-V1,TRUE,
SW-01,2026-08-12,groundwater_level,-22.0,mm,negative,0.0,-20.0,24,S7,渗漏水关联,渗漏水与地下水异常,报警,simulated,SIMULATED-EXCAVAGUARD-V1,TRUE,
SW-01,2026-08-13,groundwater_level,-24.0,mm,negative,0.0,-22.0,24,S7,渗漏水关联,渗漏水与地下水异常,报警,simulated,SIMULATED-EXCAVAGUARD-V1,TRUE,
SW-01,2026-08-14,groundwater_level,-26.0,mm,negative,0.0,-24.0,24,S7,渗漏水关联,渗漏水与地下水异常,报警,simulated,SIMULATED-EXCAVAGUARD-V1,TRUE,
SW-01,2026-08-15,groundwater_level,-28.0,mm,negative,0.0,-26.0,24,S7,渗漏水关联,渗漏水与地下水异常,报警,simulated,SIMULATED-EXCAVAGUARD-V1,TRUE,
SW-01,2026-08-16,groundwater_level,-30.0,mm,negative,0.0,-28.0,24,S7,渗漏水关联,渗漏水与地下水异常,报警,simulated,SIMULATED-EXCAVAGUARD-V1,TRUE,
SW-01,2026-08-17,groundwater_level,-32.0,mm,negative,0.0,-30.0,24,S7,渗漏水关联,渗漏水与地下水异常,报警,simulated,SIMULATED-EXCAVAGUARD-V1,TRUE,
SW-01,2026-08-18,groundwater_level,-34.0,mm,negative,0.0,-32.0,24,S7,渗漏水关联,渗漏水与地下水异常,报警,simulated,SIMULATED-EXCAVAGUARD-V1,TRUE,
SW-01,2026-08-19,groundwater_level,-36.0,mm,negative,0.0,-34.0,24,S7,渗漏水关联,渗漏水与地下水异常,报警,simulated,SIMULATED-EXCAVAGUARD-V1,TRUE,
SW-01,2026-08-20,groundwater_level,-38.0,mm,negative,0.0,-36.0,24,S7,渗漏水关联,渗漏水与地下水异常,报警,simulated,SIMULATED-EXCAVAGUARD-V1,TRUE,
SW-01,2026-08-21,groundwater_level,-40.0,mm,negative,0.0,-38.0,24,S7,渗漏水关联,渗漏水与地下水异常,报警,simulated,SIMULATED-EXCAVAGUARD-V1,TRUE,
SW-01,2026-08-22,groundwater_level,-42.0,mm,negative,0.0,-40.0,24,S7,渗漏水关联,渗漏水与地下水异常,报警,simulated,SIMULATED-EXCAVAGUARD-V1,TRUE,
SW-01,2026-08-23,groundwater_level,-44.0,mm,negative,0.0,-42.0,24,S7,渗漏水关联,渗漏水与地下水异常,报警,simulated,SIMULATED-EXCAVAGUARD-V1,TRUE,
SW-01,2026-08-24,groundwater_level,-46.0,mm,negative,0.0,-44.0,24,S7,渗漏水关联,渗漏水与地下水异常,报警,simulated,SIMULATED-EXCAVAGUARD-V1,TRUE,
SW-01,2026-08-25,groundwater_level,-48.0,mm,negative,0.0,-46.0,24,S7,渗漏水关联,渗漏水与地下水异常,报警,simulated,SIMULATED-EXCAVAGUARD-V1,TRUE,
SW-01,2026-08-26,groundwater_level,-50.0,mm,negative,0.0,-48.0,24,S7,渗漏水关联,渗漏水与地下水异常,报警,simulated,SIMULATED-EXCAVAGUARD-V1,TRUE,
SW-01,2026-08-27,groundwater_level,-52.0,mm,negative,0.0,-50.0,24,S7,渗漏水关联,渗漏水与地下水异常,报警,simulated,SIMULATED-EXCAVAGUARD-V1,TRUE,
SW-01,2026-08-28,groundwater_level,-54.0,mm,negative,0.0,-52.0,24,S7,渗漏水关联,渗漏水与地下水异常,报警,simulated,SIMULATED-EXCAVAGUARD-V1,TRUE,
SW-01,2026-08-29,groundwater_level,-56.0,mm,negative,0.0,-54.0,24,S7,渗漏水关联,渗漏水与地下水异常,报警,simulated,SIMULATED-EXCAVAGUARD-V1,TRUE,
SW-01,2026-08-30,groundwater_level,-58.0,mm,negative,0.0,-56.0,24,S7,渗漏水关联,渗漏水与地下水异常,报警,simulated,SIMULATED-EXCAVAGUARD-V1,TRUE,
SW-01,2026-08-31,groundwater_level,-60.0,mm,negative,0.0,-58.0,24,S7,渗漏水关联,渗漏水与地下水异常,报警,simulated,SIMULATED-EXCAVAGUARD-V1,TRUE,
SW-01,2026-09-01,groundwater_level,-164.0,mm,negative,0.0,-60.0,24,S7,渗漏水关联,渗漏水与地下水异常,报警,simulated,SIMULATED-EXCAVAGUARD-V1,TRUE,
SW-01,2026-09-02,groundwater_level,-268.0,mm,negative,0.0,-164.0,24,S7,渗漏水关联,渗漏水与地下水异常,报警,simulated,SIMULATED-EXCAVAGUARD-V1,TRUE,
SW-01,2026-09-03,groundwater_level,-372.0,mm,negative,0.0,-268.0,24,S7,渗漏水关联,渗漏水与地下水异常,报警,simulated,SIMULATED-EXCAVAGUARD-V1,TRUE,
SW-01,2026-09-04,groundwater_level,-476.0,mm,negative,0.0,-372.0,24,S7,渗漏水关联,渗漏水与地下水异常,报警,simulated,SIMULATED-EXCAVAGUARD-V1,TRUE,
SW-01,2026-09-05,groundwater_level,-580.0,mm,negative,0.0,-476.0,24,S7,渗漏水关联,渗漏水与地下水异常,报警,simulated,SIMULATED-EXCAVAGUARD-V1,TRUE,
SW-01,2026-09-06,groundwater_level,-684.0,mm,negative,0.0,-580.0,24,S7,渗漏水关联,渗漏水与地下水异常,报警,simulated,SIMULATED-EXCAVAGUARD-V1,TRUE,
SW-01,2026-09-07,groundwater_level,-788.0,mm,negative,0.0,-684.0,24,S7,渗漏水关联,渗漏水与地下水异常,报警,simulated,SIMULATED-EXCAVAGUARD-V1,TRUE,
SW-01,2026-09-08,groundwater_level,-892.0,mm,negative,0.0,-788.0,24,S7,渗漏水关联,渗漏水与地下水异常,报警,simulated,SIMULATED-EXCAVAGUARD-V1,TRUE,
SW-01,2026-09-09,groundwater_level,-996.0,mm,negative,0.0,-892.0,24,S7,渗漏水关联,渗漏水与地下水异常,报警,simulated,SIMULATED-EXCAVAGUARD-V1,TRUE,
SW-01,2026-09-10,groundwater_level,-1100.0,mm,negative,0.0,-996.0,24,S7,渗漏水关联,渗漏水与地下水异常,报警,simulated,SIMULATED-EXCAVAGUARD-V1,TRUE,
SW-01,2026-09-11,groundwater_level,-1102.0,mm,negative,0.0,-1100.0,24,S7,渗漏水关联,渗漏水与地下水异常,报警,simulated,SIMULATED-EXCAVAGUARD-V1,TRUE,
SW-01,2026-09-12,groundwater_level,-1104.0,mm,negative,0.0,-1102.0,24,S7,渗漏水关联,渗漏水与地下水异常,报警,simulated,SIMULATED-EXCAVAGUARD-V1,TRUE,
SW-01,2026-09-13,groundwater_level,-1106.0,mm,negative,0.0,-1104.0,24,S7,渗漏水关联,渗漏水与地下水异常,报警,simulated,SIMULATED-EXCAVAGUARD-V1,TRUE,
SW-01,2026-09-14,groundwater_level,-1108.0,mm,negative,0.0,-1106.0,24,S7,渗漏水关联,渗漏水与地下水异常,报警,simulated,SIMULATED-EXCAVAGUARD-V1,TRUE,
SW-01,2026-09-15,groundwater_level,-1110.0,mm,negative,0.0,-1108.0,24,S7,渗漏水关联,渗漏水与地下水异常,报警,simulated,SIMULATED-EXCAVAGUARD-V1,TRUE,
SW-01,2026-09-16,groundwater_level,-1112.0,mm,negative,0.0,-1110.0,24,S7,渗漏水关联,渗漏水与地下水异常,报警,simulated,SIMULATED-EXCAVAGUARD-V1,TRUE,
SW-01,2026-09-17,groundwater_level,-1114.0,mm,negative,0.0,-1112.0,24,S7,渗漏水关联,渗漏水与地下水异常,报警,simulated,SIMULATED-EXCAVAGUARD-V1,TRUE,
SW-01,2026-09-18,groundwater_level,-1116.0,mm,negative,0.0,-1114.0,24,S7,渗漏水关联,渗漏水与地下水异常,报警,simulated,SIMULATED-EXCAVAGUARD-V1,TRUE,
SW-01,2026-09-19,groundwater_level,-1118.0,mm,negative,0.0,-1116.0,24,S7,渗漏水关联,渗漏水与地下水异常,报警,simulated,SIMULATED-EXCAVAGUARD-V1,TRUE,
SW-01,2026-09-20,groundwater_level,-1120.0,mm,negative,0.0,-1118.0,24,S7,渗漏水关联,渗漏水与地下水异常,报警,simulated,SIMULATED-EXCAVAGUARD-V1,TRUE,
SW-01,2026-09-21,groundwater_level,-1122.0,mm,negative,0.0,-1120.0,24,S7,渗漏水关联,渗漏水与地下水异常,报警,simulated,SIMULATED-EXCAVAGUARD-V1,TRUE,
SW-01,2026-09-22,groundwater_level,-1124.0,mm,negative,0.0,-1122.0,24,S7,渗漏水关联,渗漏水与地下水异常,报警,simulated,SIMULATED-EXCAVAGUARD-V1,TRUE,
SW-01,2026-09-23,groundwater_level,-1126.0,mm,negative,0.0,-1124.0,24,S7,渗漏水关联,渗漏水与地下水异常,报警,simulated,SIMULATED-EXCAVAGUARD-V1,TRUE,
SW-01,2026-09-24,groundwater_level,-1128.0,mm,negative,0.0,-1126.0,24,S7,渗漏水关联,渗漏水与地下水异常,报警,simulated,SIMULATED-EXCAVAGUARD-V1,TRUE,
SW-01,2026-09-25,groundwater_level,-1130.0,mm,negative,0.0,-1128.0,24,S7,渗漏水关联,渗漏水与地下水异常,报警,simulated,SIMULATED-EXCAVAGUARD-V1,TRUE,
SW-01,2026-09-26,groundwater_level,-1132.0,mm,negative,0.0,-1130.0,24,S7,渗漏水关联,渗漏水与地下水异常,报警,simulated,SIMULATED-EXCAVAGUARD-V1,TRUE,
SW-01,2026-09-27,groundwater_level,-1134.0,mm,negative,0.0,-1132.0,24,S7,渗漏水关联,渗漏水与地下水异常,报警,simulated,SIMULATED-EXCAVAGUARD-V1,TRUE,
SW-01,2026-09-28,groundwater_level,-1136.0,mm,negative,0.0,-1134.0,24,S7,渗漏水关联,渗漏水与地下水异常,报警,simulated,SIMULATED-EXCAVAGUARD-V1,TRUE,
SW-01,2026-09-29,groundwater_level,-1138.0,mm,negative,0.0,-1136.0,24,S7,渗漏水关联,渗漏水与地下水异常,报警,simulated,SIMULATED-EXCAVAGUARD-V1,TRUE,
DB-04,2026-08-01,surface_settlement,0.0,mm,negative,0.0,,,S7,渗漏水关联,渗漏水与地下水异常,报警,simulated,SIMULATED-EXCAVAGUARD-V1,TRUE,
DB-04,2026-08-02,surface_settlement,-0.05,mm,negative,0.0,0.0,24,S7,渗漏水关联,渗漏水与地下水异常,报警,simulated,SIMULATED-EXCAVAGUARD-V1,TRUE,
DB-04,2026-08-03,surface_settlement,-0.1,mm,negative,0.0,-0.05,24,S7,渗漏水关联,渗漏水与地下水异常,报警,simulated,SIMULATED-EXCAVAGUARD-V1,TRUE,
DB-04,2026-08-04,surface_settlement,-0.15,mm,negative,0.0,-0.1,24,S7,渗漏水关联,渗漏水与地下水异常,报警,simulated,SIMULATED-EXCAVAGUARD-V1,TRUE,
DB-04,2026-08-05,surface_settlement,-0.2,mm,negative,0.0,-0.15,24,S7,渗漏水关联,渗漏水与地下水异常,报警,simulated,SIMULATED-EXCAVAGUARD-V1,TRUE,
DB-04,2026-08-06,surface_settlement,-0.25,mm,negative,0.0,-0.2,24,S7,渗漏水关联,渗漏水与地下水异常,报警,simulated,SIMULATED-EXCAVAGUARD-V1,TRUE,
DB-04,2026-08-07,surface_settlement,-0.3,mm,negative,0.0,-0.25,24,S7,渗漏水关联,渗漏水与地下水异常,报警,simulated,SIMULATED-EXCAVAGUARD-V1,TRUE,
DB-04,2026-08-08,surface_settlement,-0.35,mm,negative,0.0,-0.3,24,S7,渗漏水关联,渗漏水与地下水异常,报警,simulated,SIMULATED-EXCAVAGUARD-V1,TRUE,
DB-04,2026-08-09,surface_settlement,-0.4,mm,negative,0.0,-0.35,24,S7,渗漏水关联,渗漏水与地下水异常,报警,simulated,SIMULATED-EXCAVAGUARD-V1,TRUE,
DB-04,2026-08-10,surface_settlement,-0.45,mm,negative,0.0,-0.4,24,S7,渗漏水关联,渗漏水与地下水异常,报警,simulated,SIMULATED-EXCAVAGUARD-V1,TRUE,
DB-04,2026-08-11,surface_settlement,-0.5,mm,negative,0.0,-0.45,24,S7,渗漏水关联,渗漏水与地下水异常,报警,simulated,SIMULATED-EXCAVAGUARD-V1,TRUE,
DB-04,2026-08-12,surface_settlement,-0.55,mm,negative,0.0,-0.5,24,S7,渗漏水关联,渗漏水与地下水异常,报警,simulated,SIMULATED-EXCAVAGUARD-V1,TRUE,
DB-04,2026-08-13,surface_settlement,-0.6,mm,negative,0.0,-0.55,24,S7,渗漏水关联,渗漏水与地下水异常,报警,simulated,SIMULATED-EXCAVAGUARD-V1,TRUE,
DB-04,2026-08-14,surface_settlement,-0.65,mm,negative,0.0,-0.6,24,S7,渗漏水关联,渗漏水与地下水异常,报警,simulated,SIMULATED-EXCAVAGUARD-V1,TRUE,
DB-04,2026-08-15,surface_settlement,-0.7,mm,negative,0.0,-0.65,24,S7,渗漏水关联,渗漏水与地下水异常,报警,simulated,SIMULATED-EXCAVAGUARD-V1,TRUE,
DB-04,2026-08-16,surface_settlement,-0.75,mm,negative,0.0,-0.7,24,S7,渗漏水关联,渗漏水与地下水异常,报警,simulated,SIMULATED-EXCAVAGUARD-V1,TRUE,
DB-04,2026-08-17,surface_settlement,-0.8,mm,negative,0.0,-0.75,24,S7,渗漏水关联,渗漏水与地下水异常,报警,simulated,SIMULATED-EXCAVAGUARD-V1,TRUE,
DB-04,2026-08-18,surface_settlement,-0.85,mm,negative,0.0,-0.8,24,S7,渗漏水关联,渗漏水与地下水异常,报警,simulated,SIMULATED-EXCAVAGUARD-V1,TRUE,
DB-04,2026-08-19,surface_settlement,-0.9,mm,negative,0.0,-0.85,24,S7,渗漏水关联,渗漏水与地下水异常,报警,simulated,SIMULATED-EXCAVAGUARD-V1,TRUE,
DB-04,2026-08-20,surface_settlement,-0.95,mm,negative,0.0,-0.9,24,S7,渗漏水关联,渗漏水与地下水异常,报警,simulated,SIMULATED-EXCAVAGUARD-V1,TRUE,
DB-04,2026-08-21,surface_settlement,-1.0,mm,negative,0.0,-0.95,24,S7,渗漏水关联,渗漏水与地下水异常,报警,simulated,SIMULATED-EXCAVAGUARD-V1,TRUE,
DB-04,2026-08-22,surface_settlement,-1.05,mm,negative,0.0,-1.0,24,S7,渗漏水关联,渗漏水与地下水异常,报警,simulated,SIMULATED-EXCAVAGUARD-V1,TRUE,
DB-04,2026-08-23,surface_settlement,-1.1,mm,negative,0.0,-1.05,24,S7,渗漏水关联,渗漏水与地下水异常,报警,simulated,SIMULATED-EXCAVAGUARD-V1,TRUE,
DB-04,2026-08-24,surface_settlement,-1.15,mm,negative,0.0,-1.1,24,S7,渗漏水关联,渗漏水与地下水异常,报警,simulated,SIMULATED-EXCAVAGUARD-V1,TRUE,
DB-04,2026-08-25,surface_settlement,-1.2,mm,negative,0.0,-1.15,24,S7,渗漏水关联,渗漏水与地下水异常,报警,simulated,SIMULATED-EXCAVAGUARD-V1,TRUE,
DB-04,2026-08-26,surface_settlement,-1.25,mm,negative,0.0,-1.2,24,S7,渗漏水关联,渗漏水与地下水异常,报警,simulated,SIMULATED-EXCAVAGUARD-V1,TRUE,
DB-04,2026-08-27,surface_settlement,-1.3,mm,negative,0.0,-1.25,24,S7,渗漏水关联,渗漏水与地下水异常,报警,simulated,SIMULATED-EXCAVAGUARD-V1,TRUE,
DB-04,2026-08-28,surface_settlement,-1.35,mm,negative,0.0,-1.3,24,S7,渗漏水关联,渗漏水与地下水异常,报警,simulated,SIMULATED-EXCAVAGUARD-V1,TRUE,
DB-04,2026-08-29,surface_settlement,-1.4,mm,negative,0.0,-1.35,24,S7,渗漏水关联,渗漏水与地下水异常,报警,simulated,SIMULATED-EXCAVAGUARD-V1,TRUE,
DB-04,2026-08-30,surface_settlement,-1.45,mm,negative,0.0,-1.4,24,S7,渗漏水关联,渗漏水与地下水异常,报警,simulated,SIMULATED-EXCAVAGUARD-V1,TRUE,
DB-04,2026-08-31,surface_settlement,-1.5,mm,negative,0.0,-1.45,24,S7,渗漏水关联,渗漏水与地下水异常,报警,simulated,SIMULATED-EXCAVAGUARD-V1,TRUE,
DB-04,2026-09-01,surface_settlement,-2.9,mm,negative,0.0,-1.5,24,S7,渗漏水关联,渗漏水与地下水异常,报警,simulated,SIMULATED-EXCAVAGUARD-V1,TRUE,
DB-04,2026-09-02,surface_settlement,-4.3,mm,negative,0.0,-2.9,24,S7,渗漏水关联,渗漏水与地下水异常,报警,simulated,SIMULATED-EXCAVAGUARD-V1,TRUE,
DB-04,2026-09-03,surface_settlement,-5.7,mm,negative,0.0,-4.3,24,S7,渗漏水关联,渗漏水与地下水异常,报警,simulated,SIMULATED-EXCAVAGUARD-V1,TRUE,
DB-04,2026-09-04,surface_settlement,-7.1,mm,negative,0.0,-5.7,24,S7,渗漏水关联,渗漏水与地下水异常,报警,simulated,SIMULATED-EXCAVAGUARD-V1,TRUE,
DB-04,2026-09-05,surface_settlement,-8.5,mm,negative,0.0,-7.1,24,S7,渗漏水关联,渗漏水与地下水异常,报警,simulated,SIMULATED-EXCAVAGUARD-V1,TRUE,
DB-04,2026-09-06,surface_settlement,-9.9,mm,negative,0.0,-8.5,24,S7,渗漏水关联,渗漏水与地下水异常,报警,simulated,SIMULATED-EXCAVAGUARD-V1,TRUE,
DB-04,2026-09-07,surface_settlement,-11.3,mm,negative,0.0,-9.9,24,S7,渗漏水关联,渗漏水与地下水异常,报警,simulated,SIMULATED-EXCAVAGUARD-V1,TRUE,
DB-04,2026-09-08,surface_settlement,-12.7,mm,negative,0.0,-11.3,24,S7,渗漏水关联,渗漏水与地下水异常,报警,simulated,SIMULATED-EXCAVAGUARD-V1,TRUE,
DB-04,2026-09-09,surface_settlement,-14.1,mm,negative,0.0,-12.7,24,S7,渗漏水关联,渗漏水与地下水异常,报警,simulated,SIMULATED-EXCAVAGUARD-V1,TRUE,
DB-04,2026-09-10,surface_settlement,-15.5,mm,negative,0.0,-14.1,24,S7,渗漏水关联,渗漏水与地下水异常,报警,simulated,SIMULATED-EXCAVAGUARD-V1,TRUE,
DB-04,2026-09-11,surface_settlement,-15.55,mm,negative,0.0,-15.5,24,S7,渗漏水关联,渗漏水与地下水异常,报警,simulated,SIMULATED-EXCAVAGUARD-V1,TRUE,
DB-04,2026-09-12,surface_settlement,-15.6,mm,negative,0.0,-15.55,24,S7,渗漏水关联,渗漏水与地下水异常,报警,simulated,SIMULATED-EXCAVAGUARD-V1,TRUE,
DB-04,2026-09-13,surface_settlement,-15.65,mm,negative,0.0,-15.6,24,S7,渗漏水关联,渗漏水与地下水异常,报警,simulated,SIMULATED-EXCAVAGUARD-V1,TRUE,
DB-04,2026-09-14,surface_settlement,-15.7,mm,negative,0.0,-15.65,24,S7,渗漏水关联,渗漏水与地下水异常,报警,simulated,SIMULATED-EXCAVAGUARD-V1,TRUE,
DB-04,2026-09-15,surface_settlement,-15.75,mm,negative,0.0,-15.7,24,S7,渗漏水关联,渗漏水与地下水异常,报警,simulated,SIMULATED-EXCAVAGUARD-V1,TRUE,
DB-04,2026-09-16,surface_settlement,-15.8,mm,negative,0.0,-15.75,24,S7,渗漏水关联,渗漏水与地下水异常,报警,simulated,SIMULATED-EXCAVAGUARD-V1,TRUE,
DB-04,2026-09-17,surface_settlement,-15.85,mm,negative,0.0,-15.8,24,S7,渗漏水关联,渗漏水与地下水异常,报警,simulated,SIMULATED-EXCAVAGUARD-V1,TRUE,
DB-04,2026-09-18,surface_settlement,-15.9,mm,negative,0.0,-15.85,24,S7,渗漏水关联,渗漏水与地下水异常,报警,simulated,SIMULATED-EXCAVAGUARD-V1,TRUE,
DB-04,2026-09-19,surface_settlement,-15.95,mm,negative,0.0,-15.9,24,S7,渗漏水关联,渗漏水与地下水异常,报警,simulated,SIMULATED-EXCAVAGUARD-V1,TRUE,
DB-04,2026-09-20,surface_settlement,-16.0,mm,negative,0.0,-15.95,24,S7,渗漏水关联,渗漏水与地下水异常,报警,simulated,SIMULATED-EXCAVAGUARD-V1,TRUE,
DB-04,2026-09-21,surface_settlement,-16.05,mm,negative,0.0,-16.0,24,S7,渗漏水关联,渗漏水与地下水异常,报警,simulated,SIMULATED-EXCAVAGUARD-V1,TRUE,
DB-04,2026-09-22,surface_settlement,-16.1,mm,negative,0.0,-16.05,24,S7,渗漏水关联,渗漏水与地下水异常,报警,simulated,SIMULATED-EXCAVAGUARD-V1,TRUE,
DB-04,2026-09-23,surface_settlement,-16.15,mm,negative,0.0,-16.1,24,S7,渗漏水关联,渗漏水与地下水异常,报警,simulated,SIMULATED-EXCAVAGUARD-V1,TRUE,
DB-04,2026-09-24,surface_settlement,-16.2,mm,negative,0.0,-16.15,24,S7,渗漏水关联,渗漏水与地下水异常,报警,simulated,SIMULATED-EXCAVAGUARD-V1,TRUE,
DB-04,2026-09-25,surface_settlement,-16.25,mm,negative,0.0,-16.2,24,S7,渗漏水关联,渗漏水与地下水异常,报警,simulated,SIMULATED-EXCAVAGUARD-V1,TRUE,
DB-04,2026-09-26,surface_settlement,-16.3,mm,negative,0.0,-16.25,24,S7,渗漏水关联,渗漏水与地下水异常,报警,simulated,SIMULATED-EXCAVAGUARD-V1,TRUE,
DB-04,2026-09-27,surface_settlement,-16.35,mm,negative,0.0,-16.3,24,S7,渗漏水关联,渗漏水与地下水异常,报警,simulated,SIMULATED-EXCAVAGUARD-V1,TRUE,
DB-04,2026-09-28,surface_settlement,-16.4,mm,negative,0.0,-16.35,24,S7,渗漏水关联,渗漏水与地下水异常,报警,simulated,SIMULATED-EXCAVAGUARD-V1,TRUE,
DB-04,2026-09-29,surface_settlement,-16.45,mm,negative,0.0,-16.4,24,S7,渗漏水关联,渗漏水与地下水异常,报警,simulated,SIMULATED-EXCAVAGUARD-V1,TRUE,
ZL-02,2026-08-01,support_axial_force,0.0,kN,positive,0.0,,,S8,支撑轴力异常,支护受力异常,报警,simulated,SIMULATED-EXCAVAGUARD-V1,TRUE,
ZL-02,2026-08-02,support_axial_force,37.828,kN,positive,0.0,0.0,24,S8,支撑轴力异常,支护受力异常,报警,simulated,SIMULATED-EXCAVAGUARD-V1,TRUE,
ZL-02,2026-08-03,support_axial_force,73.612,kN,positive,0.0,37.828,24,S8,支撑轴力异常,支护受力异常,报警,simulated,SIMULATED-EXCAVAGUARD-V1,TRUE,
ZL-02,2026-08-04,support_axial_force,107.463,kN,positive,0.0,73.612,24,S8,支撑轴力异常,支护受力异常,报警,simulated,SIMULATED-EXCAVAGUARD-V1,TRUE,
ZL-02,2026-08-05,support_axial_force,139.484,kN,positive,0.0,107.463,24,S8,支撑轴力异常,支护受力异常,报警,simulated,SIMULATED-EXCAVAGUARD-V1,TRUE,
ZL-02,2026-08-06,support_axial_force,169.774,kN,positive,0.0,139.484,24,S8,支撑轴力异常,支护受力异常,报警,simulated,SIMULATED-EXCAVAGUARD-V1,TRUE,
ZL-02,2026-08-07,support_axial_force,198.428,kN,positive,0.0,169.774,24,S8,支撑轴力异常,支护受力异常,报警,simulated,SIMULATED-EXCAVAGUARD-V1,TRUE,
ZL-02,2026-08-08,support_axial_force,225.533,kN,positive,0.0,198.428,24,S8,支撑轴力异常,支护受力异常,报警,simulated,SIMULATED-EXCAVAGUARD-V1,TRUE,
ZL-02,2026-08-09,support_axial_force,251.174,kN,positive,0.0,225.533,24,S8,支撑轴力异常,支护受力异常,报警,simulated,SIMULATED-EXCAVAGUARD-V1,TRUE,
ZL-02,2026-08-10,support_axial_force,275.429,kN,positive,0.0,251.174,24,S8,支撑轴力异常,支护受力异常,报警,simulated,SIMULATED-EXCAVAGUARD-V1,TRUE,
ZL-02,2026-08-11,support_axial_force,298.373,kN,positive,0.0,275.429,24,S8,支撑轴力异常,支护受力异常,报警,simulated,SIMULATED-EXCAVAGUARD-V1,TRUE,
ZL-02,2026-08-12,support_axial_force,320.077,kN,positive,0.0,298.373,24,S8,支撑轴力异常,支护受力异常,报警,simulated,SIMULATED-EXCAVAGUARD-V1,TRUE,
ZL-02,2026-08-13,support_axial_force,340.608,kN,positive,0.0,320.077,24,S8,支撑轴力异常,支护受力异常,报警,simulated,SIMULATED-EXCAVAGUARD-V1,TRUE,
ZL-02,2026-08-14,support_axial_force,360.03,kN,positive,0.0,340.608,24,S8,支撑轴力异常,支护受力异常,报警,simulated,SIMULATED-EXCAVAGUARD-V1,TRUE,
ZL-02,2026-08-15,support_axial_force,378.402,kN,positive,0.0,360.03,24,S8,支撑轴力异常,支护受力异常,报警,simulated,SIMULATED-EXCAVAGUARD-V1,TRUE,
ZL-02,2026-08-16,support_axial_force,395.781,kN,positive,0.0,378.402,24,S8,支撑轴力异常,支护受力异常,报警,simulated,SIMULATED-EXCAVAGUARD-V1,TRUE,
ZL-02,2026-08-17,support_axial_force,412.221,kN,positive,0.0,395.781,24,S8,支撑轴力异常,支护受力异常,报警,simulated,SIMULATED-EXCAVAGUARD-V1,TRUE,
ZL-02,2026-08-18,support_axial_force,427.773,kN,positive,0.0,412.221,24,S8,支撑轴力异常,支护受力异常,报警,simulated,SIMULATED-EXCAVAGUARD-V1,TRUE,
ZL-02,2026-08-19,support_axial_force,442.484,kN,positive,0.0,427.773,24,S8,支撑轴力异常,支护受力异常,报警,simulated,SIMULATED-EXCAVAGUARD-V1,TRUE,
ZL-02,2026-08-20,support_axial_force,456.401,kN,positive,0.0,442.484,24,S8,支撑轴力异常,支护受力异常,报警,simulated,SIMULATED-EXCAVAGUARD-V1,TRUE,
ZL-02,2026-08-21,support_axial_force,469.565,kN,positive,0.0,456.401,24,S8,支撑轴力异常,支护受力异常,报警,simulated,SIMULATED-EXCAVAGUARD-V1,TRUE,
ZL-02,2026-08-22,support_axial_force,482.018,kN,positive,0.0,469.565,24,S8,支撑轴力异常,支护受力异常,报警,simulated,SIMULATED-EXCAVAGUARD-V1,TRUE,
ZL-02,2026-08-23,support_axial_force,493.798,kN,positive,0.0,482.018,24,S8,支撑轴力异常,支护受力异常,报警,simulated,SIMULATED-EXCAVAGUARD-V1,TRUE,
ZL-02,2026-08-24,support_axial_force,504.941,kN,positive,0.0,493.798,24,S8,支撑轴力异常,支护受力异常,报警,simulated,SIMULATED-EXCAVAGUARD-V1,TRUE,
ZL-02,2026-08-25,support_axial_force,515.482,kN,positive,0.0,504.941,24,S8,支撑轴力异常,支护受力异常,报警,simulated,SIMULATED-EXCAVAGUARD-V1,TRUE,
ZL-02,2026-08-26,support_axial_force,525.453,kN,positive,0.0,515.482,24,S8,支撑轴力异常,支护受力异常,报警,simulated,SIMULATED-EXCAVAGUARD-V1,TRUE,
ZL-02,2026-08-27,support_axial_force,534.886,kN,positive,0.0,525.453,24,S8,支撑轴力异常,支护受力异常,报警,simulated,SIMULATED-EXCAVAGUARD-V1,TRUE,
ZL-02,2026-08-28,support_axial_force,543.809,kN,positive,0.0,534.886,24,S8,支撑轴力异常,支护受力异常,报警,simulated,SIMULATED-EXCAVAGUARD-V1,TRUE,
ZL-02,2026-08-29,support_axial_force,552.25,kN,positive,0.0,543.809,24,S8,支撑轴力异常,支护受力异常,报警,simulated,SIMULATED-EXCAVAGUARD-V1,TRUE,
ZL-02,2026-08-30,support_axial_force,560.234,kN,positive,0.0,552.25,24,S8,支撑轴力异常,支护受力异常,报警,simulated,SIMULATED-EXCAVAGUARD-V1,TRUE,
ZL-02,2026-08-31,support_axial_force,567.787,kN,positive,0.0,560.234,24,S8,支撑轴力异常,支护受力异常,报警,simulated,SIMULATED-EXCAVAGUARD-V1,TRUE,
ZL-02,2026-09-01,support_axial_force,574.932,kN,positive,0.0,567.787,24,S8,支撑轴力异常,支护受力异常,报警,simulated,SIMULATED-EXCAVAGUARD-V1,TRUE,
ZL-02,2026-09-02,support_axial_force,581.691,kN,positive,0.0,574.932,24,S8,支撑轴力异常,支护受力异常,报警,simulated,SIMULATED-EXCAVAGUARD-V1,TRUE,
ZL-02,2026-09-03,support_axial_force,588.084,kN,positive,0.0,581.691,24,S8,支撑轴力异常,支护受力异常,报警,simulated,SIMULATED-EXCAVAGUARD-V1,TRUE,
ZL-02,2026-09-04,support_axial_force,594.132,kN,positive,0.0,588.084,24,S8,支撑轴力异常,支护受力异常,报警,simulated,SIMULATED-EXCAVAGUARD-V1,TRUE,
ZL-02,2026-09-05,support_axial_force,599.853,kN,positive,0.0,594.132,24,S8,支撑轴力异常,支护受力异常,报警,simulated,SIMULATED-EXCAVAGUARD-V1,TRUE,
ZL-02,2026-09-06,support_axial_force,605.265,kN,positive,0.0,599.853,24,S8,支撑轴力异常,支护受力异常,报警,simulated,SIMULATED-EXCAVAGUARD-V1,TRUE,
ZL-02,2026-09-07,support_axial_force,610.385,kN,positive,0.0,605.265,24,S8,支撑轴力异常,支护受力异常,报警,simulated,SIMULATED-EXCAVAGUARD-V1,TRUE,
ZL-02,2026-09-08,support_axial_force,615.228,kN,positive,0.0,610.385,24,S8,支撑轴力异常,支护受力异常,报警,simulated,SIMULATED-EXCAVAGUARD-V1,TRUE,
ZL-02,2026-09-09,support_axial_force,619.809,kN,positive,0.0,615.228,24,S8,支撑轴力异常,支护受力异常,报警,simulated,SIMULATED-EXCAVAGUARD-V1,TRUE,
ZL-02,2026-09-10,support_axial_force,624.142,kN,positive,0.0,619.809,24,S8,支撑轴力异常,支护受力异常,报警,simulated,SIMULATED-EXCAVAGUARD-V1,TRUE,
ZL-02,2026-09-11,support_axial_force,628.242,kN,positive,0.0,624.142,24,S8,支撑轴力异常,支护受力异常,报警,simulated,SIMULATED-EXCAVAGUARD-V1,TRUE,
ZL-02,2026-09-12,support_axial_force,632.12,kN,positive,0.0,628.242,24,S8,支撑轴力异常,支护受力异常,报警,simulated,SIMULATED-EXCAVAGUARD-V1,TRUE,
ZL-02,2026-09-13,support_axial_force,635.788,kN,positive,0.0,632.12,24,S8,支撑轴力异常,支护受力异常,报警,simulated,SIMULATED-EXCAVAGUARD-V1,TRUE,
ZL-02,2026-09-14,support_axial_force,639.258,kN,positive,0.0,635.788,24,S8,支撑轴力异常,支护受力异常,报警,simulated,SIMULATED-EXCAVAGUARD-V1,TRUE,
ZL-02,2026-09-15,support_axial_force,642.541,kN,positive,0.0,639.258,24,S8,支撑轴力异常,支护受力异常,报警,simulated,SIMULATED-EXCAVAGUARD-V1,TRUE,
ZL-02,2026-09-16,support_axial_force,645.646,kN,positive,0.0,642.541,24,S8,支撑轴力异常,支护受力异常,报警,simulated,SIMULATED-EXCAVAGUARD-V1,TRUE,
ZL-02,2026-09-17,support_axial_force,648.583,kN,positive,0.0,645.646,24,S8,支撑轴力异常,支护受力异常,报警,simulated,SIMULATED-EXCAVAGUARD-V1,TRUE,
ZL-02,2026-09-18,support_axial_force,651.362,kN,positive,0.0,648.583,24,S8,支撑轴力异常,支护受力异常,报警,simulated,SIMULATED-EXCAVAGUARD-V1,TRUE,
ZL-02,2026-09-19,support_axial_force,653.99,kN,positive,0.0,651.362,24,S8,支撑轴力异常,支护受力异常,报警,simulated,SIMULATED-EXCAVAGUARD-V1,TRUE,
ZL-02,2026-09-20,support_axial_force,656.476,kN,positive,0.0,653.99,24,S8,支撑轴力异常,支护受力异常,报警,simulated,SIMULATED-EXCAVAGUARD-V1,TRUE,
ZL-02,2026-09-21,support_axial_force,658.828,kN,positive,0.0,656.476,24,S8,支撑轴力异常,支护受力异常,报警,simulated,SIMULATED-EXCAVAGUARD-V1,TRUE,
ZL-02,2026-09-22,support_axial_force,661.053,kN,positive,0.0,658.828,24,S8,支撑轴力异常,支护受力异常,报警,simulated,SIMULATED-EXCAVAGUARD-V1,TRUE,
ZL-02,2026-09-23,support_axial_force,663.158,kN,positive,0.0,661.053,24,S8,支撑轴力异常,支护受力异常,报警,simulated,SIMULATED-EXCAVAGUARD-V1,TRUE,
ZL-02,2026-09-24,support_axial_force,665.149,kN,positive,0.0,663.158,24,S8,支撑轴力异常,支护受力异常,报警,simulated,SIMULATED-EXCAVAGUARD-V1,TRUE,
ZL-02,2026-09-25,support_axial_force,667.032,kN,positive,0.0,665.149,24,S8,支撑轴力异常,支护受力异常,报警,simulated,SIMULATED-EXCAVAGUARD-V1,TRUE,
ZL-02,2026-09-26,support_axial_force,668.814,kN,positive,0.0,667.032,24,S8,支撑轴力异常,支护受力异常,报警,simulated,SIMULATED-EXCAVAGUARD-V1,TRUE,
ZL-02,2026-09-27,support_axial_force,670.499,kN,positive,0.0,668.814,24,S8,支撑轴力异常,支护受力异常,报警,simulated,SIMULATED-EXCAVAGUARD-V1,TRUE,
ZL-02,2026-09-28,support_axial_force,672.094,kN,positive,0.0,670.499,24,S8,支撑轴力异常,支护受力异常,报警,simulated,SIMULATED-EXCAVAGUARD-V1,TRUE,
ZL-02,2026-09-29,support_axial_force,673.602,kN,positive,0.0,672.094,24,S8,支撑轴力异常,支护受力异常,报警,simulated,SIMULATED-EXCAVAGUARD-V1,TRUE,
ZL-03,2026-08-01,support_axial_force,0.0,kN,positive,0.0,,,S8,支撑轴力异常,支护受力异常,报警,simulated,SIMULATED-EXCAVAGUARD-V1,TRUE,
ZL-03,2026-08-02,support_axial_force,28.101,kN,positive,0.0,0.0,24,S8,支撑轴力异常,支护受力异常,报警,simulated,SIMULATED-EXCAVAGUARD-V1,TRUE,
ZL-03,2026-08-03,support_axial_force,54.684,kN,positive,0.0,28.101,24,S8,支撑轴力异常,支护受力异常,报警,simulated,SIMULATED-EXCAVAGUARD-V1,TRUE,
ZL-03,2026-08-04,support_axial_force,79.83,kN,positive,0.0,54.684,24,S8,支撑轴力异常,支护受力异常,报警,simulated,SIMULATED-EXCAVAGUARD-V1,TRUE,
ZL-03,2026-08-05,support_axial_force,103.617,kN,positive,0.0,79.83,24,S8,支撑轴力异常,支护受力异常,报警,simulated,SIMULATED-EXCAVAGUARD-V1,TRUE,
ZL-03,2026-08-06,support_axial_force,126.118,kN,positive,0.0,103.617,24,S8,支撑轴力异常,支护受力异常,报警,simulated,SIMULATED-EXCAVAGUARD-V1,TRUE,
ZL-03,2026-08-07,support_axial_force,147.404,kN,positive,0.0,126.118,24,S8,支撑轴力异常,支护受力异常,报警,simulated,SIMULATED-EXCAVAGUARD-V1,TRUE,
ZL-03,2026-08-08,support_axial_force,167.539,kN,positive,0.0,147.404,24,S8,支撑轴力异常,支护受力异常,报警,simulated,SIMULATED-EXCAVAGUARD-V1,TRUE,
ZL-03,2026-08-09,support_axial_force,186.586,kN,positive,0.0,167.539,24,S8,支撑轴力异常,支护受力异常,报警,simulated,SIMULATED-EXCAVAGUARD-V1,TRUE,
ZL-03,2026-08-10,support_axial_force,204.604,kN,positive,0.0,186.586,24,S8,支撑轴力异常,支护受力异常,报警,simulated,SIMULATED-EXCAVAGUARD-V1,TRUE,
ZL-03,2026-08-11,support_axial_force,221.648,kN,positive,0.0,204.604,24,S8,支撑轴力异常,支护受力异常,报警,simulated,SIMULATED-EXCAVAGUARD-V1,TRUE,
ZL-03,2026-08-12,support_axial_force,237.771,kN,positive,0.0,221.648,24,S8,支撑轴力异常,支护受力异常,报警,simulated,SIMULATED-EXCAVAGUARD-V1,TRUE,
ZL-03,2026-08-13,support_axial_force,253.023,kN,positive,0.0,237.771,24,S8,支撑轴力异常,支护受力异常,报警,simulated,SIMULATED-EXCAVAGUARD-V1,TRUE,
ZL-03,2026-08-14,support_axial_force,267.451,kN,positive,0.0,253.023,24,S8,支撑轴力异常,支护受力异常,报警,simulated,SIMULATED-EXCAVAGUARD-V1,TRUE,
ZL-03,2026-08-15,support_axial_force,281.099,kN,positive,0.0,267.451,24,S8,支撑轴力异常,支护受力异常,报警,simulated,SIMULATED-EXCAVAGUARD-V1,TRUE,
ZL-03,2026-08-16,support_axial_force,294.009,kN,positive,0.0,281.099,24,S8,支撑轴力异常,支护受力异常,报警,simulated,SIMULATED-EXCAVAGUARD-V1,TRUE,
ZL-03,2026-08-17,support_axial_force,306.222,kN,positive,0.0,294.009,24,S8,支撑轴力异常,支护受力异常,报警,simulated,SIMULATED-EXCAVAGUARD-V1,TRUE,
ZL-03,2026-08-18,support_axial_force,317.774,kN,positive,0.0,306.222,24,S8,支撑轴力异常,支护受力异常,报警,simulated,SIMULATED-EXCAVAGUARD-V1,TRUE,
ZL-03,2026-08-19,support_axial_force,328.703,kN,positive,0.0,317.774,24,S8,支撑轴力异常,支护受力异常,报警,simulated,SIMULATED-EXCAVAGUARD-V1,TRUE,
ZL-03,2026-08-20,support_axial_force,339.04,kN,positive,0.0,328.703,24,S8,支撑轴力异常,支护受力异常,报警,simulated,SIMULATED-EXCAVAGUARD-V1,TRUE,
ZL-03,2026-08-21,support_axial_force,348.82,kN,positive,0.0,339.04,24,S8,支撑轴力异常,支护受力异常,报警,simulated,SIMULATED-EXCAVAGUARD-V1,TRUE,
ZL-03,2026-08-22,support_axial_force,358.07,kN,positive,0.0,348.82,24,S8,支撑轴力异常,支护受力异常,报警,simulated,SIMULATED-EXCAVAGUARD-V1,TRUE,
ZL-03,2026-08-23,support_axial_force,366.821,kN,positive,0.0,358.07,24,S8,支撑轴力异常,支护受力异常,报警,simulated,SIMULATED-EXCAVAGUARD-V1,TRUE,
ZL-03,2026-08-24,support_axial_force,375.099,kN,positive,0.0,366.821,24,S8,支撑轴力异常,支护受力异常,报警,simulated,SIMULATED-EXCAVAGUARD-V1,TRUE,
ZL-03,2026-08-25,support_axial_force,382.929,kN,positive,0.0,375.099,24,S8,支撑轴力异常,支护受力异常,报警,simulated,SIMULATED-EXCAVAGUARD-V1,TRUE,
ZL-03,2026-08-26,support_axial_force,390.337,kN,positive,0.0,382.929,24,S8,支撑轴力异常,支护受力异常,报警,simulated,SIMULATED-EXCAVAGUARD-V1,TRUE,
ZL-03,2026-08-27,support_axial_force,397.344,kN,positive,0.0,390.337,24,S8,支撑轴力异常,支护受力异常,报警,simulated,SIMULATED-EXCAVAGUARD-V1,TRUE,
ZL-03,2026-08-28,support_axial_force,403.972,kN,positive,0.0,397.344,24,S8,支撑轴力异常,支护受力异常,报警,simulated,SIMULATED-EXCAVAGUARD-V1,TRUE,
ZL-03,2026-08-29,support_axial_force,410.243,kN,positive,0.0,403.972,24,S8,支撑轴力异常,支护受力异常,报警,simulated,SIMULATED-EXCAVAGUARD-V1,TRUE,
ZL-03,2026-08-30,support_axial_force,416.174,kN,positive,0.0,410.243,24,S8,支撑轴力异常,支护受力异常,报警,simulated,SIMULATED-EXCAVAGUARD-V1,TRUE,
ZL-03,2026-08-31,support_axial_force,421.785,kN,positive,0.0,416.174,24,S8,支撑轴力异常,支护受力异常,报警,simulated,SIMULATED-EXCAVAGUARD-V1,TRUE,
ZL-03,2026-09-01,support_axial_force,427.092,kN,positive,0.0,421.785,24,S8,支撑轴力异常,支护受力异常,报警,simulated,SIMULATED-EXCAVAGUARD-V1,TRUE,
ZL-03,2026-09-02,support_axial_force,432.113,kN,positive,0.0,427.092,24,S8,支撑轴力异常,支护受力异常,报警,simulated,SIMULATED-EXCAVAGUARD-V1,TRUE,
ZL-03,2026-09-03,support_axial_force,436.863,kN,positive,0.0,432.113,24,S8,支撑轴力异常,支护受力异常,报警,simulated,SIMULATED-EXCAVAGUARD-V1,TRUE,
ZL-03,2026-09-04,support_axial_force,441.355,kN,positive,0.0,436.863,24,S8,支撑轴力异常,支护受力异常,报警,simulated,SIMULATED-EXCAVAGUARD-V1,TRUE,
ZL-03,2026-09-05,support_axial_force,445.605,kN,positive,0.0,441.355,24,S8,支撑轴力异常,支护受力异常,报警,simulated,SIMULATED-EXCAVAGUARD-V1,TRUE,
ZL-03,2026-09-06,support_axial_force,449.626,kN,positive,0.0,445.605,24,S8,支撑轴力异常,支护受力异常,报警,simulated,SIMULATED-EXCAVAGUARD-V1,TRUE,
ZL-03,2026-09-07,support_axial_force,453.429,kN,positive,0.0,449.626,24,S8,支撑轴力异常,支护受力异常,报警,simulated,SIMULATED-EXCAVAGUARD-V1,TRUE,
ZL-03,2026-09-08,support_axial_force,457.026,kN,positive,0.0,453.429,24,S8,支撑轴力异常,支护受力异常,报警,simulated,SIMULATED-EXCAVAGUARD-V1,TRUE,
ZL-03,2026-09-09,support_axial_force,460.429,kN,positive,0.0,457.026,24,S8,支撑轴力异常,支护受力异常,报警,simulated,SIMULATED-EXCAVAGUARD-V1,TRUE,
ZL-03,2026-09-10,support_axial_force,463.649,kN,positive,0.0,460.429,24,S8,支撑轴力异常,支护受力异常,报警,simulated,SIMULATED-EXCAVAGUARD-V1,TRUE,
ZL-03,2026-09-11,support_axial_force,466.694,kN,positive,0.0,463.649,24,S8,支撑轴力异常,支护受力异常,报警,simulated,SIMULATED-EXCAVAGUARD-V1,TRUE,
ZL-03,2026-09-12,support_axial_force,469.575,kN,positive,0.0,466.694,24,S8,支撑轴力异常,支护受力异常,报警,simulated,SIMULATED-EXCAVAGUARD-V1,TRUE,
ZL-03,2026-09-13,support_axial_force,472.3,kN,positive,0.0,469.575,24,S8,支撑轴力异常,支护受力异常,报警,simulated,SIMULATED-EXCAVAGUARD-V1,TRUE,
ZL-03,2026-09-14,support_axial_force,474.877,kN,positive,0.0,472.3,24,S8,支撑轴力异常,支护受力异常,报警,simulated,SIMULATED-EXCAVAGUARD-V1,TRUE,
ZL-03,2026-09-15,support_axial_force,477.316,kN,positive,0.0,474.877,24,S8,支撑轴力异常,支护受力异常,报警,simulated,SIMULATED-EXCAVAGUARD-V1,TRUE,
ZL-03,2026-09-16,support_axial_force,479.622,kN,positive,0.0,477.316,24,S8,支撑轴力异常,支护受力异常,报警,simulated,SIMULATED-EXCAVAGUARD-V1,TRUE,
ZL-03,2026-09-17,support_axial_force,481.805,kN,positive,0.0,479.622,24,S8,支撑轴力异常,支护受力异常,报警,simulated,SIMULATED-EXCAVAGUARD-V1,TRUE,
ZL-03,2026-09-18,support_axial_force,483.869,kN,positive,0.0,481.805,24,S8,支撑轴力异常,支护受力异常,报警,simulated,SIMULATED-EXCAVAGUARD-V1,TRUE,
ZL-03,2026-09-19,support_axial_force,485.821,kN,positive,0.0,483.869,24,S8,支撑轴力异常,支护受力异常,报警,simulated,SIMULATED-EXCAVAGUARD-V1,TRUE,
ZL-03,2026-09-20,support_axial_force,487.668,kN,positive,0.0,485.821,24,S8,支撑轴力异常,支护受力异常,报警,simulated,SIMULATED-EXCAVAGUARD-V1,TRUE,
ZL-03,2026-09-21,support_axial_force,489.415,kN,positive,0.0,487.668,24,S8,支撑轴力异常,支护受力异常,报警,simulated,SIMULATED-EXCAVAGUARD-V1,TRUE,
ZL-03,2026-09-22,support_axial_force,491.068,kN,positive,0.0,489.415,24,S8,支撑轴力异常,支护受力异常,报警,simulated,SIMULATED-EXCAVAGUARD-V1,TRUE,
ZL-03,2026-09-23,support_axial_force,492.632,kN,positive,0.0,491.068,24,S8,支撑轴力异常,支护受力异常,报警,simulated,SIMULATED-EXCAVAGUARD-V1,TRUE,
ZL-03,2026-09-24,support_axial_force,494.111,kN,positive,0.0,492.632,24,S8,支撑轴力异常,支护受力异常,报警,simulated,SIMULATED-EXCAVAGUARD-V1,TRUE,
ZL-03,2026-09-25,support_axial_force,495.51,kN,positive,0.0,494.111,24,S8,支撑轴力异常,支护受力异常,报警,simulated,SIMULATED-EXCAVAGUARD-V1,TRUE,
ZL-03,2026-09-26,support_axial_force,496.833,kN,positive,0.0,495.51,24,S8,支撑轴力异常,支护受力异常,报警,simulated,SIMULATED-EXCAVAGUARD-V1,TRUE,
ZL-03,2026-09-27,support_axial_force,498.085,kN,positive,0.0,496.833,24,S8,支撑轴力异常,支护受力异常,报警,simulated,SIMULATED-EXCAVAGUARD-V1,TRUE,
ZL-03,2026-09-28,support_axial_force,499.269,kN,positive,0.0,498.085,24,S8,支撑轴力异常,支护受力异常,报警,simulated,SIMULATED-EXCAVAGUARD-V1,TRUE,
ZL-03,2026-09-29,support_axial_force,500.39,kN,positive,0.0,499.269,24,S8,支撑轴力异常,支护受力异常,报警,simulated,SIMULATED-EXCAVAGUARD-V1,TRUE,
MG-01,2026-08-01,anchor_axial_force,200.0,kN,positive,200.0,,,S9,锚杆松弛,支护受力异常,报警,simulated,SIMULATED-EXCAVAGUARD-V1,TRUE,
MG-01,2026-08-02,anchor_axial_force,198.039,kN,positive,200.0,200.0,24,S9,锚杆松弛,支护受力异常,报警,simulated,SIMULATED-EXCAVAGUARD-V1,TRUE,
MG-01,2026-08-03,anchor_axial_force,196.156,kN,positive,200.0,198.039,24,S9,锚杆松弛,支护受力异常,报警,simulated,SIMULATED-EXCAVAGUARD-V1,TRUE,
MG-01,2026-08-04,anchor_axial_force,194.346,kN,positive,200.0,196.156,24,S9,锚杆松弛,支护受力异常,报警,simulated,SIMULATED-EXCAVAGUARD-V1,TRUE,
MG-01,2026-08-05,anchor_axial_force,192.607,kN,positive,200.0,194.346,24,S9,锚杆松弛,支护受力异常,报警,simulated,SIMULATED-EXCAVAGUARD-V1,TRUE,
MG-01,2026-08-06,anchor_axial_force,190.937,kN,positive,200.0,192.607,24,S9,锚杆松弛,支护受力异常,报警,simulated,SIMULATED-EXCAVAGUARD-V1,TRUE,
MG-01,2026-08-07,anchor_axial_force,189.331,kN,positive,200.0,190.937,24,S9,锚杆松弛,支护受力异常,报警,simulated,SIMULATED-EXCAVAGUARD-V1,TRUE,
MG-01,2026-08-08,anchor_axial_force,187.789,kN,positive,200.0,189.331,24,S9,锚杆松弛,支护受力异常,报警,simulated,SIMULATED-EXCAVAGUARD-V1,TRUE,
MG-01,2026-08-09,anchor_axial_force,186.307,kN,positive,200.0,187.789,24,S9,锚杆松弛,支护受力异常,报警,simulated,SIMULATED-EXCAVAGUARD-V1,TRUE,
MG-01,2026-08-10,anchor_axial_force,184.884,kN,positive,200.0,186.307,24,S9,锚杆松弛,支护受力异常,报警,simulated,SIMULATED-EXCAVAGUARD-V1,TRUE,
MG-01,2026-08-11,anchor_axial_force,183.516,kN,positive,200.0,184.884,24,S9,锚杆松弛,支护受力异常,报警,simulated,SIMULATED-EXCAVAGUARD-V1,TRUE,
MG-01,2026-08-12,anchor_axial_force,182.202,kN,positive,200.0,183.516,24,S9,锚杆松弛,支护受力异常,报警,simulated,SIMULATED-EXCAVAGUARD-V1,TRUE,
MG-01,2026-08-13,anchor_axial_force,180.939,kN,positive,200.0,182.202,24,S9,锚杆松弛,支护受力异常,报警,simulated,SIMULATED-EXCAVAGUARD-V1,TRUE,
MG-01,2026-08-14,anchor_axial_force,179.726,kN,positive,200.0,180.939,24,S9,锚杆松弛,支护受力异常,报警,simulated,SIMULATED-EXCAVAGUARD-V1,TRUE,
MG-01,2026-08-15,anchor_axial_force,178.56,kN,positive,200.0,179.726,24,S9,锚杆松弛,支护受力异常,报警,simulated,SIMULATED-EXCAVAGUARD-V1,TRUE,
MG-01,2026-08-16,anchor_axial_force,177.441,kN,positive,200.0,178.56,24,S9,锚杆松弛,支护受力异常,报警,simulated,SIMULATED-EXCAVAGUARD-V1,TRUE,
MG-01,2026-08-17,anchor_axial_force,176.365,kN,positive,200.0,177.441,24,S9,锚杆松弛,支护受力异常,报警,simulated,SIMULATED-EXCAVAGUARD-V1,TRUE,
MG-01,2026-08-18,anchor_axial_force,175.331,kN,positive,200.0,176.365,24,S9,锚杆松弛,支护受力异常,报警,simulated,SIMULATED-EXCAVAGUARD-V1,TRUE,
MG-01,2026-08-19,anchor_axial_force,174.338,kN,positive,200.0,175.331,24,S9,锚杆松弛,支护受力异常,报警,simulated,SIMULATED-EXCAVAGUARD-V1,TRUE,
MG-01,2026-08-20,anchor_axial_force,173.383,kN,positive,200.0,174.338,24,S9,锚杆松弛,支护受力异常,报警,simulated,SIMULATED-EXCAVAGUARD-V1,TRUE,
MG-01,2026-08-21,anchor_axial_force,172.466,kN,positive,200.0,173.383,24,S9,锚杆松弛,支护受力异常,报警,simulated,SIMULATED-EXCAVAGUARD-V1,TRUE,
MG-01,2026-08-22,anchor_axial_force,171.586,kN,positive,200.0,172.466,24,S9,锚杆松弛,支护受力异常,报警,simulated,SIMULATED-EXCAVAGUARD-V1,TRUE,
MG-01,2026-08-23,anchor_axial_force,170.739,kN,positive,200.0,171.586,24,S9,锚杆松弛,支护受力异常,报警,simulated,SIMULATED-EXCAVAGUARD-V1,TRUE,
MG-01,2026-08-24,anchor_axial_force,169.926,kN,positive,200.0,170.739,24,S9,锚杆松弛,支护受力异常,报警,simulated,SIMULATED-EXCAVAGUARD-V1,TRUE,
MG-01,2026-08-25,anchor_axial_force,169.145,kN,positive,200.0,169.926,24,S9,锚杆松弛,支护受力异常,报警,simulated,SIMULATED-EXCAVAGUARD-V1,TRUE,
MG-01,2026-08-26,anchor_axial_force,168.394,kN,positive,200.0,169.145,24,S9,锚杆松弛,支护受力异常,报警,simulated,SIMULATED-EXCAVAGUARD-V1,TRUE,
MG-01,2026-08-27,anchor_axial_force,167.673,kN,positive,200.0,168.394,24,S9,锚杆松弛,支护受力异常,报警,simulated,SIMULATED-EXCAVAGUARD-V1,TRUE,
MG-01,2026-08-28,anchor_axial_force,166.98,kN,positive,200.0,167.673,24,S9,锚杆松弛,支护受力异常,报警,simulated,SIMULATED-EXCAVAGUARD-V1,TRUE,
MG-01,2026-08-29,anchor_axial_force,166.314,kN,positive,200.0,166.98,24,S9,锚杆松弛,支护受力异常,报警,simulated,SIMULATED-EXCAVAGUARD-V1,TRUE,
MG-01,2026-08-30,anchor_axial_force,165.674,kN,positive,200.0,166.314,24,S9,锚杆松弛,支护受力异常,报警,simulated,SIMULATED-EXCAVAGUARD-V1,TRUE,
MG-01,2026-08-31,anchor_axial_force,165.06,kN,positive,200.0,165.674,24,S9,锚杆松弛,支护受力异常,报警,simulated,SIMULATED-EXCAVAGUARD-V1,TRUE,
MG-01,2026-09-01,anchor_axial_force,164.469,kN,positive,200.0,165.06,24,S9,锚杆松弛,支护受力异常,报警,simulated,SIMULATED-EXCAVAGUARD-V1,TRUE,
MG-01,2026-09-02,anchor_axial_force,163.902,kN,positive,200.0,164.469,24,S9,锚杆松弛,支护受力异常,报警,simulated,SIMULATED-EXCAVAGUARD-V1,TRUE,
MG-01,2026-09-03,anchor_axial_force,163.357,kN,positive,200.0,163.902,24,S9,锚杆松弛,支护受力异常,报警,simulated,SIMULATED-EXCAVAGUARD-V1,TRUE,
MG-01,2026-09-04,anchor_axial_force,162.833,kN,positive,200.0,163.357,24,S9,锚杆松弛,支护受力异常,报警,simulated,SIMULATED-EXCAVAGUARD-V1,TRUE,
MG-01,2026-09-05,anchor_axial_force,162.33,kN,positive,200.0,162.833,24,S9,锚杆松弛,支护受力异常,报警,simulated,SIMULATED-EXCAVAGUARD-V1,TRUE,
MG-01,2026-09-06,anchor_axial_force,161.846,kN,positive,200.0,162.33,24,S9,锚杆松弛,支护受力异常,报警,simulated,SIMULATED-EXCAVAGUARD-V1,TRUE,
MG-01,2026-09-07,anchor_axial_force,161.382,kN,positive,200.0,161.846,24,S9,锚杆松弛,支护受力异常,报警,simulated,SIMULATED-EXCAVAGUARD-V1,TRUE,
MG-01,2026-09-08,anchor_axial_force,160.936,kN,positive,200.0,161.382,24,S9,锚杆松弛,支护受力异常,报警,simulated,SIMULATED-EXCAVAGUARD-V1,TRUE,
MG-01,2026-09-09,anchor_axial_force,160.507,kN,positive,200.0,160.936,24,S9,锚杆松弛,支护受力异常,报警,simulated,SIMULATED-EXCAVAGUARD-V1,TRUE,
MG-01,2026-09-10,anchor_axial_force,160.095,kN,positive,200.0,160.507,24,S9,锚杆松弛,支护受力异常,报警,simulated,SIMULATED-EXCAVAGUARD-V1,TRUE,
MG-01,2026-09-11,anchor_axial_force,159.699,kN,positive,200.0,160.095,24,S9,锚杆松弛,支护受力异常,报警,simulated,SIMULATED-EXCAVAGUARD-V1,TRUE,
MG-01,2026-09-12,anchor_axial_force,159.319,kN,positive,200.0,159.699,24,S9,锚杆松弛,支护受力异常,报警,simulated,SIMULATED-EXCAVAGUARD-V1,TRUE,
MG-01,2026-09-13,anchor_axial_force,158.953,kN,positive,200.0,159.319,24,S9,锚杆松弛,支护受力异常,报警,simulated,SIMULATED-EXCAVAGUARD-V1,TRUE,
MG-01,2026-09-14,anchor_axial_force,158.602,kN,positive,200.0,158.953,24,S9,锚杆松弛,支护受力异常,报警,simulated,SIMULATED-EXCAVAGUARD-V1,TRUE,
MG-01,2026-09-15,anchor_axial_force,158.265,kN,positive,200.0,158.602,24,S9,锚杆松弛,支护受力异常,报警,simulated,SIMULATED-EXCAVAGUARD-V1,TRUE,
MG-01,2026-09-16,anchor_axial_force,157.941,kN,positive,200.0,158.265,24,S9,锚杆松弛,支护受力异常,报警,simulated,SIMULATED-EXCAVAGUARD-V1,TRUE,
MG-01,2026-09-17,anchor_axial_force,157.63,kN,positive,200.0,157.941,24,S9,锚杆松弛,支护受力异常,报警,simulated,SIMULATED-EXCAVAGUARD-V1,TRUE,
MG-01,2026-09-18,anchor_axial_force,157.33,kN,positive,200.0,157.63,24,S9,锚杆松弛,支护受力异常,报警,simulated,SIMULATED-EXCAVAGUARD-V1,TRUE,
MG-01,2026-09-19,anchor_axial_force,157.043,kN,positive,200.0,157.33,24,S9,锚杆松弛,支护受力异常,报警,simulated,SIMULATED-EXCAVAGUARD-V1,TRUE,
MG-01,2026-09-20,anchor_axial_force,156.767,kN,positive,200.0,157.043,24,S9,锚杆松弛,支护受力异常,报警,simulated,SIMULATED-EXCAVAGUARD-V1,TRUE,
MG-01,2026-09-21,anchor_axial_force,156.501,kN,positive,200.0,156.767,24,S9,锚杆松弛,支护受力异常,报警,simulated,SIMULATED-EXCAVAGUARD-V1,TRUE,
MG-01,2026-09-22,anchor_axial_force,156.247,kN,positive,200.0,156.501,24,S9,锚杆松弛,支护受力异常,报警,simulated,SIMULATED-EXCAVAGUARD-V1,TRUE,
MG-01,2026-09-23,anchor_axial_force,156.002,kN,positive,200.0,156.247,24,S9,锚杆松弛,支护受力异常,报警,simulated,SIMULATED-EXCAVAGUARD-V1,TRUE,
MG-01,2026-09-24,anchor_axial_force,155.766,kN,positive,200.0,156.002,24,S9,锚杆松弛,支护受力异常,报警,simulated,SIMULATED-EXCAVAGUARD-V1,TRUE,
MG-01,2026-09-25,anchor_axial_force,155.54,kN,positive,200.0,155.766,24,S9,锚杆松弛,支护受力异常,报警,simulated,SIMULATED-EXCAVAGUARD-V1,TRUE,
MG-01,2026-09-26,anchor_axial_force,155.323,kN,positive,200.0,155.54,24,S9,锚杆松弛,支护受力异常,报警,simulated,SIMULATED-EXCAVAGUARD-V1,TRUE,
MG-01,2026-09-27,anchor_axial_force,155.114,kN,positive,200.0,155.323,24,S9,锚杆松弛,支护受力异常,报警,simulated,SIMULATED-EXCAVAGUARD-V1,TRUE,
MG-01,2026-09-28,anchor_axial_force,154.914,kN,positive,200.0,155.114,24,S9,锚杆松弛,支护受力异常,报警,simulated,SIMULATED-EXCAVAGUARD-V1,TRUE,
MG-01,2026-09-29,anchor_axial_force,154.721,kN,positive,200.0,154.914,24,S9,锚杆松弛,支护受力异常,报警,simulated,SIMULATED-EXCAVAGUARD-V1,TRUE,
MG-02,2026-08-01,anchor_axial_force,200.0,kN,positive,200.0,,,S9,锚杆松弛,支护受力异常,报警,simulated,SIMULATED-EXCAVAGUARD-V1,TRUE,
MG-02,2026-08-02,anchor_axial_force,198.824,kN,positive,200.0,200.0,24,S9,锚杆松弛,支护受力异常,报警,simulated,SIMULATED-EXCAVAGUARD-V1,TRUE,
MG-02,2026-08-03,anchor_axial_force,197.693,kN,positive,200.0,198.824,24,S9,锚杆松弛,支护受力异常,报警,simulated,SIMULATED-EXCAVAGUARD-V1,TRUE,
MG-02,2026-08-04,anchor_axial_force,196.608,kN,positive,200.0,197.693,24,S9,锚杆松弛,支护受力异常,报警,simulated,SIMULATED-EXCAVAGUARD-V1,TRUE,
MG-02,2026-08-05,anchor_axial_force,195.564,kN,positive,200.0,196.608,24,S9,锚杆松弛,支护受力异常,报警,simulated,SIMULATED-EXCAVAGUARD-V1,TRUE,
MG-02,2026-08-06,anchor_axial_force,194.562,kN,positive,200.0,195.564,24,S9,锚杆松弛,支护受力异常,报警,simulated,SIMULATED-EXCAVAGUARD-V1,TRUE,
MG-02,2026-08-07,anchor_axial_force,193.599,kN,positive,200.0,194.562,24,S9,锚杆松弛,支护受力异常,报警,simulated,SIMULATED-EXCAVAGUARD-V1,TRUE,
MG-02,2026-08-08,anchor_axial_force,192.674,kN,positive,200.0,193.599,24,S9,锚杆松弛,支护受力异常,报警,simulated,SIMULATED-EXCAVAGUARD-V1,TRUE,
MG-02,2026-08-09,anchor_axial_force,191.784,kN,positive,200.0,192.674,24,S9,锚杆松弛,支护受力异常,报警,simulated,SIMULATED-EXCAVAGUARD-V1,TRUE,
MG-02,2026-08-10,anchor_axial_force,190.93,kN,positive,200.0,191.784,24,S9,锚杆松弛,支护受力异常,报警,simulated,SIMULATED-EXCAVAGUARD-V1,TRUE,
MG-02,2026-08-11,anchor_axial_force,190.11,kN,positive,200.0,190.93,24,S9,锚杆松弛,支护受力异常,报警,simulated,SIMULATED-EXCAVAGUARD-V1,TRUE,
MG-02,2026-08-12,anchor_axial_force,189.321,kN,positive,200.0,190.11,24,S9,锚杆松弛,支护受力异常,报警,simulated,SIMULATED-EXCAVAGUARD-V1,TRUE,
MG-02,2026-08-13,anchor_axial_force,188.564,kN,positive,200.0,189.321,24,S9,锚杆松弛,支护受力异常,报警,simulated,SIMULATED-EXCAVAGUARD-V1,TRUE,
MG-02,2026-08-14,anchor_axial_force,187.836,kN,positive,200.0,188.564,24,S9,锚杆松弛,支护受力异常,报警,simulated,SIMULATED-EXCAVAGUARD-V1,TRUE,
MG-02,2026-08-15,anchor_axial_force,187.136,kN,positive,200.0,187.836,24,S9,锚杆松弛,支护受力异常,报警,simulated,SIMULATED-EXCAVAGUARD-V1,TRUE,
MG-02,2026-08-16,anchor_axial_force,186.464,kN,positive,200.0,187.136,24,S9,锚杆松弛,支护受力异常,报警,simulated,SIMULATED-EXCAVAGUARD-V1,TRUE,
MG-02,2026-08-17,anchor_axial_force,185.819,kN,positive,200.0,186.464,24,S9,锚杆松弛,支护受力异常,报警,simulated,SIMULATED-EXCAVAGUARD-V1,TRUE,
MG-02,2026-08-18,anchor_axial_force,185.199,kN,positive,200.0,185.819,24,S9,锚杆松弛,支护受力异常,报警,simulated,SIMULATED-EXCAVAGUARD-V1,TRUE,
MG-02,2026-08-19,anchor_axial_force,184.603,kN,positive,200.0,185.199,24,S9,锚杆松弛,支护受力异常,报警,simulated,SIMULATED-EXCAVAGUARD-V1,TRUE,
MG-02,2026-08-20,anchor_axial_force,184.03,kN,positive,200.0,184.603,24,S9,锚杆松弛,支护受力异常,报警,simulated,SIMULATED-EXCAVAGUARD-V1,TRUE,
MG-02,2026-08-21,anchor_axial_force,183.48,kN,positive,200.0,184.03,24,S9,锚杆松弛,支护受力异常,报警,simulated,SIMULATED-EXCAVAGUARD-V1,TRUE,
MG-02,2026-08-22,anchor_axial_force,182.951,kN,positive,200.0,183.48,24,S9,锚杆松弛,支护受力异常,报警,simulated,SIMULATED-EXCAVAGUARD-V1,TRUE,
MG-02,2026-08-23,anchor_axial_force,182.443,kN,positive,200.0,182.951,24,S9,锚杆松弛,支护受力异常,报警,simulated,SIMULATED-EXCAVAGUARD-V1,TRUE,
MG-02,2026-08-24,anchor_axial_force,181.956,kN,positive,200.0,182.443,24,S9,锚杆松弛,支护受力异常,报警,simulated,SIMULATED-EXCAVAGUARD-V1,TRUE,
MG-02,2026-08-25,anchor_axial_force,181.487,kN,positive,200.0,181.956,24,S9,锚杆松弛,支护受力异常,报警,simulated,SIMULATED-EXCAVAGUARD-V1,TRUE,
MG-02,2026-08-26,anchor_axial_force,181.036,kN,positive,200.0,181.487,24,S9,锚杆松弛,支护受力异常,报警,simulated,SIMULATED-EXCAVAGUARD-V1,TRUE,
MG-02,2026-08-27,anchor_axial_force,180.604,kN,positive,200.0,181.036,24,S9,锚杆松弛,支护受力异常,报警,simulated,SIMULATED-EXCAVAGUARD-V1,TRUE,
MG-02,2026-08-28,anchor_axial_force,180.188,kN,positive,200.0,180.604,24,S9,锚杆松弛,支护受力异常,报警,simulated,SIMULATED-EXCAVAGUARD-V1,TRUE,
MG-02,2026-08-29,anchor_axial_force,179.788,kN,positive,200.0,180.188,24,S9,锚杆松弛,支护受力异常,报警,simulated,SIMULATED-EXCAVAGUARD-V1,TRUE,
MG-02,2026-08-30,anchor_axial_force,179.405,kN,positive,200.0,179.788,24,S9,锚杆松弛,支护受力异常,报警,simulated,SIMULATED-EXCAVAGUARD-V1,TRUE,
MG-02,2026-08-31,anchor_axial_force,179.036,kN,positive,200.0,179.405,24,S9,锚杆松弛,支护受力异常,报警,simulated,SIMULATED-EXCAVAGUARD-V1,TRUE,
MG-02,2026-09-01,anchor_axial_force,178.682,kN,positive,200.0,179.036,24,S9,锚杆松弛,支护受力异常,报警,simulated,SIMULATED-EXCAVAGUARD-V1,TRUE,
MG-02,2026-09-02,anchor_axial_force,178.341,kN,positive,200.0,178.682,24,S9,锚杆松弛,支护受力异常,报警,simulated,SIMULATED-EXCAVAGUARD-V1,TRUE,
MG-02,2026-09-03,anchor_axial_force,178.014,kN,positive,200.0,178.341,24,S9,锚杆松弛,支护受力异常,报警,simulated,SIMULATED-EXCAVAGUARD-V1,TRUE,
MG-02,2026-09-04,anchor_axial_force,177.7,kN,positive,200.0,178.014,24,S9,锚杆松弛,支护受力异常,报警,simulated,SIMULATED-EXCAVAGUARD-V1,TRUE,
MG-02,2026-09-05,anchor_axial_force,177.398,kN,positive,200.0,177.7,24,S9,锚杆松弛,支护受力异常,报警,simulated,SIMULATED-EXCAVAGUARD-V1,TRUE,
MG-02,2026-09-06,anchor_axial_force,177.108,kN,positive,200.0,177.398,24,S9,锚杆松弛,支护受力异常,报警,simulated,SIMULATED-EXCAVAGUARD-V1,TRUE,
MG-02,2026-09-07,anchor_axial_force,176.829,kN,positive,200.0,177.108,24,S9,锚杆松弛,支护受力异常,报警,simulated,SIMULATED-EXCAVAGUARD-V1,TRUE,
MG-02,2026-09-08,anchor_axial_force,176.561,kN,positive,200.0,176.829,24,S9,锚杆松弛,支护受力异常,报警,simulated,SIMULATED-EXCAVAGUARD-V1,TRUE,
MG-02,2026-09-09,anchor_axial_force,176.304,kN,positive,200.0,176.561,24,S9,锚杆松弛,支护受力异常,报警,simulated,SIMULATED-EXCAVAGUARD-V1,TRUE,
MG-02,2026-09-10,anchor_axial_force,176.057,kN,positive,200.0,176.304,24,S9,锚杆松弛,支护受力异常,报警,simulated,SIMULATED-EXCAVAGUARD-V1,TRUE,
MG-02,2026-09-11,anchor_axial_force,175.819,kN,positive,200.0,176.057,24,S9,锚杆松弛,支护受力异常,报警,simulated,SIMULATED-EXCAVAGUARD-V1,TRUE,
MG-02,2026-09-12,anchor_axial_force,175.591,kN,positive,200.0,175.819,24,S9,锚杆松弛,支护受力异常,报警,simulated,SIMULATED-EXCAVAGUARD-V1,TRUE,
MG-02,2026-09-13,anchor_axial_force,175.372,kN,positive,200.0,175.591,24,S9,锚杆松弛,支护受力异常,报警,simulated,SIMULATED-EXCAVAGUARD-V1,TRUE,
MG-02,2026-09-14,anchor_axial_force,175.161,kN,positive,200.0,175.372,24,S9,锚杆松弛,支护受力异常,报警,simulated,SIMULATED-EXCAVAGUARD-V1,TRUE,
MG-02,2026-09-15,anchor_axial_force,174.959,kN,positive,200.0,175.161,24,S9,锚杆松弛,支护受力异常,报警,simulated,SIMULATED-EXCAVAGUARD-V1,TRUE,
MG-02,2026-09-16,anchor_axial_force,174.765,kN,positive,200.0,174.959,24,S9,锚杆松弛,支护受力异常,报警,simulated,SIMULATED-EXCAVAGUARD-V1,TRUE,
MG-02,2026-09-17,anchor_axial_force,174.578,kN,positive,200.0,174.765,24,S9,锚杆松弛,支护受力异常,报警,simulated,SIMULATED-EXCAVAGUARD-V1,TRUE,
MG-02,2026-09-18,anchor_axial_force,174.398,kN,positive,200.0,174.578,24,S9,锚杆松弛,支护受力异常,报警,simulated,SIMULATED-EXCAVAGUARD-V1,TRUE,
MG-02,2026-09-19,anchor_axial_force,174.226,kN,positive,200.0,174.398,24,S9,锚杆松弛,支护受力异常,报警,simulated,SIMULATED-EXCAVAGUARD-V1,TRUE,
MG-02,2026-09-20,anchor_axial_force,174.06,kN,positive,200.0,174.226,24,S9,锚杆松弛,支护受力异常,报警,simulated,SIMULATED-EXCAVAGUARD-V1,TRUE,
MG-02,2026-09-21,anchor_axial_force,173.901,kN,positive,200.0,174.06,24,S9,锚杆松弛,支护受力异常,报警,simulated,SIMULATED-EXCAVAGUARD-V1,TRUE,
MG-02,2026-09-22,anchor_axial_force,173.748,kN,positive,200.0,173.901,24,S9,锚杆松弛,支护受力异常,报警,simulated,SIMULATED-EXCAVAGUARD-V1,TRUE,
MG-02,2026-09-23,anchor_axial_force,173.601,kN,positive,200.0,173.748,24,S9,锚杆松弛,支护受力异常,报警,simulated,SIMULATED-EXCAVAGUARD-V1,TRUE,
MG-02,2026-09-24,anchor_axial_force,173.46,kN,positive,200.0,173.601,24,S9,锚杆松弛,支护受力异常,报警,simulated,SIMULATED-EXCAVAGUARD-V1,TRUE,
MG-02,2026-09-25,anchor_axial_force,173.324,kN,positive,200.0,173.46,24,S9,锚杆松弛,支护受力异常,报警,simulated,SIMULATED-EXCAVAGUARD-V1,TRUE,
MG-02,2026-09-26,anchor_axial_force,173.194,kN,positive,200.0,173.324,24,S9,锚杆松弛,支护受力异常,报警,simulated,SIMULATED-EXCAVAGUARD-V1,TRUE,
MG-02,2026-09-27,anchor_axial_force,173.069,kN,positive,200.0,173.194,24,S9,锚杆松弛,支护受力异常,报警,simulated,SIMULATED-EXCAVAGUARD-V1,TRUE,
MG-02,2026-09-28,anchor_axial_force,172.948,kN,positive,200.0,173.069,24,S9,锚杆松弛,支护受力异常,报警,simulated,SIMULATED-EXCAVAGUARD-V1,TRUE,
MG-02,2026-09-29,anchor_axial_force,172.833,kN,positive,200.0,172.948,24,S9,锚杆松弛,支护受力异常,报警,simulated,SIMULATED-EXCAVAGUARD-V1,TRUE,
ZQS-07,2026-08-01,wall_top_horizontal_displacement,0.0,mm,positive,0.0,,,S10,多点联动异常,支护失稳风险,预警,simulated,SIMULATED-EXCAVAGUARD-V1,TRUE,
ZQS-07,2026-08-02,wall_top_horizontal_displacement,0.325,mm,positive,0.0,0.0,24,S10,多点联动异常,支护失稳风险,预警,simulated,SIMULATED-EXCAVAGUARD-V1,TRUE,
ZQS-07,2026-08-03,wall_top_horizontal_displacement,0.651,mm,positive,0.0,0.325,24,S10,多点联动异常,支护失稳风险,预警,simulated,SIMULATED-EXCAVAGUARD-V1,TRUE,
ZQS-07,2026-08-04,wall_top_horizontal_displacement,0.976,mm,positive,0.0,0.651,24,S10,多点联动异常,支护失稳风险,预警,simulated,SIMULATED-EXCAVAGUARD-V1,TRUE,
ZQS-07,2026-08-05,wall_top_horizontal_displacement,1.302,mm,positive,0.0,0.976,24,S10,多点联动异常,支护失稳风险,预警,simulated,SIMULATED-EXCAVAGUARD-V1,TRUE,
ZQS-07,2026-08-06,wall_top_horizontal_displacement,1.627,mm,positive,0.0,1.302,24,S10,多点联动异常,支护失稳风险,预警,simulated,SIMULATED-EXCAVAGUARD-V1,TRUE,
ZQS-07,2026-08-07,wall_top_horizontal_displacement,1.953,mm,positive,0.0,1.627,24,S10,多点联动异常,支护失稳风险,预警,simulated,SIMULATED-EXCAVAGUARD-V1,TRUE,
ZQS-07,2026-08-08,wall_top_horizontal_displacement,2.278,mm,positive,0.0,1.953,24,S10,多点联动异常,支护失稳风险,预警,simulated,SIMULATED-EXCAVAGUARD-V1,TRUE,
ZQS-07,2026-08-09,wall_top_horizontal_displacement,2.603,mm,positive,0.0,2.278,24,S10,多点联动异常,支护失稳风险,预警,simulated,SIMULATED-EXCAVAGUARD-V1,TRUE,
ZQS-07,2026-08-10,wall_top_horizontal_displacement,2.929,mm,positive,0.0,2.603,24,S10,多点联动异常,支护失稳风险,预警,simulated,SIMULATED-EXCAVAGUARD-V1,TRUE,
ZQS-07,2026-08-11,wall_top_horizontal_displacement,3.254,mm,positive,0.0,2.929,24,S10,多点联动异常,支护失稳风险,预警,simulated,SIMULATED-EXCAVAGUARD-V1,TRUE,
ZQS-07,2026-08-12,wall_top_horizontal_displacement,3.58,mm,positive,0.0,3.254,24,S10,多点联动异常,支护失稳风险,预警,simulated,SIMULATED-EXCAVAGUARD-V1,TRUE,
ZQS-07,2026-08-13,wall_top_horizontal_displacement,3.905,mm,positive,0.0,3.58,24,S10,多点联动异常,支护失稳风险,预警,simulated,SIMULATED-EXCAVAGUARD-V1,TRUE,
ZQS-07,2026-08-14,wall_top_horizontal_displacement,4.231,mm,positive,0.0,3.905,24,S10,多点联动异常,支护失稳风险,预警,simulated,SIMULATED-EXCAVAGUARD-V1,TRUE,
ZQS-07,2026-08-15,wall_top_horizontal_displacement,4.556,mm,positive,0.0,4.231,24,S10,多点联动异常,支护失稳风险,预警,simulated,SIMULATED-EXCAVAGUARD-V1,TRUE,
ZQS-07,2026-08-16,wall_top_horizontal_displacement,4.881,mm,positive,0.0,4.556,24,S10,多点联动异常,支护失稳风险,预警,simulated,SIMULATED-EXCAVAGUARD-V1,TRUE,
ZQS-07,2026-08-17,wall_top_horizontal_displacement,5.207,mm,positive,0.0,4.881,24,S10,多点联动异常,支护失稳风险,预警,simulated,SIMULATED-EXCAVAGUARD-V1,TRUE,
ZQS-07,2026-08-18,wall_top_horizontal_displacement,5.532,mm,positive,0.0,5.207,24,S10,多点联动异常,支护失稳风险,预警,simulated,SIMULATED-EXCAVAGUARD-V1,TRUE,
ZQS-07,2026-08-19,wall_top_horizontal_displacement,5.858,mm,positive,0.0,5.532,24,S10,多点联动异常,支护失稳风险,预警,simulated,SIMULATED-EXCAVAGUARD-V1,TRUE,
ZQS-07,2026-08-20,wall_top_horizontal_displacement,6.183,mm,positive,0.0,5.858,24,S10,多点联动异常,支护失稳风险,预警,simulated,SIMULATED-EXCAVAGUARD-V1,TRUE,
ZQS-07,2026-08-21,wall_top_horizontal_displacement,6.508,mm,positive,0.0,6.183,24,S10,多点联动异常,支护失稳风险,预警,simulated,SIMULATED-EXCAVAGUARD-V1,TRUE,
ZQS-07,2026-08-22,wall_top_horizontal_displacement,6.834,mm,positive,0.0,6.508,24,S10,多点联动异常,支护失稳风险,预警,simulated,SIMULATED-EXCAVAGUARD-V1,TRUE,
ZQS-07,2026-08-23,wall_top_horizontal_displacement,7.159,mm,positive,0.0,6.834,24,S10,多点联动异常,支护失稳风险,预警,simulated,SIMULATED-EXCAVAGUARD-V1,TRUE,
ZQS-07,2026-08-24,wall_top_horizontal_displacement,7.485,mm,positive,0.0,7.159,24,S10,多点联动异常,支护失稳风险,预警,simulated,SIMULATED-EXCAVAGUARD-V1,TRUE,
ZQS-07,2026-08-25,wall_top_horizontal_displacement,7.81,mm,positive,0.0,7.485,24,S10,多点联动异常,支护失稳风险,预警,simulated,SIMULATED-EXCAVAGUARD-V1,TRUE,
ZQS-07,2026-08-26,wall_top_horizontal_displacement,8.136,mm,positive,0.0,7.81,24,S10,多点联动异常,支护失稳风险,预警,simulated,SIMULATED-EXCAVAGUARD-V1,TRUE,
ZQS-07,2026-08-27,wall_top_horizontal_displacement,8.461,mm,positive,0.0,8.136,24,S10,多点联动异常,支护失稳风险,预警,simulated,SIMULATED-EXCAVAGUARD-V1,TRUE,
ZQS-07,2026-08-28,wall_top_horizontal_displacement,8.786,mm,positive,0.0,8.461,24,S10,多点联动异常,支护失稳风险,预警,simulated,SIMULATED-EXCAVAGUARD-V1,TRUE,
ZQS-07,2026-08-29,wall_top_horizontal_displacement,9.112,mm,positive,0.0,8.786,24,S10,多点联动异常,支护失稳风险,预警,simulated,SIMULATED-EXCAVAGUARD-V1,TRUE,
ZQS-07,2026-08-30,wall_top_horizontal_displacement,9.437,mm,positive,0.0,9.112,24,S10,多点联动异常,支护失稳风险,预警,simulated,SIMULATED-EXCAVAGUARD-V1,TRUE,
ZQS-07,2026-08-31,wall_top_horizontal_displacement,9.763,mm,positive,0.0,9.437,24,S10,多点联动异常,支护失稳风险,预警,simulated,SIMULATED-EXCAVAGUARD-V1,TRUE,
ZQS-07,2026-09-01,wall_top_horizontal_displacement,10.088,mm,positive,0.0,9.763,24,S10,多点联动异常,支护失稳风险,预警,simulated,SIMULATED-EXCAVAGUARD-V1,TRUE,
ZQS-07,2026-09-02,wall_top_horizontal_displacement,10.414,mm,positive,0.0,10.088,24,S10,多点联动异常,支护失稳风险,预警,simulated,SIMULATED-EXCAVAGUARD-V1,TRUE,
ZQS-07,2026-09-03,wall_top_horizontal_displacement,10.739,mm,positive,0.0,10.414,24,S10,多点联动异常,支护失稳风险,预警,simulated,SIMULATED-EXCAVAGUARD-V1,TRUE,
ZQS-07,2026-09-04,wall_top_horizontal_displacement,11.064,mm,positive,0.0,10.739,24,S10,多点联动异常,支护失稳风险,预警,simulated,SIMULATED-EXCAVAGUARD-V1,TRUE,
ZQS-07,2026-09-05,wall_top_horizontal_displacement,11.39,mm,positive,0.0,11.064,24,S10,多点联动异常,支护失稳风险,预警,simulated,SIMULATED-EXCAVAGUARD-V1,TRUE,
ZQS-07,2026-09-06,wall_top_horizontal_displacement,11.715,mm,positive,0.0,11.39,24,S10,多点联动异常,支护失稳风险,预警,simulated,SIMULATED-EXCAVAGUARD-V1,TRUE,
ZQS-07,2026-09-07,wall_top_horizontal_displacement,12.041,mm,positive,0.0,11.715,24,S10,多点联动异常,支护失稳风险,预警,simulated,SIMULATED-EXCAVAGUARD-V1,TRUE,
ZQS-07,2026-09-08,wall_top_horizontal_displacement,12.366,mm,positive,0.0,12.041,24,S10,多点联动异常,支护失稳风险,预警,simulated,SIMULATED-EXCAVAGUARD-V1,TRUE,
ZQS-07,2026-09-09,wall_top_horizontal_displacement,12.692,mm,positive,0.0,12.366,24,S10,多点联动异常,支护失稳风险,预警,simulated,SIMULATED-EXCAVAGUARD-V1,TRUE,
ZQS-07,2026-09-10,wall_top_horizontal_displacement,13.017,mm,positive,0.0,12.692,24,S10,多点联动异常,支护失稳风险,预警,simulated,SIMULATED-EXCAVAGUARD-V1,TRUE,
ZQS-07,2026-09-11,wall_top_horizontal_displacement,13.342,mm,positive,0.0,13.017,24,S10,多点联动异常,支护失稳风险,预警,simulated,SIMULATED-EXCAVAGUARD-V1,TRUE,
ZQS-07,2026-09-12,wall_top_horizontal_displacement,13.668,mm,positive,0.0,13.342,24,S10,多点联动异常,支护失稳风险,预警,simulated,SIMULATED-EXCAVAGUARD-V1,TRUE,
ZQS-07,2026-09-13,wall_top_horizontal_displacement,13.993,mm,positive,0.0,13.668,24,S10,多点联动异常,支护失稳风险,预警,simulated,SIMULATED-EXCAVAGUARD-V1,TRUE,
ZQS-07,2026-09-14,wall_top_horizontal_displacement,14.319,mm,positive,0.0,13.993,24,S10,多点联动异常,支护失稳风险,预警,simulated,SIMULATED-EXCAVAGUARD-V1,TRUE,
ZQS-07,2026-09-15,wall_top_horizontal_displacement,14.644,mm,positive,0.0,14.319,24,S10,多点联动异常,支护失稳风险,预警,simulated,SIMULATED-EXCAVAGUARD-V1,TRUE,
ZQS-07,2026-09-16,wall_top_horizontal_displacement,14.969,mm,positive,0.0,14.644,24,S10,多点联动异常,支护失稳风险,预警,simulated,SIMULATED-EXCAVAGUARD-V1,TRUE,
ZQS-07,2026-09-17,wall_top_horizontal_displacement,15.295,mm,positive,0.0,14.969,24,S10,多点联动异常,支护失稳风险,预警,simulated,SIMULATED-EXCAVAGUARD-V1,TRUE,
ZQS-07,2026-09-18,wall_top_horizontal_displacement,15.62,mm,positive,0.0,15.295,24,S10,多点联动异常,支护失稳风险,预警,simulated,SIMULATED-EXCAVAGUARD-V1,TRUE,
ZQS-07,2026-09-19,wall_top_horizontal_displacement,15.946,mm,positive,0.0,15.62,24,S10,多点联动异常,支护失稳风险,预警,simulated,SIMULATED-EXCAVAGUARD-V1,TRUE,
ZQS-07,2026-09-20,wall_top_horizontal_displacement,16.271,mm,positive,0.0,15.946,24,S10,多点联动异常,支护失稳风险,预警,simulated,SIMULATED-EXCAVAGUARD-V1,TRUE,
ZQS-07,2026-09-21,wall_top_horizontal_displacement,16.597,mm,positive,0.0,16.271,24,S10,多点联动异常,支护失稳风险,预警,simulated,SIMULATED-EXCAVAGUARD-V1,TRUE,
ZQS-07,2026-09-22,wall_top_horizontal_displacement,16.922,mm,positive,0.0,16.597,24,S10,多点联动异常,支护失稳风险,预警,simulated,SIMULATED-EXCAVAGUARD-V1,TRUE,
ZQS-07,2026-09-23,wall_top_horizontal_displacement,17.247,mm,positive,0.0,16.922,24,S10,多点联动异常,支护失稳风险,预警,simulated,SIMULATED-EXCAVAGUARD-V1,TRUE,
ZQS-07,2026-09-24,wall_top_horizontal_displacement,17.573,mm,positive,0.0,17.247,24,S10,多点联动异常,支护失稳风险,预警,simulated,SIMULATED-EXCAVAGUARD-V1,TRUE,
ZQS-07,2026-09-25,wall_top_horizontal_displacement,17.898,mm,positive,0.0,17.573,24,S10,多点联动异常,支护失稳风险,预警,simulated,SIMULATED-EXCAVAGUARD-V1,TRUE,
ZQS-07,2026-09-26,wall_top_horizontal_displacement,18.224,mm,positive,0.0,17.898,24,S10,多点联动异常,支护失稳风险,预警,simulated,SIMULATED-EXCAVAGUARD-V1,TRUE,
ZQS-07,2026-09-27,wall_top_horizontal_displacement,18.549,mm,positive,0.0,18.224,24,S10,多点联动异常,支护失稳风险,预警,simulated,SIMULATED-EXCAVAGUARD-V1,TRUE,
ZQS-07,2026-09-28,wall_top_horizontal_displacement,18.875,mm,positive,0.0,18.549,24,S10,多点联动异常,支护失稳风险,预警,simulated,SIMULATED-EXCAVAGUARD-V1,TRUE,
ZQS-07,2026-09-29,wall_top_horizontal_displacement,19.2,mm,positive,0.0,18.875,24,S10,多点联动异常,支护失稳风险,预警,simulated,SIMULATED-EXCAVAGUARD-V1,TRUE,
CX-03,2026-08-01,deep_horizontal_displacement,0.0,mm,positive,0.0,,,S10,多点联动异常,支护失稳风险,预警,simulated,SIMULATED-EXCAVAGUARD-V1,TRUE,
CX-03,2026-08-02,deep_horizontal_displacement,0.497,mm,positive,0.0,0.0,24,S10,多点联动异常,支护失稳风险,预警,simulated,SIMULATED-EXCAVAGUARD-V1,TRUE,
CX-03,2026-08-03,deep_horizontal_displacement,0.993,mm,positive,0.0,0.497,24,S10,多点联动异常,支护失稳风险,预警,simulated,SIMULATED-EXCAVAGUARD-V1,TRUE,
CX-03,2026-08-04,deep_horizontal_displacement,1.49,mm,positive,0.0,0.993,24,S10,多点联动异常,支护失稳风险,预警,simulated,SIMULATED-EXCAVAGUARD-V1,TRUE,
CX-03,2026-08-05,deep_horizontal_displacement,1.986,mm,positive,0.0,1.49,24,S10,多点联动异常,支护失稳风险,预警,simulated,SIMULATED-EXCAVAGUARD-V1,TRUE,
CX-03,2026-08-06,deep_horizontal_displacement,2.483,mm,positive,0.0,1.986,24,S10,多点联动异常,支护失稳风险,预警,simulated,SIMULATED-EXCAVAGUARD-V1,TRUE,
CX-03,2026-08-07,deep_horizontal_displacement,2.98,mm,positive,0.0,2.483,24,S10,多点联动异常,支护失稳风险,预警,simulated,SIMULATED-EXCAVAGUARD-V1,TRUE,
CX-03,2026-08-08,deep_horizontal_displacement,3.476,mm,positive,0.0,2.98,24,S10,多点联动异常,支护失稳风险,预警,simulated,SIMULATED-EXCAVAGUARD-V1,TRUE,
CX-03,2026-08-09,deep_horizontal_displacement,3.973,mm,positive,0.0,3.476,24,S10,多点联动异常,支护失稳风险,预警,simulated,SIMULATED-EXCAVAGUARD-V1,TRUE,
CX-03,2026-08-10,deep_horizontal_displacement,4.469,mm,positive,0.0,3.973,24,S10,多点联动异常,支护失稳风险,预警,simulated,SIMULATED-EXCAVAGUARD-V1,TRUE,
CX-03,2026-08-11,deep_horizontal_displacement,4.966,mm,positive,0.0,4.469,24,S10,多点联动异常,支护失稳风险,预警,simulated,SIMULATED-EXCAVAGUARD-V1,TRUE,
CX-03,2026-08-12,deep_horizontal_displacement,5.463,mm,positive,0.0,4.966,24,S10,多点联动异常,支护失稳风险,预警,simulated,SIMULATED-EXCAVAGUARD-V1,TRUE,
CX-03,2026-08-13,deep_horizontal_displacement,5.959,mm,positive,0.0,5.463,24,S10,多点联动异常,支护失稳风险,预警,simulated,SIMULATED-EXCAVAGUARD-V1,TRUE,
CX-03,2026-08-14,deep_horizontal_displacement,6.456,mm,positive,0.0,5.959,24,S10,多点联动异常,支护失稳风险,预警,simulated,SIMULATED-EXCAVAGUARD-V1,TRUE,
CX-03,2026-08-15,deep_horizontal_displacement,6.953,mm,positive,0.0,6.456,24,S10,多点联动异常,支护失稳风险,预警,simulated,SIMULATED-EXCAVAGUARD-V1,TRUE,
CX-03,2026-08-16,deep_horizontal_displacement,7.449,mm,positive,0.0,6.953,24,S10,多点联动异常,支护失稳风险,预警,simulated,SIMULATED-EXCAVAGUARD-V1,TRUE,
CX-03,2026-08-17,deep_horizontal_displacement,7.946,mm,positive,0.0,7.449,24,S10,多点联动异常,支护失稳风险,预警,simulated,SIMULATED-EXCAVAGUARD-V1,TRUE,
CX-03,2026-08-18,deep_horizontal_displacement,8.442,mm,positive,0.0,7.946,24,S10,多点联动异常,支护失稳风险,预警,simulated,SIMULATED-EXCAVAGUARD-V1,TRUE,
CX-03,2026-08-19,deep_horizontal_displacement,8.939,mm,positive,0.0,8.442,24,S10,多点联动异常,支护失稳风险,预警,simulated,SIMULATED-EXCAVAGUARD-V1,TRUE,
CX-03,2026-08-20,deep_horizontal_displacement,9.436,mm,positive,0.0,8.939,24,S10,多点联动异常,支护失稳风险,预警,simulated,SIMULATED-EXCAVAGUARD-V1,TRUE,
CX-03,2026-08-21,deep_horizontal_displacement,9.932,mm,positive,0.0,9.436,24,S10,多点联动异常,支护失稳风险,预警,simulated,SIMULATED-EXCAVAGUARD-V1,TRUE,
CX-03,2026-08-22,deep_horizontal_displacement,10.429,mm,positive,0.0,9.932,24,S10,多点联动异常,支护失稳风险,预警,simulated,SIMULATED-EXCAVAGUARD-V1,TRUE,
CX-03,2026-08-23,deep_horizontal_displacement,10.925,mm,positive,0.0,10.429,24,S10,多点联动异常,支护失稳风险,预警,simulated,SIMULATED-EXCAVAGUARD-V1,TRUE,
CX-03,2026-08-24,deep_horizontal_displacement,11.422,mm,positive,0.0,10.925,24,S10,多点联动异常,支护失稳风险,预警,simulated,SIMULATED-EXCAVAGUARD-V1,TRUE,
CX-03,2026-08-25,deep_horizontal_displacement,11.919,mm,positive,0.0,11.422,24,S10,多点联动异常,支护失稳风险,预警,simulated,SIMULATED-EXCAVAGUARD-V1,TRUE,
CX-03,2026-08-26,deep_horizontal_displacement,12.415,mm,positive,0.0,11.919,24,S10,多点联动异常,支护失稳风险,预警,simulated,SIMULATED-EXCAVAGUARD-V1,TRUE,
CX-03,2026-08-27,deep_horizontal_displacement,12.912,mm,positive,0.0,12.415,24,S10,多点联动异常,支护失稳风险,预警,simulated,SIMULATED-EXCAVAGUARD-V1,TRUE,
CX-03,2026-08-28,deep_horizontal_displacement,13.408,mm,positive,0.0,12.912,24,S10,多点联动异常,支护失稳风险,预警,simulated,SIMULATED-EXCAVAGUARD-V1,TRUE,
CX-03,2026-08-29,deep_horizontal_displacement,13.905,mm,positive,0.0,13.408,24,S10,多点联动异常,支护失稳风险,预警,simulated,SIMULATED-EXCAVAGUARD-V1,TRUE,
CX-03,2026-08-30,deep_horizontal_displacement,14.402,mm,positive,0.0,13.905,24,S10,多点联动异常,支护失稳风险,预警,simulated,SIMULATED-EXCAVAGUARD-V1,TRUE,
CX-03,2026-08-31,deep_horizontal_displacement,14.898,mm,positive,0.0,14.402,24,S10,多点联动异常,支护失稳风险,预警,simulated,SIMULATED-EXCAVAGUARD-V1,TRUE,
CX-03,2026-09-01,deep_horizontal_displacement,15.395,mm,positive,0.0,14.898,24,S10,多点联动异常,支护失稳风险,预警,simulated,SIMULATED-EXCAVAGUARD-V1,TRUE,
CX-03,2026-09-02,deep_horizontal_displacement,15.892,mm,positive,0.0,15.395,24,S10,多点联动异常,支护失稳风险,预警,simulated,SIMULATED-EXCAVAGUARD-V1,TRUE,
CX-03,2026-09-03,deep_horizontal_displacement,16.388,mm,positive,0.0,15.892,24,S10,多点联动异常,支护失稳风险,预警,simulated,SIMULATED-EXCAVAGUARD-V1,TRUE,
CX-03,2026-09-04,deep_horizontal_displacement,16.885,mm,positive,0.0,16.388,24,S10,多点联动异常,支护失稳风险,预警,simulated,SIMULATED-EXCAVAGUARD-V1,TRUE,
CX-03,2026-09-05,deep_horizontal_displacement,17.381,mm,positive,0.0,16.885,24,S10,多点联动异常,支护失稳风险,预警,simulated,SIMULATED-EXCAVAGUARD-V1,TRUE,
CX-03,2026-09-06,deep_horizontal_displacement,17.878,mm,positive,0.0,17.381,24,S10,多点联动异常,支护失稳风险,预警,simulated,SIMULATED-EXCAVAGUARD-V1,TRUE,
CX-03,2026-09-07,deep_horizontal_displacement,18.375,mm,positive,0.0,17.878,24,S10,多点联动异常,支护失稳风险,预警,simulated,SIMULATED-EXCAVAGUARD-V1,TRUE,
CX-03,2026-09-08,deep_horizontal_displacement,18.871,mm,positive,0.0,18.375,24,S10,多点联动异常,支护失稳风险,预警,simulated,SIMULATED-EXCAVAGUARD-V1,TRUE,
CX-03,2026-09-09,deep_horizontal_displacement,19.368,mm,positive,0.0,18.871,24,S10,多点联动异常,支护失稳风险,预警,simulated,SIMULATED-EXCAVAGUARD-V1,TRUE,
CX-03,2026-09-10,deep_horizontal_displacement,19.864,mm,positive,0.0,19.368,24,S10,多点联动异常,支护失稳风险,预警,simulated,SIMULATED-EXCAVAGUARD-V1,TRUE,
CX-03,2026-09-11,deep_horizontal_displacement,20.361,mm,positive,0.0,19.864,24,S10,多点联动异常,支护失稳风险,预警,simulated,SIMULATED-EXCAVAGUARD-V1,TRUE,
CX-03,2026-09-12,deep_horizontal_displacement,20.858,mm,positive,0.0,20.361,24,S10,多点联动异常,支护失稳风险,预警,simulated,SIMULATED-EXCAVAGUARD-V1,TRUE,
CX-03,2026-09-13,deep_horizontal_displacement,21.354,mm,positive,0.0,20.858,24,S10,多点联动异常,支护失稳风险,预警,simulated,SIMULATED-EXCAVAGUARD-V1,TRUE,
CX-03,2026-09-14,deep_horizontal_displacement,21.851,mm,positive,0.0,21.354,24,S10,多点联动异常,支护失稳风险,预警,simulated,SIMULATED-EXCAVAGUARD-V1,TRUE,
CX-03,2026-09-15,deep_horizontal_displacement,22.347,mm,positive,0.0,21.851,24,S10,多点联动异常,支护失稳风险,预警,simulated,SIMULATED-EXCAVAGUARD-V1,TRUE,
CX-03,2026-09-16,deep_horizontal_displacement,22.844,mm,positive,0.0,22.347,24,S10,多点联动异常,支护失稳风险,预警,simulated,SIMULATED-EXCAVAGUARD-V1,TRUE,
CX-03,2026-09-17,deep_horizontal_displacement,23.341,mm,positive,0.0,22.844,24,S10,多点联动异常,支护失稳风险,预警,simulated,SIMULATED-EXCAVAGUARD-V1,TRUE,
CX-03,2026-09-18,deep_horizontal_displacement,23.837,mm,positive,0.0,23.341,24,S10,多点联动异常,支护失稳风险,预警,simulated,SIMULATED-EXCAVAGUARD-V1,TRUE,
CX-03,2026-09-19,deep_horizontal_displacement,24.334,mm,positive,0.0,23.837,24,S10,多点联动异常,支护失稳风险,预警,simulated,SIMULATED-EXCAVAGUARD-V1,TRUE,
CX-03,2026-09-20,deep_horizontal_displacement,24.831,mm,positive,0.0,24.334,24,S10,多点联动异常,支护失稳风险,预警,simulated,SIMULATED-EXCAVAGUARD-V1,TRUE,
CX-03,2026-09-21,deep_horizontal_displacement,25.327,mm,positive,0.0,24.831,24,S10,多点联动异常,支护失稳风险,预警,simulated,SIMULATED-EXCAVAGUARD-V1,TRUE,
CX-03,2026-09-22,deep_horizontal_displacement,25.824,mm,positive,0.0,25.327,24,S10,多点联动异常,支护失稳风险,预警,simulated,SIMULATED-EXCAVAGUARD-V1,TRUE,
CX-03,2026-09-23,deep_horizontal_displacement,26.32,mm,positive,0.0,25.824,24,S10,多点联动异常,支护失稳风险,预警,simulated,SIMULATED-EXCAVAGUARD-V1,TRUE,
CX-03,2026-09-24,deep_horizontal_displacement,26.817,mm,positive,0.0,26.32,24,S10,多点联动异常,支护失稳风险,预警,simulated,SIMULATED-EXCAVAGUARD-V1,TRUE,
CX-03,2026-09-25,deep_horizontal_displacement,27.314,mm,positive,0.0,26.817,24,S10,多点联动异常,支护失稳风险,预警,simulated,SIMULATED-EXCAVAGUARD-V1,TRUE,
CX-03,2026-09-26,deep_horizontal_displacement,27.81,mm,positive,0.0,27.314,24,S10,多点联动异常,支护失稳风险,预警,simulated,SIMULATED-EXCAVAGUARD-V1,TRUE,
CX-03,2026-09-27,deep_horizontal_displacement,28.307,mm,positive,0.0,27.81,24,S10,多点联动异常,支护失稳风险,预警,simulated,SIMULATED-EXCAVAGUARD-V1,TRUE,
CX-03,2026-09-28,deep_horizontal_displacement,28.803,mm,positive,0.0,28.307,24,S10,多点联动异常,支护失稳风险,预警,simulated,SIMULATED-EXCAVAGUARD-V1,TRUE,
CX-03,2026-09-29,deep_horizontal_displacement,29.3,mm,positive,0.0,28.803,24,S10,多点联动异常,支护失稳风险,预警,simulated,SIMULATED-EXCAVAGUARD-V1,TRUE,
ZL-04,2026-08-01,support_axial_force,0.0,kN,positive,0.0,,,S10,多点联动异常,支护失稳风险,预警,simulated,SIMULATED-EXCAVAGUARD-V1,TRUE,
ZL-04,2026-08-02,support_axial_force,27.068,kN,positive,0.0,0.0,24,S10,多点联动异常,支护失稳风险,预警,simulated,SIMULATED-EXCAVAGUARD-V1,TRUE,
ZL-04,2026-08-03,support_axial_force,52.815,kN,positive,0.0,27.068,24,S10,多点联动异常,支护失稳风险,预警,simulated,SIMULATED-EXCAVAGUARD-V1,TRUE,
ZL-04,2026-08-04,support_axial_force,77.307,kN,positive,0.0,52.815,24,S10,多点联动异常,支护失稳风险,预警,simulated,SIMULATED-EXCAVAGUARD-V1,TRUE,
ZL-04,2026-08-05,support_axial_force,100.604,kN,positive,0.0,77.307,24,S10,多点联动异常,支护失稳风险,预警,simulated,SIMULATED-EXCAVAGUARD-V1,TRUE,
ZL-04,2026-08-06,support_axial_force,122.766,kN,positive,0.0,100.604,24,S10,多点联动异常,支护失稳风险,预警,simulated,SIMULATED-EXCAVAGUARD-V1,TRUE,
ZL-04,2026-08-07,support_axial_force,143.846,kN,positive,0.0,122.766,24,S10,多点联动异常,支护失稳风险,预警,simulated,SIMULATED-EXCAVAGUARD-V1,TRUE,
ZL-04,2026-08-08,support_axial_force,163.898,kN,positive,0.0,143.846,24,S10,多点联动异常,支护失稳风险,预警,simulated,SIMULATED-EXCAVAGUARD-V1,TRUE,
ZL-04,2026-08-09,support_axial_force,182.972,kN,positive,0.0,163.898,24,S10,多点联动异常,支护失稳风险,预警,simulated,SIMULATED-EXCAVAGUARD-V1,TRUE,
ZL-04,2026-08-10,support_axial_force,201.116,kN,positive,0.0,182.972,24,S10,多点联动异常,支护失稳风险,预警,simulated,SIMULATED-EXCAVAGUARD-V1,TRUE,
ZL-04,2026-08-11,support_axial_force,218.375,kN,positive,0.0,201.116,24,S10,多点联动异常,支护失稳风险,预警,simulated,SIMULATED-EXCAVAGUARD-V1,TRUE,
ZL-04,2026-08-12,support_axial_force,234.793,kN,positive,0.0,218.375,24,S10,多点联动异常,支护失稳风险,预警,simulated,SIMULATED-EXCAVAGUARD-V1,TRUE,
ZL-04,2026-08-13,support_axial_force,250.41,kN,positive,0.0,234.793,24,S10,多点联动异常,支护失稳风险,预警,simulated,SIMULATED-EXCAVAGUARD-V1,TRUE,
ZL-04,2026-08-14,support_axial_force,265.265,kN,positive,0.0,250.41,24,S10,多点联动异常,支护失稳风险,预警,simulated,SIMULATED-EXCAVAGUARD-V1,TRUE,
ZL-04,2026-08-15,support_axial_force,279.395,kN,positive,0.0,265.265,24,S10,多点联动异常,支护失稳风险,预警,simulated,SIMULATED-EXCAVAGUARD-V1,TRUE,
ZL-04,2026-08-16,support_axial_force,292.837,kN,positive,0.0,279.395,24,S10,多点联动异常,支护失稳风险,预警,simulated,SIMULATED-EXCAVAGUARD-V1,TRUE,
ZL-04,2026-08-17,support_axial_force,305.622,kN,positive,0.0,292.837,24,S10,多点联动异常,支护失稳风险,预警,simulated,SIMULATED-EXCAVAGUARD-V1,TRUE,
ZL-04,2026-08-18,support_axial_force,317.785,kN,positive,0.0,305.622,24,S10,多点联动异常,支护失稳风险,预警,simulated,SIMULATED-EXCAVAGUARD-V1,TRUE,
ZL-04,2026-08-19,support_axial_force,329.354,kN,positive,0.0,317.785,24,S10,多点联动异常,支护失稳风险,预警,simulated,SIMULATED-EXCAVAGUARD-V1,TRUE,
ZL-04,2026-08-20,support_axial_force,340.359,kN,positive,0.0,329.354,24,S10,多点联动异常,支护失稳风险,预警,simulated,SIMULATED-EXCAVAGUARD-V1,TRUE,
ZL-04,2026-08-21,support_axial_force,350.827,kN,positive,0.0,340.359,24,S10,多点联动异常,支护失稳风险,预警,simulated,SIMULATED-EXCAVAGUARD-V1,TRUE,
ZL-04,2026-08-22,support_axial_force,360.785,kN,positive,0.0,350.827,24,S10,多点联动异常,支护失稳风险,预警,simulated,SIMULATED-EXCAVAGUARD-V1,TRUE,
ZL-04,2026-08-23,support_axial_force,370.257,kN,positive,0.0,360.785,24,S10,多点联动异常,支护失稳风险,预警,simulated,SIMULATED-EXCAVAGUARD-V1,TRUE,
ZL-04,2026-08-24,support_axial_force,379.267,kN,positive,0.0,370.257,24,S10,多点联动异常,支护失稳风险,预警,simulated,SIMULATED-EXCAVAGUARD-V1,TRUE,
ZL-04,2026-08-25,support_axial_force,387.837,kN,positive,0.0,379.267,24,S10,多点联动异常,支护失稳风险,预警,simulated,SIMULATED-EXCAVAGUARD-V1,TRUE,
ZL-04,2026-08-26,support_axial_force,395.99,kN,positive,0.0,387.837,24,S10,多点联动异常,支护失稳风险,预警,simulated,SIMULATED-EXCAVAGUARD-V1,TRUE,
ZL-04,2026-08-27,support_axial_force,403.745,kN,positive,0.0,395.99,24,S10,多点联动异常,支护失稳风险,预警,simulated,SIMULATED-EXCAVAGUARD-V1,TRUE,
ZL-04,2026-08-28,support_axial_force,411.122,kN,positive,0.0,403.745,24,S10,多点联动异常,支护失稳风险,预警,simulated,SIMULATED-EXCAVAGUARD-V1,TRUE,
ZL-04,2026-08-29,support_axial_force,418.139,kN,positive,0.0,411.122,24,S10,多点联动异常,支护失稳风险,预警,simulated,SIMULATED-EXCAVAGUARD-V1,TRUE,
ZL-04,2026-08-30,support_axial_force,424.813,kN,positive,0.0,418.139,24,S10,多点联动异常,支护失稳风险,预警,simulated,SIMULATED-EXCAVAGUARD-V1,TRUE,
ZL-04,2026-08-31,support_axial_force,431.163,kN,positive,0.0,424.813,24,S10,多点联动异常,支护失稳风险,预警,simulated,SIMULATED-EXCAVAGUARD-V1,TRUE,
ZL-04,2026-09-01,support_axial_force,437.202,kN,positive,0.0,431.163,24,S10,多点联动异常,支护失稳风险,预警,simulated,SIMULATED-EXCAVAGUARD-V1,TRUE,
ZL-04,2026-09-02,support_axial_force,442.947,kN,positive,0.0,437.202,24,S10,多点联动异常,支护失稳风险,预警,simulated,SIMULATED-EXCAVAGUARD-V1,TRUE,
ZL-04,2026-09-03,support_axial_force,448.412,kN,positive,0.0,442.947,24,S10,多点联动异常,支护失稳风险,预警,simulated,SIMULATED-EXCAVAGUARD-V1,TRUE,
ZL-04,2026-09-04,support_axial_force,453.611,kN,positive,0.0,448.412,24,S10,多点联动异常,支护失稳风险,预警,simulated,SIMULATED-EXCAVAGUARD-V1,TRUE,
ZL-04,2026-09-05,support_axial_force,458.555,kN,positive,0.0,453.611,24,S10,多点联动异常,支护失稳风险,预警,simulated,SIMULATED-EXCAVAGUARD-V1,TRUE,
ZL-04,2026-09-06,support_axial_force,463.259,kN,positive,0.0,458.555,24,S10,多点联动异常,支护失稳风险,预警,simulated,SIMULATED-EXCAVAGUARD-V1,TRUE,
ZL-04,2026-09-07,support_axial_force,467.733,kN,positive,0.0,463.259,24,S10,多点联动异常,支护失稳风险,预警,simulated,SIMULATED-EXCAVAGUARD-V1,TRUE,
ZL-04,2026-09-08,support_axial_force,471.989,kN,positive,0.0,467.733,24,S10,多点联动异常,支护失稳风险,预警,simulated,SIMULATED-EXCAVAGUARD-V1,TRUE,
ZL-04,2026-09-09,support_axial_force,476.038,kN,positive,0.0,471.989,24,S10,多点联动异常,支护失稳风险,预警,simulated,SIMULATED-EXCAVAGUARD-V1,TRUE,
ZL-04,2026-09-10,support_axial_force,479.889,kN,positive,0.0,476.038,24,S10,多点联动异常,支护失稳风险,预警,simulated,SIMULATED-EXCAVAGUARD-V1,TRUE,
ZL-04,2026-09-11,support_axial_force,483.552,kN,positive,0.0,479.889,24,S10,多点联动异常,支护失稳风险,预警,simulated,SIMULATED-EXCAVAGUARD-V1,TRUE,
ZL-04,2026-09-12,support_axial_force,487.037,kN,positive,0.0,483.552,24,S10,多点联动异常,支护失稳风险,预警,simulated,SIMULATED-EXCAVAGUARD-V1,TRUE,
ZL-04,2026-09-13,support_axial_force,490.351,kN,positive,0.0,487.037,24,S10,多点联动异常,支护失稳风险,预警,simulated,SIMULATED-EXCAVAGUARD-V1,TRUE,
ZL-04,2026-09-14,support_axial_force,493.504,kN,positive,0.0,490.351,24,S10,多点联动异常,支护失稳风险,预警,simulated,SIMULATED-EXCAVAGUARD-V1,TRUE,
ZL-04,2026-09-15,support_axial_force,496.503,kN,positive,0.0,493.504,24,S10,多点联动异常,支护失稳风险,预警,simulated,SIMULATED-EXCAVAGUARD-V1,TRUE,
ZL-04,2026-09-16,support_axial_force,499.356,kN,positive,0.0,496.503,24,S10,多点联动异常,支护失稳风险,预警,simulated,SIMULATED-EXCAVAGUARD-V1,TRUE,
ZL-04,2026-09-17,support_axial_force,502.07,kN,positive,0.0,499.356,24,S10,多点联动异常,支护失稳风险,预警,simulated,SIMULATED-EXCAVAGUARD-V1,TRUE,
ZL-04,2026-09-18,support_axial_force,504.652,kN,positive,0.0,502.07,24,S10,多点联动异常,支护失稳风险,预警,simulated,SIMULATED-EXCAVAGUARD-V1,TRUE,
ZL-04,2026-09-19,support_axial_force,507.107,kN,positive,0.0,504.652,24,S10,多点联动异常,支护失稳风险,预警,simulated,SIMULATED-EXCAVAGUARD-V1,TRUE,
ZL-04,2026-09-20,support_axial_force,509.443,kN,positive,0.0,507.107,24,S10,多点联动异常,支护失稳风险,预警,simulated,SIMULATED-EXCAVAGUARD-V1,TRUE,
ZL-04,2026-09-21,support_axial_force,511.665,kN,positive,0.0,509.443,24,S10,多点联动异常,支护失稳风险,预警,simulated,SIMULATED-EXCAVAGUARD-V1,TRUE,
ZL-04,2026-09-22,support_axial_force,513.778,kN,positive,0.0,511.665,24,S10,多点联动异常,支护失稳风险,预警,simulated,SIMULATED-EXCAVAGUARD-V1,TRUE,
ZL-04,2026-09-23,support_axial_force,515.789,kN,positive,0.0,513.778,24,S10,多点联动异常,支护失稳风险,预警,simulated,SIMULATED-EXCAVAGUARD-V1,TRUE,
ZL-04,2026-09-24,support_axial_force,517.701,kN,positive,0.0,515.789,24,S10,多点联动异常,支护失稳风险,预警,simulated,SIMULATED-EXCAVAGUARD-V1,TRUE,
ZL-04,2026-09-25,support_axial_force,519.52,kN,positive,0.0,517.701,24,S10,多点联动异常,支护失稳风险,预警,simulated,SIMULATED-EXCAVAGUARD-V1,TRUE,
ZL-04,2026-09-26,support_axial_force,521.25,kN,positive,0.0,519.52,24,S10,多点联动异常,支护失稳风险,预警,simulated,SIMULATED-EXCAVAGUARD-V1,TRUE,
ZL-04,2026-09-27,support_axial_force,522.896,kN,positive,0.0,521.25,24,S10,多点联动异常,支护失稳风险,预警,simulated,SIMULATED-EXCAVAGUARD-V1,TRUE,
ZL-04,2026-09-28,support_axial_force,524.462,kN,positive,0.0,522.896,24,S10,多点联动异常,支护失稳风险,预警,simulated,SIMULATED-EXCAVAGUARD-V1,TRUE,
ZL-04,2026-09-29,support_axial_force,525.951,kN,positive,0.0,524.462,24,S10,多点联动异常,支护失稳风险,预警,simulated,SIMULATED-EXCAVAGUARD-V1,TRUE,
ZQS-08,2026-08-01,wall_top_horizontal_displacement,0.0,mm,positive,0.0,,,S11,位移不收敛,支护失稳风险,预警,simulated,SIMULATED-EXCAVAGUARD-V1,TRUE,
ZQS-08,2026-08-02,wall_top_horizontal_displacement,0.004,mm,positive,0.0,0.0,24,S11,位移不收敛,支护失稳风险,预警,simulated,SIMULATED-EXCAVAGUARD-V1,TRUE,
ZQS-08,2026-08-03,wall_top_horizontal_displacement,0.015,mm,positive,0.0,0.004,24,S11,位移不收敛,支护失稳风险,预警,simulated,SIMULATED-EXCAVAGUARD-V1,TRUE,
ZQS-08,2026-08-04,wall_top_horizontal_displacement,0.034,mm,positive,0.0,0.015,24,S11,位移不收敛,支护失稳风险,预警,simulated,SIMULATED-EXCAVAGUARD-V1,TRUE,
ZQS-08,2026-08-05,wall_top_horizontal_displacement,0.06,mm,positive,0.0,0.034,24,S11,位移不收敛,支护失稳风险,预警,simulated,SIMULATED-EXCAVAGUARD-V1,TRUE,
ZQS-08,2026-08-06,wall_top_horizontal_displacement,0.093,mm,positive,0.0,0.06,24,S11,位移不收敛,支护失稳风险,预警,simulated,SIMULATED-EXCAVAGUARD-V1,TRUE,
ZQS-08,2026-08-07,wall_top_horizontal_displacement,0.134,mm,positive,0.0,0.093,24,S11,位移不收敛,支护失稳风险,预警,simulated,SIMULATED-EXCAVAGUARD-V1,TRUE,
ZQS-08,2026-08-08,wall_top_horizontal_displacement,0.183,mm,positive,0.0,0.134,24,S11,位移不收敛,支护失稳风险,预警,simulated,SIMULATED-EXCAVAGUARD-V1,TRUE,
ZQS-08,2026-08-09,wall_top_horizontal_displacement,0.239,mm,positive,0.0,0.183,24,S11,位移不收敛,支护失稳风险,预警,simulated,SIMULATED-EXCAVAGUARD-V1,TRUE,
ZQS-08,2026-08-10,wall_top_horizontal_displacement,0.302,mm,positive,0.0,0.239,24,S11,位移不收敛,支护失稳风险,预警,simulated,SIMULATED-EXCAVAGUARD-V1,TRUE,
ZQS-08,2026-08-11,wall_top_horizontal_displacement,0.373,mm,positive,0.0,0.302,24,S11,位移不收敛,支护失稳风险,预警,simulated,SIMULATED-EXCAVAGUARD-V1,TRUE,
ZQS-08,2026-08-12,wall_top_horizontal_displacement,0.452,mm,positive,0.0,0.373,24,S11,位移不收敛,支护失稳风险,预警,simulated,SIMULATED-EXCAVAGUARD-V1,TRUE,
ZQS-08,2026-08-13,wall_top_horizontal_displacement,0.538,mm,positive,0.0,0.452,24,S11,位移不收敛,支护失稳风险,预警,simulated,SIMULATED-EXCAVAGUARD-V1,TRUE,
ZQS-08,2026-08-14,wall_top_horizontal_displacement,0.631,mm,positive,0.0,0.538,24,S11,位移不收敛,支护失稳风险,预警,simulated,SIMULATED-EXCAVAGUARD-V1,TRUE,
ZQS-08,2026-08-15,wall_top_horizontal_displacement,0.732,mm,positive,0.0,0.631,24,S11,位移不收敛,支护失稳风险,预警,simulated,SIMULATED-EXCAVAGUARD-V1,TRUE,
ZQS-08,2026-08-16,wall_top_horizontal_displacement,0.84,mm,positive,0.0,0.732,24,S11,位移不收敛,支护失稳风险,预警,simulated,SIMULATED-EXCAVAGUARD-V1,TRUE,
ZQS-08,2026-08-17,wall_top_horizontal_displacement,0.956,mm,positive,0.0,0.84,24,S11,位移不收敛,支护失稳风险,预警,simulated,SIMULATED-EXCAVAGUARD-V1,TRUE,
ZQS-08,2026-08-18,wall_top_horizontal_displacement,1.079,mm,positive,0.0,0.956,24,S11,位移不收敛,支护失稳风险,预警,simulated,SIMULATED-EXCAVAGUARD-V1,TRUE,
ZQS-08,2026-08-19,wall_top_horizontal_displacement,1.21,mm,positive,0.0,1.079,24,S11,位移不收敛,支护失稳风险,预警,simulated,SIMULATED-EXCAVAGUARD-V1,TRUE,
ZQS-08,2026-08-20,wall_top_horizontal_displacement,1.348,mm,positive,0.0,1.21,24,S11,位移不收敛,支护失稳风险,预警,simulated,SIMULATED-EXCAVAGUARD-V1,TRUE,
ZQS-08,2026-08-21,wall_top_horizontal_displacement,1.494,mm,positive,0.0,1.348,24,S11,位移不收敛,支护失稳风险,预警,simulated,SIMULATED-EXCAVAGUARD-V1,TRUE,
ZQS-08,2026-08-22,wall_top_horizontal_displacement,1.647,mm,positive,0.0,1.494,24,S11,位移不收敛,支护失稳风险,预警,simulated,SIMULATED-EXCAVAGUARD-V1,TRUE,
ZQS-08,2026-08-23,wall_top_horizontal_displacement,1.808,mm,positive,0.0,1.647,24,S11,位移不收敛,支护失稳风险,预警,simulated,SIMULATED-EXCAVAGUARD-V1,TRUE,
ZQS-08,2026-08-24,wall_top_horizontal_displacement,1.976,mm,positive,0.0,1.808,24,S11,位移不收敛,支护失稳风险,预警,simulated,SIMULATED-EXCAVAGUARD-V1,TRUE,
ZQS-08,2026-08-25,wall_top_horizontal_displacement,2.151,mm,positive,0.0,1.976,24,S11,位移不收敛,支护失稳风险,预警,simulated,SIMULATED-EXCAVAGUARD-V1,TRUE,
ZQS-08,2026-08-26,wall_top_horizontal_displacement,2.334,mm,positive,0.0,2.151,24,S11,位移不收敛,支护失稳风险,预警,simulated,SIMULATED-EXCAVAGUARD-V1,TRUE,
ZQS-08,2026-08-27,wall_top_horizontal_displacement,2.525,mm,positive,0.0,2.334,24,S11,位移不收敛,支护失稳风险,预警,simulated,SIMULATED-EXCAVAGUARD-V1,TRUE,
ZQS-08,2026-08-28,wall_top_horizontal_displacement,2.722,mm,positive,0.0,2.525,24,S11,位移不收敛,支护失稳风险,预警,simulated,SIMULATED-EXCAVAGUARD-V1,TRUE,
ZQS-08,2026-08-29,wall_top_horizontal_displacement,2.928,mm,positive,0.0,2.722,24,S11,位移不收敛,支护失稳风险,预警,simulated,SIMULATED-EXCAVAGUARD-V1,TRUE,
ZQS-08,2026-08-30,wall_top_horizontal_displacement,3.141,mm,positive,0.0,2.928,24,S11,位移不收敛,支护失稳风险,预警,simulated,SIMULATED-EXCAVAGUARD-V1,TRUE,
ZQS-08,2026-08-31,wall_top_horizontal_displacement,3.361,mm,positive,0.0,3.141,24,S11,位移不收敛,支护失稳风险,预警,simulated,SIMULATED-EXCAVAGUARD-V1,TRUE,
ZQS-08,2026-09-01,wall_top_horizontal_displacement,3.589,mm,positive,0.0,3.361,24,S11,位移不收敛,支护失稳风险,预警,simulated,SIMULATED-EXCAVAGUARD-V1,TRUE,
ZQS-08,2026-09-02,wall_top_horizontal_displacement,3.824,mm,positive,0.0,3.589,24,S11,位移不收敛,支护失稳风险,预警,simulated,SIMULATED-EXCAVAGUARD-V1,TRUE,
ZQS-08,2026-09-03,wall_top_horizontal_displacement,4.067,mm,positive,0.0,3.824,24,S11,位移不收敛,支护失稳风险,预警,simulated,SIMULATED-EXCAVAGUARD-V1,TRUE,
ZQS-08,2026-09-04,wall_top_horizontal_displacement,4.317,mm,positive,0.0,4.067,24,S11,位移不收敛,支护失稳风险,预警,simulated,SIMULATED-EXCAVAGUARD-V1,TRUE,
ZQS-08,2026-09-05,wall_top_horizontal_displacement,4.575,mm,positive,0.0,4.317,24,S11,位移不收敛,支护失稳风险,预警,simulated,SIMULATED-EXCAVAGUARD-V1,TRUE,
ZQS-08,2026-09-06,wall_top_horizontal_displacement,4.84,mm,positive,0.0,4.575,24,S11,位移不收敛,支护失稳风险,预警,simulated,SIMULATED-EXCAVAGUARD-V1,TRUE,
ZQS-08,2026-09-07,wall_top_horizontal_displacement,5.113,mm,positive,0.0,4.84,24,S11,位移不收敛,支护失稳风险,预警,simulated,SIMULATED-EXCAVAGUARD-V1,TRUE,
ZQS-08,2026-09-08,wall_top_horizontal_displacement,5.393,mm,positive,0.0,5.113,24,S11,位移不收敛,支护失稳风险,预警,simulated,SIMULATED-EXCAVAGUARD-V1,TRUE,
ZQS-08,2026-09-09,wall_top_horizontal_displacement,5.68,mm,positive,0.0,5.393,24,S11,位移不收敛,支护失稳风险,预警,simulated,SIMULATED-EXCAVAGUARD-V1,TRUE,
ZQS-08,2026-09-10,wall_top_horizontal_displacement,5.975,mm,positive,0.0,5.68,24,S11,位移不收敛,支护失稳风险,预警,simulated,SIMULATED-EXCAVAGUARD-V1,TRUE,
ZQS-08,2026-09-11,wall_top_horizontal_displacement,6.278,mm,positive,0.0,5.975,24,S11,位移不收敛,支护失稳风险,预警,simulated,SIMULATED-EXCAVAGUARD-V1,TRUE,
ZQS-08,2026-09-12,wall_top_horizontal_displacement,6.588,mm,positive,0.0,6.278,24,S11,位移不收敛,支护失稳风险,预警,simulated,SIMULATED-EXCAVAGUARD-V1,TRUE,
ZQS-08,2026-09-13,wall_top_horizontal_displacement,6.905,mm,positive,0.0,6.588,24,S11,位移不收敛,支护失稳风险,预警,simulated,SIMULATED-EXCAVAGUARD-V1,TRUE,
ZQS-08,2026-09-14,wall_top_horizontal_displacement,7.23,mm,positive,0.0,6.905,24,S11,位移不收敛,支护失稳风险,预警,simulated,SIMULATED-EXCAVAGUARD-V1,TRUE,
ZQS-08,2026-09-15,wall_top_horizontal_displacement,7.562,mm,positive,0.0,7.23,24,S11,位移不收敛,支护失稳风险,预警,simulated,SIMULATED-EXCAVAGUARD-V1,TRUE,
ZQS-08,2026-09-16,wall_top_horizontal_displacement,7.902,mm,positive,0.0,7.562,24,S11,位移不收敛,支护失稳风险,预警,simulated,SIMULATED-EXCAVAGUARD-V1,TRUE,
ZQS-08,2026-09-17,wall_top_horizontal_displacement,8.25,mm,positive,0.0,7.902,24,S11,位移不收敛,支护失稳风险,预警,simulated,SIMULATED-EXCAVAGUARD-V1,TRUE,
ZQS-08,2026-09-18,wall_top_horizontal_displacement,8.604,mm,positive,0.0,8.25,24,S11,位移不收敛,支护失稳风险,预警,simulated,SIMULATED-EXCAVAGUARD-V1,TRUE,
ZQS-08,2026-09-19,wall_top_horizontal_displacement,8.967,mm,positive,0.0,8.604,24,S11,位移不收敛,支护失稳风险,预警,simulated,SIMULATED-EXCAVAGUARD-V1,TRUE,
ZQS-08,2026-09-20,wall_top_horizontal_displacement,9.336,mm,positive,0.0,8.967,24,S11,位移不收敛,支护失稳风险,预警,simulated,SIMULATED-EXCAVAGUARD-V1,TRUE,
ZQS-08,2026-09-21,wall_top_horizontal_displacement,9.714,mm,positive,0.0,9.336,24,S11,位移不收敛,支护失稳风险,预警,simulated,SIMULATED-EXCAVAGUARD-V1,TRUE,
ZQS-08,2026-09-22,wall_top_horizontal_displacement,10.098,mm,positive,0.0,9.714,24,S11,位移不收敛,支护失稳风险,预警,simulated,SIMULATED-EXCAVAGUARD-V1,TRUE,
ZQS-08,2026-09-23,wall_top_horizontal_displacement,10.49,mm,positive,0.0,10.098,24,S11,位移不收敛,支护失稳风险,预警,simulated,SIMULATED-EXCAVAGUARD-V1,TRUE,
ZQS-08,2026-09-24,wall_top_horizontal_displacement,10.89,mm,positive,0.0,10.49,24,S11,位移不收敛,支护失稳风险,预警,simulated,SIMULATED-EXCAVAGUARD-V1,TRUE,
ZQS-08,2026-09-25,wall_top_horizontal_displacement,11.297,mm,positive,0.0,10.89,24,S11,位移不收敛,支护失稳风险,预警,simulated,SIMULATED-EXCAVAGUARD-V1,TRUE,
ZQS-08,2026-09-26,wall_top_horizontal_displacement,11.712,mm,positive,0.0,11.297,24,S11,位移不收敛,支护失稳风险,预警,simulated,SIMULATED-EXCAVAGUARD-V1,TRUE,
ZQS-08,2026-09-27,wall_top_horizontal_displacement,12.134,mm,positive,0.0,11.712,24,S11,位移不收敛,支护失稳风险,预警,simulated,SIMULATED-EXCAVAGUARD-V1,TRUE,
ZQS-08,2026-09-28,wall_top_horizontal_displacement,12.563,mm,positive,0.0,12.134,24,S11,位移不收敛,支护失稳风险,预警,simulated,SIMULATED-EXCAVAGUARD-V1,TRUE,
ZQS-08,2026-09-29,wall_top_horizontal_displacement,13.0,mm,positive,0.0,12.563,24,S11,位移不收敛,支护失稳风险,预警,simulated,SIMULATED-EXCAVAGUARD-V1,TRUE,
CX-04,2026-08-01,deep_horizontal_displacement,0.0,mm,positive,0.0,,,S11,位移不收敛,支护失稳风险,预警,simulated,SIMULATED-EXCAVAGUARD-V1,TRUE,
CX-04,2026-08-02,deep_horizontal_displacement,0.006,mm,positive,0.0,0.0,24,S11,位移不收敛,支护失稳风险,预警,simulated,SIMULATED-EXCAVAGUARD-V1,TRUE,
CX-04,2026-08-03,deep_horizontal_displacement,0.026,mm,positive,0.0,0.006,24,S11,位移不收敛,支护失稳风险,预警,simulated,SIMULATED-EXCAVAGUARD-V1,TRUE,
CX-04,2026-08-04,deep_horizontal_displacement,0.058,mm,positive,0.0,0.026,24,S11,位移不收敛,支护失稳风险,预警,simulated,SIMULATED-EXCAVAGUARD-V1,TRUE,
CX-04,2026-08-05,deep_horizontal_displacement,0.103,mm,positive,0.0,0.058,24,S11,位移不收敛,支护失稳风险,预警,simulated,SIMULATED-EXCAVAGUARD-V1,TRUE,
CX-04,2026-08-06,deep_horizontal_displacement,0.162,mm,positive,0.0,0.103,24,S11,位移不收敛,支护失稳风险,预警,simulated,SIMULATED-EXCAVAGUARD-V1,TRUE,
CX-04,2026-08-07,deep_horizontal_displacement,0.233,mm,positive,0.0,0.162,24,S11,位移不收敛,支护失稳风险,预警,simulated,SIMULATED-EXCAVAGUARD-V1,TRUE,
CX-04,2026-08-08,deep_horizontal_displacement,0.317,mm,positive,0.0,0.233,24,S11,位移不收敛,支护失稳风险,预警,simulated,SIMULATED-EXCAVAGUARD-V1,TRUE,
CX-04,2026-08-09,deep_horizontal_displacement,0.414,mm,positive,0.0,0.317,24,S11,位移不收敛,支护失稳风险,预警,simulated,SIMULATED-EXCAVAGUARD-V1,TRUE,
CX-04,2026-08-10,deep_horizontal_displacement,0.524,mm,positive,0.0,0.414,24,S11,位移不收敛,支护失稳风险,预警,simulated,SIMULATED-EXCAVAGUARD-V1,TRUE,
CX-04,2026-08-11,deep_horizontal_displacement,0.646,mm,positive,0.0,0.524,24,S11,位移不收敛,支护失稳风险,预警,simulated,SIMULATED-EXCAVAGUARD-V1,TRUE,
CX-04,2026-08-12,deep_horizontal_displacement,0.782,mm,positive,0.0,0.646,24,S11,位移不收敛,支护失稳风险,预警,simulated,SIMULATED-EXCAVAGUARD-V1,TRUE,
CX-04,2026-08-13,deep_horizontal_displacement,0.931,mm,positive,0.0,0.782,24,S11,位移不收敛,支护失稳风险,预警,simulated,SIMULATED-EXCAVAGUARD-V1,TRUE,
CX-04,2026-08-14,deep_horizontal_displacement,1.092,mm,positive,0.0,0.931,24,S11,位移不收敛,支护失稳风险,预警,simulated,SIMULATED-EXCAVAGUARD-V1,TRUE,
CX-04,2026-08-15,deep_horizontal_displacement,1.267,mm,positive,0.0,1.092,24,S11,位移不收敛,支护失稳风险,预警,simulated,SIMULATED-EXCAVAGUARD-V1,TRUE,
CX-04,2026-08-16,deep_horizontal_displacement,1.454,mm,positive,0.0,1.267,24,S11,位移不收敛,支护失稳风险,预警,simulated,SIMULATED-EXCAVAGUARD-V1,TRUE,
CX-04,2026-08-17,deep_horizontal_displacement,1.655,mm,positive,0.0,1.454,24,S11,位移不收敛,支护失稳风险,预警,simulated,SIMULATED-EXCAVAGUARD-V1,TRUE,
CX-04,2026-08-18,deep_horizontal_displacement,1.868,mm,positive,0.0,1.655,24,S11,位移不收敛,支护失稳风险,预警,simulated,SIMULATED-EXCAVAGUARD-V1,TRUE,
CX-04,2026-08-19,deep_horizontal_displacement,2.094,mm,positive,0.0,1.868,24,S11,位移不收敛,支护失稳风险,预警,simulated,SIMULATED-EXCAVAGUARD-V1,TRUE,
CX-04,2026-08-20,deep_horizontal_displacement,2.333,mm,positive,0.0,2.094,24,S11,位移不收敛,支护失稳风险,预警,simulated,SIMULATED-EXCAVAGUARD-V1,TRUE,
CX-04,2026-08-21,deep_horizontal_displacement,2.585,mm,positive,0.0,2.333,24,S11,位移不收敛,支护失稳风险,预警,simulated,SIMULATED-EXCAVAGUARD-V1,TRUE,
CX-04,2026-08-22,deep_horizontal_displacement,2.85,mm,positive,0.0,2.585,24,S11,位移不收敛,支护失稳风险,预警,simulated,SIMULATED-EXCAVAGUARD-V1,TRUE,
CX-04,2026-08-23,deep_horizontal_displacement,3.128,mm,positive,0.0,2.85,24,S11,位移不收敛,支护失稳风险,预警,simulated,SIMULATED-EXCAVAGUARD-V1,TRUE,
CX-04,2026-08-24,deep_horizontal_displacement,3.419,mm,positive,0.0,3.128,24,S11,位移不收敛,支护失稳风险,预警,simulated,SIMULATED-EXCAVAGUARD-V1,TRUE,
CX-04,2026-08-25,deep_horizontal_displacement,3.723,mm,positive,0.0,3.419,24,S11,位移不收敛,支护失稳风险,预警,simulated,SIMULATED-EXCAVAGUARD-V1,TRUE,
CX-04,2026-08-26,deep_horizontal_displacement,4.04,mm,positive,0.0,3.723,24,S11,位移不收敛,支护失稳风险,预警,simulated,SIMULATED-EXCAVAGUARD-V1,TRUE,
CX-04,2026-08-27,deep_horizontal_displacement,4.369,mm,positive,0.0,4.04,24,S11,位移不收敛,支护失稳风险,预警,simulated,SIMULATED-EXCAVAGUARD-V1,TRUE,
CX-04,2026-08-28,deep_horizontal_displacement,4.712,mm,positive,0.0,4.369,24,S11,位移不收敛,支护失稳风险,预警,simulated,SIMULATED-EXCAVAGUARD-V1,TRUE,
CX-04,2026-08-29,deep_horizontal_displacement,5.068,mm,positive,0.0,4.712,24,S11,位移不收敛,支护失稳风险,预警,simulated,SIMULATED-EXCAVAGUARD-V1,TRUE,
CX-04,2026-08-30,deep_horizontal_displacement,5.436,mm,positive,0.0,5.068,24,S11,位移不收敛,支护失稳风险,预警,simulated,SIMULATED-EXCAVAGUARD-V1,TRUE,
CX-04,2026-08-31,deep_horizontal_displacement,5.817,mm,positive,0.0,5.436,24,S11,位移不收敛,支护失稳风险,预警,simulated,SIMULATED-EXCAVAGUARD-V1,TRUE,
CX-04,2026-09-01,deep_horizontal_displacement,6.212,mm,positive,0.0,5.817,24,S11,位移不收敛,支护失稳风险,预警,simulated,SIMULATED-EXCAVAGUARD-V1,TRUE,
CX-04,2026-09-02,deep_horizontal_displacement,6.619,mm,positive,0.0,6.212,24,S11,位移不收敛,支护失稳风险,预警,simulated,SIMULATED-EXCAVAGUARD-V1,TRUE,
CX-04,2026-09-03,deep_horizontal_displacement,7.039,mm,positive,0.0,6.619,24,S11,位移不收敛,支护失稳风险,预警,simulated,SIMULATED-EXCAVAGUARD-V1,TRUE,
CX-04,2026-09-04,deep_horizontal_displacement,7.472,mm,positive,0.0,7.039,24,S11,位移不收敛,支护失稳风险,预警,simulated,SIMULATED-EXCAVAGUARD-V1,TRUE,
CX-04,2026-09-05,deep_horizontal_displacement,7.918,mm,positive,0.0,7.472,24,S11,位移不收敛,支护失稳风险,预警,simulated,SIMULATED-EXCAVAGUARD-V1,TRUE,
CX-04,2026-09-06,deep_horizontal_displacement,8.377,mm,positive,0.0,7.918,24,S11,位移不收敛,支护失稳风险,预警,simulated,SIMULATED-EXCAVAGUARD-V1,TRUE,
CX-04,2026-09-07,deep_horizontal_displacement,8.849,mm,positive,0.0,8.377,24,S11,位移不收敛,支护失稳风险,预警,simulated,SIMULATED-EXCAVAGUARD-V1,TRUE,
CX-04,2026-09-08,deep_horizontal_displacement,9.334,mm,positive,0.0,8.849,24,S11,位移不收敛,支护失稳风险,预警,simulated,SIMULATED-EXCAVAGUARD-V1,TRUE,
CX-04,2026-09-09,deep_horizontal_displacement,9.831,mm,positive,0.0,9.334,24,S11,位移不收敛,支护失稳风险,预警,simulated,SIMULATED-EXCAVAGUARD-V1,TRUE,
CX-04,2026-09-10,deep_horizontal_displacement,10.342,mm,positive,0.0,9.831,24,S11,位移不收敛,支护失稳风险,预警,simulated,SIMULATED-EXCAVAGUARD-V1,TRUE,
CX-04,2026-09-11,deep_horizontal_displacement,10.865,mm,positive,0.0,10.342,24,S11,位移不收敛,支护失稳风险,预警,simulated,SIMULATED-EXCAVAGUARD-V1,TRUE,
CX-04,2026-09-12,deep_horizontal_displacement,11.402,mm,positive,0.0,10.865,24,S11,位移不收敛,支护失稳风险,预警,simulated,SIMULATED-EXCAVAGUARD-V1,TRUE,
CX-04,2026-09-13,deep_horizontal_displacement,11.951,mm,positive,0.0,11.402,24,S11,位移不收敛,支护失稳风险,预警,simulated,SIMULATED-EXCAVAGUARD-V1,TRUE,
CX-04,2026-09-14,deep_horizontal_displacement,12.514,mm,positive,0.0,11.951,24,S11,位移不收敛,支护失稳风险,预警,simulated,SIMULATED-EXCAVAGUARD-V1,TRUE,
CX-04,2026-09-15,deep_horizontal_displacement,13.089,mm,positive,0.0,12.514,24,S11,位移不收敛,支护失稳风险,预警,simulated,SIMULATED-EXCAVAGUARD-V1,TRUE,
CX-04,2026-09-16,deep_horizontal_displacement,13.677,mm,positive,0.0,13.089,24,S11,位移不收敛,支护失稳风险,预警,simulated,SIMULATED-EXCAVAGUARD-V1,TRUE,
CX-04,2026-09-17,deep_horizontal_displacement,14.278,mm,positive,0.0,13.677,24,S11,位移不收敛,支护失稳风险,预警,simulated,SIMULATED-EXCAVAGUARD-V1,TRUE,
CX-04,2026-09-18,deep_horizontal_displacement,14.892,mm,positive,0.0,14.278,24,S11,位移不收敛,支护失稳风险,预警,simulated,SIMULATED-EXCAVAGUARD-V1,TRUE,
CX-04,2026-09-19,deep_horizontal_displacement,15.519,mm,positive,0.0,14.892,24,S11,位移不收敛,支护失稳风险,预警,simulated,SIMULATED-EXCAVAGUARD-V1,TRUE,
CX-04,2026-09-20,deep_horizontal_displacement,16.159,mm,positive,0.0,15.519,24,S11,位移不收敛,支护失稳风险,预警,simulated,SIMULATED-EXCAVAGUARD-V1,TRUE,
CX-04,2026-09-21,deep_horizontal_displacement,16.812,mm,positive,0.0,16.159,24,S11,位移不收敛,支护失稳风险,预警,simulated,SIMULATED-EXCAVAGUARD-V1,TRUE,
CX-04,2026-09-22,deep_horizontal_displacement,17.478,mm,positive,0.0,16.812,24,S11,位移不收敛,支护失稳风险,预警,simulated,SIMULATED-EXCAVAGUARD-V1,TRUE,
CX-04,2026-09-23,deep_horizontal_displacement,18.156,mm,positive,0.0,17.478,24,S11,位移不收敛,支护失稳风险,预警,simulated,SIMULATED-EXCAVAGUARD-V1,TRUE,
CX-04,2026-09-24,deep_horizontal_displacement,18.848,mm,positive,0.0,18.156,24,S11,位移不收敛,支护失稳风险,预警,simulated,SIMULATED-EXCAVAGUARD-V1,TRUE,
CX-04,2026-09-25,deep_horizontal_displacement,19.553,mm,positive,0.0,18.848,24,S11,位移不收敛,支护失稳风险,预警,simulated,SIMULATED-EXCAVAGUARD-V1,TRUE,
CX-04,2026-09-26,deep_horizontal_displacement,20.27,mm,positive,0.0,19.553,24,S11,位移不收敛,支护失稳风险,预警,simulated,SIMULATED-EXCAVAGUARD-V1,TRUE,
CX-04,2026-09-27,deep_horizontal_displacement,21.0,mm,positive,0.0,20.27,24,S11,位移不收敛,支护失稳风险,预警,simulated,SIMULATED-EXCAVAGUARD-V1,TRUE,
CX-04,2026-09-28,deep_horizontal_displacement,21.744,mm,positive,0.0,21.0,24,S11,位移不收敛,支护失稳风险,预警,simulated,SIMULATED-EXCAVAGUARD-V1,TRUE,
CX-04,2026-09-29,deep_horizontal_displacement,22.5,mm,positive,0.0,21.744,24,S11,位移不收敛,支护失稳风险,预警,simulated,SIMULATED-EXCAVAGUARD-V1,TRUE,
KD-01,2026-08-01,basal_heave,0.0,mm,positive,0.0,,,S12,坑底隆起,支护失稳风险,报警,simulated,SIMULATED-EXCAVAGUARD-V1,TRUE,
KD-01,2026-08-02,basal_heave,0.568,mm,positive,0.0,0.0,24,S12,坑底隆起,支护失稳风险,报警,simulated,SIMULATED-EXCAVAGUARD-V1,TRUE,
KD-01,2026-08-03,basal_heave,1.136,mm,positive,0.0,0.568,24,S12,坑底隆起,支护失稳风险,报警,simulated,SIMULATED-EXCAVAGUARD-V1,TRUE,
KD-01,2026-08-04,basal_heave,1.703,mm,positive,0.0,1.136,24,S12,坑底隆起,支护失稳风险,报警,simulated,SIMULATED-EXCAVAGUARD-V1,TRUE,
KD-01,2026-08-05,basal_heave,2.271,mm,positive,0.0,1.703,24,S12,坑底隆起,支护失稳风险,报警,simulated,SIMULATED-EXCAVAGUARD-V1,TRUE,
KD-01,2026-08-06,basal_heave,2.839,mm,positive,0.0,2.271,24,S12,坑底隆起,支护失稳风险,报警,simulated,SIMULATED-EXCAVAGUARD-V1,TRUE,
KD-01,2026-08-07,basal_heave,3.407,mm,positive,0.0,2.839,24,S12,坑底隆起,支护失稳风险,报警,simulated,SIMULATED-EXCAVAGUARD-V1,TRUE,
KD-01,2026-08-08,basal_heave,3.975,mm,positive,0.0,3.407,24,S12,坑底隆起,支护失稳风险,报警,simulated,SIMULATED-EXCAVAGUARD-V1,TRUE,
KD-01,2026-08-09,basal_heave,4.542,mm,positive,0.0,3.975,24,S12,坑底隆起,支护失稳风险,报警,simulated,SIMULATED-EXCAVAGUARD-V1,TRUE,
KD-01,2026-08-10,basal_heave,5.11,mm,positive,0.0,4.542,24,S12,坑底隆起,支护失稳风险,报警,simulated,SIMULATED-EXCAVAGUARD-V1,TRUE,
KD-01,2026-08-11,basal_heave,5.678,mm,positive,0.0,5.11,24,S12,坑底隆起,支护失稳风险,报警,simulated,SIMULATED-EXCAVAGUARD-V1,TRUE,
KD-01,2026-08-12,basal_heave,6.246,mm,positive,0.0,5.678,24,S12,坑底隆起,支护失稳风险,报警,simulated,SIMULATED-EXCAVAGUARD-V1,TRUE,
KD-01,2026-08-13,basal_heave,6.814,mm,positive,0.0,6.246,24,S12,坑底隆起,支护失稳风险,报警,simulated,SIMULATED-EXCAVAGUARD-V1,TRUE,
KD-01,2026-08-14,basal_heave,7.381,mm,positive,0.0,6.814,24,S12,坑底隆起,支护失稳风险,报警,simulated,SIMULATED-EXCAVAGUARD-V1,TRUE,
KD-01,2026-08-15,basal_heave,7.949,mm,positive,0.0,7.381,24,S12,坑底隆起,支护失稳风险,报警,simulated,SIMULATED-EXCAVAGUARD-V1,TRUE,
KD-01,2026-08-16,basal_heave,8.517,mm,positive,0.0,7.949,24,S12,坑底隆起,支护失稳风险,报警,simulated,SIMULATED-EXCAVAGUARD-V1,TRUE,
KD-01,2026-08-17,basal_heave,9.085,mm,positive,0.0,8.517,24,S12,坑底隆起,支护失稳风险,报警,simulated,SIMULATED-EXCAVAGUARD-V1,TRUE,
KD-01,2026-08-18,basal_heave,9.653,mm,positive,0.0,9.085,24,S12,坑底隆起,支护失稳风险,报警,simulated,SIMULATED-EXCAVAGUARD-V1,TRUE,
KD-01,2026-08-19,basal_heave,10.22,mm,positive,0.0,9.653,24,S12,坑底隆起,支护失稳风险,报警,simulated,SIMULATED-EXCAVAGUARD-V1,TRUE,
KD-01,2026-08-20,basal_heave,10.788,mm,positive,0.0,10.22,24,S12,坑底隆起,支护失稳风险,报警,simulated,SIMULATED-EXCAVAGUARD-V1,TRUE,
KD-01,2026-08-21,basal_heave,11.356,mm,positive,0.0,10.788,24,S12,坑底隆起,支护失稳风险,报警,simulated,SIMULATED-EXCAVAGUARD-V1,TRUE,
KD-01,2026-08-22,basal_heave,11.924,mm,positive,0.0,11.356,24,S12,坑底隆起,支护失稳风险,报警,simulated,SIMULATED-EXCAVAGUARD-V1,TRUE,
KD-01,2026-08-23,basal_heave,12.492,mm,positive,0.0,11.924,24,S12,坑底隆起,支护失稳风险,报警,simulated,SIMULATED-EXCAVAGUARD-V1,TRUE,
KD-01,2026-08-24,basal_heave,13.059,mm,positive,0.0,12.492,24,S12,坑底隆起,支护失稳风险,报警,simulated,SIMULATED-EXCAVAGUARD-V1,TRUE,
KD-01,2026-08-25,basal_heave,13.627,mm,positive,0.0,13.059,24,S12,坑底隆起,支护失稳风险,报警,simulated,SIMULATED-EXCAVAGUARD-V1,TRUE,
KD-01,2026-08-26,basal_heave,14.195,mm,positive,0.0,13.627,24,S12,坑底隆起,支护失稳风险,报警,simulated,SIMULATED-EXCAVAGUARD-V1,TRUE,
KD-01,2026-08-27,basal_heave,14.763,mm,positive,0.0,14.195,24,S12,坑底隆起,支护失稳风险,报警,simulated,SIMULATED-EXCAVAGUARD-V1,TRUE,
KD-01,2026-08-28,basal_heave,15.331,mm,positive,0.0,14.763,24,S12,坑底隆起,支护失稳风险,报警,simulated,SIMULATED-EXCAVAGUARD-V1,TRUE,
KD-01,2026-08-29,basal_heave,15.898,mm,positive,0.0,15.331,24,S12,坑底隆起,支护失稳风险,报警,simulated,SIMULATED-EXCAVAGUARD-V1,TRUE,
KD-01,2026-08-30,basal_heave,16.466,mm,positive,0.0,15.898,24,S12,坑底隆起,支护失稳风险,报警,simulated,SIMULATED-EXCAVAGUARD-V1,TRUE,
KD-01,2026-08-31,basal_heave,17.034,mm,positive,0.0,16.466,24,S12,坑底隆起,支护失稳风险,报警,simulated,SIMULATED-EXCAVAGUARD-V1,TRUE,
KD-01,2026-09-01,basal_heave,17.602,mm,positive,0.0,17.034,24,S12,坑底隆起,支护失稳风险,报警,simulated,SIMULATED-EXCAVAGUARD-V1,TRUE,
KD-01,2026-09-02,basal_heave,18.169,mm,positive,0.0,17.602,24,S12,坑底隆起,支护失稳风险,报警,simulated,SIMULATED-EXCAVAGUARD-V1,TRUE,
KD-01,2026-09-03,basal_heave,18.737,mm,positive,0.0,18.169,24,S12,坑底隆起,支护失稳风险,报警,simulated,SIMULATED-EXCAVAGUARD-V1,TRUE,
KD-01,2026-09-04,basal_heave,19.305,mm,positive,0.0,18.737,24,S12,坑底隆起,支护失稳风险,报警,simulated,SIMULATED-EXCAVAGUARD-V1,TRUE,
KD-01,2026-09-05,basal_heave,19.873,mm,positive,0.0,19.305,24,S12,坑底隆起,支护失稳风险,报警,simulated,SIMULATED-EXCAVAGUARD-V1,TRUE,
KD-01,2026-09-06,basal_heave,20.441,mm,positive,0.0,19.873,24,S12,坑底隆起,支护失稳风险,报警,simulated,SIMULATED-EXCAVAGUARD-V1,TRUE,
KD-01,2026-09-07,basal_heave,21.008,mm,positive,0.0,20.441,24,S12,坑底隆起,支护失稳风险,报警,simulated,SIMULATED-EXCAVAGUARD-V1,TRUE,
KD-01,2026-09-08,basal_heave,21.576,mm,positive,0.0,21.008,24,S12,坑底隆起,支护失稳风险,报警,simulated,SIMULATED-EXCAVAGUARD-V1,TRUE,
KD-01,2026-09-09,basal_heave,22.144,mm,positive,0.0,21.576,24,S12,坑底隆起,支护失稳风险,报警,simulated,SIMULATED-EXCAVAGUARD-V1,TRUE,
KD-01,2026-09-10,basal_heave,22.712,mm,positive,0.0,22.144,24,S12,坑底隆起,支护失稳风险,报警,simulated,SIMULATED-EXCAVAGUARD-V1,TRUE,
KD-01,2026-09-11,basal_heave,23.28,mm,positive,0.0,22.712,24,S12,坑底隆起,支护失稳风险,报警,simulated,SIMULATED-EXCAVAGUARD-V1,TRUE,
KD-01,2026-09-12,basal_heave,23.847,mm,positive,0.0,23.28,24,S12,坑底隆起,支护失稳风险,报警,simulated,SIMULATED-EXCAVAGUARD-V1,TRUE,
KD-01,2026-09-13,basal_heave,24.415,mm,positive,0.0,23.847,24,S12,坑底隆起,支护失稳风险,报警,simulated,SIMULATED-EXCAVAGUARD-V1,TRUE,
KD-01,2026-09-14,basal_heave,24.983,mm,positive,0.0,24.415,24,S12,坑底隆起,支护失稳风险,报警,simulated,SIMULATED-EXCAVAGUARD-V1,TRUE,
KD-01,2026-09-15,basal_heave,25.551,mm,positive,0.0,24.983,24,S12,坑底隆起,支护失稳风险,报警,simulated,SIMULATED-EXCAVAGUARD-V1,TRUE,
KD-01,2026-09-16,basal_heave,26.119,mm,positive,0.0,25.551,24,S12,坑底隆起,支护失稳风险,报警,simulated,SIMULATED-EXCAVAGUARD-V1,TRUE,
KD-01,2026-09-17,basal_heave,26.686,mm,positive,0.0,26.119,24,S12,坑底隆起,支护失稳风险,报警,simulated,SIMULATED-EXCAVAGUARD-V1,TRUE,
KD-01,2026-09-18,basal_heave,27.254,mm,positive,0.0,26.686,24,S12,坑底隆起,支护失稳风险,报警,simulated,SIMULATED-EXCAVAGUARD-V1,TRUE,
KD-01,2026-09-19,basal_heave,27.822,mm,positive,0.0,27.254,24,S12,坑底隆起,支护失稳风险,报警,simulated,SIMULATED-EXCAVAGUARD-V1,TRUE,
KD-01,2026-09-20,basal_heave,28.39,mm,positive,0.0,27.822,24,S12,坑底隆起,支护失稳风险,报警,simulated,SIMULATED-EXCAVAGUARD-V1,TRUE,
KD-01,2026-09-21,basal_heave,28.958,mm,positive,0.0,28.39,24,S12,坑底隆起,支护失稳风险,报警,simulated,SIMULATED-EXCAVAGUARD-V1,TRUE,
KD-01,2026-09-22,basal_heave,29.525,mm,positive,0.0,28.958,24,S12,坑底隆起,支护失稳风险,报警,simulated,SIMULATED-EXCAVAGUARD-V1,TRUE,
KD-01,2026-09-23,basal_heave,30.093,mm,positive,0.0,29.525,24,S12,坑底隆起,支护失稳风险,报警,simulated,SIMULATED-EXCAVAGUARD-V1,TRUE,
KD-01,2026-09-24,basal_heave,30.661,mm,positive,0.0,30.093,24,S12,坑底隆起,支护失稳风险,报警,simulated,SIMULATED-EXCAVAGUARD-V1,TRUE,
KD-01,2026-09-25,basal_heave,31.229,mm,positive,0.0,30.661,24,S12,坑底隆起,支护失稳风险,报警,simulated,SIMULATED-EXCAVAGUARD-V1,TRUE,
KD-01,2026-09-26,basal_heave,31.797,mm,positive,0.0,31.229,24,S12,坑底隆起,支护失稳风险,报警,simulated,SIMULATED-EXCAVAGUARD-V1,TRUE,
KD-01,2026-09-27,basal_heave,32.364,mm,positive,0.0,31.797,24,S12,坑底隆起,支护失稳风险,报警,simulated,SIMULATED-EXCAVAGUARD-V1,TRUE,
KD-01,2026-09-28,basal_heave,32.932,mm,positive,0.0,32.364,24,S12,坑底隆起,支护失稳风险,报警,simulated,SIMULATED-EXCAVAGUARD-V1,TRUE,
KD-01,2026-09-29,basal_heave,33.5,mm,positive,0.0,32.932,24,S12,坑底隆起,支护失稳风险,报警,simulated,SIMULATED-EXCAVAGUARD-V1,TRUE,
KD-02,2026-08-01,basal_heave,0.0,mm,positive,0.0,,,S12,坑底隆起,支护失稳风险,报警,simulated,SIMULATED-EXCAVAGUARD-V1,TRUE,
KD-02,2026-08-02,basal_heave,0.432,mm,positive,0.0,0.0,24,S12,坑底隆起,支护失稳风险,报警,simulated,SIMULATED-EXCAVAGUARD-V1,TRUE,
KD-02,2026-08-03,basal_heave,0.864,mm,positive,0.0,0.432,24,S12,坑底隆起,支护失稳风险,报警,simulated,SIMULATED-EXCAVAGUARD-V1,TRUE,
KD-02,2026-08-04,basal_heave,1.297,mm,positive,0.0,0.864,24,S12,坑底隆起,支护失稳风险,报警,simulated,SIMULATED-EXCAVAGUARD-V1,TRUE,
KD-02,2026-08-05,basal_heave,1.729,mm,positive,0.0,1.297,24,S12,坑底隆起,支护失稳风险,报警,simulated,SIMULATED-EXCAVAGUARD-V1,TRUE,
KD-02,2026-08-06,basal_heave,2.161,mm,positive,0.0,1.729,24,S12,坑底隆起,支护失稳风险,报警,simulated,SIMULATED-EXCAVAGUARD-V1,TRUE,
KD-02,2026-08-07,basal_heave,2.593,mm,positive,0.0,2.161,24,S12,坑底隆起,支护失稳风险,报警,simulated,SIMULATED-EXCAVAGUARD-V1,TRUE,
KD-02,2026-08-08,basal_heave,3.025,mm,positive,0.0,2.593,24,S12,坑底隆起,支护失稳风险,报警,simulated,SIMULATED-EXCAVAGUARD-V1,TRUE,
KD-02,2026-08-09,basal_heave,3.458,mm,positive,0.0,3.025,24,S12,坑底隆起,支护失稳风险,报警,simulated,SIMULATED-EXCAVAGUARD-V1,TRUE,
KD-02,2026-08-10,basal_heave,3.89,mm,positive,0.0,3.458,24,S12,坑底隆起,支护失稳风险,报警,simulated,SIMULATED-EXCAVAGUARD-V1,TRUE,
KD-02,2026-08-11,basal_heave,4.322,mm,positive,0.0,3.89,24,S12,坑底隆起,支护失稳风险,报警,simulated,SIMULATED-EXCAVAGUARD-V1,TRUE,
KD-02,2026-08-12,basal_heave,4.754,mm,positive,0.0,4.322,24,S12,坑底隆起,支护失稳风险,报警,simulated,SIMULATED-EXCAVAGUARD-V1,TRUE,
KD-02,2026-08-13,basal_heave,5.186,mm,positive,0.0,4.754,24,S12,坑底隆起,支护失稳风险,报警,simulated,SIMULATED-EXCAVAGUARD-V1,TRUE,
KD-02,2026-08-14,basal_heave,5.619,mm,positive,0.0,5.186,24,S12,坑底隆起,支护失稳风险,报警,simulated,SIMULATED-EXCAVAGUARD-V1,TRUE,
KD-02,2026-08-15,basal_heave,6.051,mm,positive,0.0,5.619,24,S12,坑底隆起,支护失稳风险,报警,simulated,SIMULATED-EXCAVAGUARD-V1,TRUE,
KD-02,2026-08-16,basal_heave,6.483,mm,positive,0.0,6.051,24,S12,坑底隆起,支护失稳风险,报警,simulated,SIMULATED-EXCAVAGUARD-V1,TRUE,
KD-02,2026-08-17,basal_heave,6.915,mm,positive,0.0,6.483,24,S12,坑底隆起,支护失稳风险,报警,simulated,SIMULATED-EXCAVAGUARD-V1,TRUE,
KD-02,2026-08-18,basal_heave,7.347,mm,positive,0.0,6.915,24,S12,坑底隆起,支护失稳风险,报警,simulated,SIMULATED-EXCAVAGUARD-V1,TRUE,
KD-02,2026-08-19,basal_heave,7.78,mm,positive,0.0,7.347,24,S12,坑底隆起,支护失稳风险,报警,simulated,SIMULATED-EXCAVAGUARD-V1,TRUE,
KD-02,2026-08-20,basal_heave,8.212,mm,positive,0.0,7.78,24,S12,坑底隆起,支护失稳风险,报警,simulated,SIMULATED-EXCAVAGUARD-V1,TRUE,
KD-02,2026-08-21,basal_heave,8.644,mm,positive,0.0,8.212,24,S12,坑底隆起,支护失稳风险,报警,simulated,SIMULATED-EXCAVAGUARD-V1,TRUE,
KD-02,2026-08-22,basal_heave,9.076,mm,positive,0.0,8.644,24,S12,坑底隆起,支护失稳风险,报警,simulated,SIMULATED-EXCAVAGUARD-V1,TRUE,
KD-02,2026-08-23,basal_heave,9.508,mm,positive,0.0,9.076,24,S12,坑底隆起,支护失稳风险,报警,simulated,SIMULATED-EXCAVAGUARD-V1,TRUE,
KD-02,2026-08-24,basal_heave,9.941,mm,positive,0.0,9.508,24,S12,坑底隆起,支护失稳风险,报警,simulated,SIMULATED-EXCAVAGUARD-V1,TRUE,
KD-02,2026-08-25,basal_heave,10.373,mm,positive,0.0,9.941,24,S12,坑底隆起,支护失稳风险,报警,simulated,SIMULATED-EXCAVAGUARD-V1,TRUE,
KD-02,2026-08-26,basal_heave,10.805,mm,positive,0.0,10.373,24,S12,坑底隆起,支护失稳风险,报警,simulated,SIMULATED-EXCAVAGUARD-V1,TRUE,
KD-02,2026-08-27,basal_heave,11.237,mm,positive,0.0,10.805,24,S12,坑底隆起,支护失稳风险,报警,simulated,SIMULATED-EXCAVAGUARD-V1,TRUE,
KD-02,2026-08-28,basal_heave,11.669,mm,positive,0.0,11.237,24,S12,坑底隆起,支护失稳风险,报警,simulated,SIMULATED-EXCAVAGUARD-V1,TRUE,
KD-02,2026-08-29,basal_heave,12.102,mm,positive,0.0,11.669,24,S12,坑底隆起,支护失稳风险,报警,simulated,SIMULATED-EXCAVAGUARD-V1,TRUE,
KD-02,2026-08-30,basal_heave,12.534,mm,positive,0.0,12.102,24,S12,坑底隆起,支护失稳风险,报警,simulated,SIMULATED-EXCAVAGUARD-V1,TRUE,
KD-02,2026-08-31,basal_heave,12.966,mm,positive,0.0,12.534,24,S12,坑底隆起,支护失稳风险,报警,simulated,SIMULATED-EXCAVAGUARD-V1,TRUE,
KD-02,2026-09-01,basal_heave,13.398,mm,positive,0.0,12.966,24,S12,坑底隆起,支护失稳风险,报警,simulated,SIMULATED-EXCAVAGUARD-V1,TRUE,
KD-02,2026-09-02,basal_heave,13.831,mm,positive,0.0,13.398,24,S12,坑底隆起,支护失稳风险,报警,simulated,SIMULATED-EXCAVAGUARD-V1,TRUE,
KD-02,2026-09-03,basal_heave,14.263,mm,positive,0.0,13.831,24,S12,坑底隆起,支护失稳风险,报警,simulated,SIMULATED-EXCAVAGUARD-V1,TRUE,
KD-02,2026-09-04,basal_heave,14.695,mm,positive,0.0,14.263,24,S12,坑底隆起,支护失稳风险,报警,simulated,SIMULATED-EXCAVAGUARD-V1,TRUE,
KD-02,2026-09-05,basal_heave,15.127,mm,positive,0.0,14.695,24,S12,坑底隆起,支护失稳风险,报警,simulated,SIMULATED-EXCAVAGUARD-V1,TRUE,
KD-02,2026-09-06,basal_heave,15.559,mm,positive,0.0,15.127,24,S12,坑底隆起,支护失稳风险,报警,simulated,SIMULATED-EXCAVAGUARD-V1,TRUE,
KD-02,2026-09-07,basal_heave,15.992,mm,positive,0.0,15.559,24,S12,坑底隆起,支护失稳风险,报警,simulated,SIMULATED-EXCAVAGUARD-V1,TRUE,
KD-02,2026-09-08,basal_heave,16.424,mm,positive,0.0,15.992,24,S12,坑底隆起,支护失稳风险,报警,simulated,SIMULATED-EXCAVAGUARD-V1,TRUE,
KD-02,2026-09-09,basal_heave,16.856,mm,positive,0.0,16.424,24,S12,坑底隆起,支护失稳风险,报警,simulated,SIMULATED-EXCAVAGUARD-V1,TRUE,
KD-02,2026-09-10,basal_heave,17.288,mm,positive,0.0,16.856,24,S12,坑底隆起,支护失稳风险,报警,simulated,SIMULATED-EXCAVAGUARD-V1,TRUE,
KD-02,2026-09-11,basal_heave,17.72,mm,positive,0.0,17.288,24,S12,坑底隆起,支护失稳风险,报警,simulated,SIMULATED-EXCAVAGUARD-V1,TRUE,
KD-02,2026-09-12,basal_heave,18.153,mm,positive,0.0,17.72,24,S12,坑底隆起,支护失稳风险,报警,simulated,SIMULATED-EXCAVAGUARD-V1,TRUE,
KD-02,2026-09-13,basal_heave,18.585,mm,positive,0.0,18.153,24,S12,坑底隆起,支护失稳风险,报警,simulated,SIMULATED-EXCAVAGUARD-V1,TRUE,
KD-02,2026-09-14,basal_heave,19.017,mm,positive,0.0,18.585,24,S12,坑底隆起,支护失稳风险,报警,simulated,SIMULATED-EXCAVAGUARD-V1,TRUE,
KD-02,2026-09-15,basal_heave,19.449,mm,positive,0.0,19.017,24,S12,坑底隆起,支护失稳风险,报警,simulated,SIMULATED-EXCAVAGUARD-V1,TRUE,
KD-02,2026-09-16,basal_heave,19.881,mm,positive,0.0,19.449,24,S12,坑底隆起,支护失稳风险,报警,simulated,SIMULATED-EXCAVAGUARD-V1,TRUE,
KD-02,2026-09-17,basal_heave,20.314,mm,positive,0.0,19.881,24,S12,坑底隆起,支护失稳风险,报警,simulated,SIMULATED-EXCAVAGUARD-V1,TRUE,
KD-02,2026-09-18,basal_heave,20.746,mm,positive,0.0,20.314,24,S12,坑底隆起,支护失稳风险,报警,simulated,SIMULATED-EXCAVAGUARD-V1,TRUE,
KD-02,2026-09-19,basal_heave,21.178,mm,positive,0.0,20.746,24,S12,坑底隆起,支护失稳风险,报警,simulated,SIMULATED-EXCAVAGUARD-V1,TRUE,
KD-02,2026-09-20,basal_heave,21.61,mm,positive,0.0,21.178,24,S12,坑底隆起,支护失稳风险,报警,simulated,SIMULATED-EXCAVAGUARD-V1,TRUE,
KD-02,2026-09-21,basal_heave,22.042,mm,positive,0.0,21.61,24,S12,坑底隆起,支护失稳风险,报警,simulated,SIMULATED-EXCAVAGUARD-V1,TRUE,
KD-02,2026-09-22,basal_heave,22.475,mm,positive,0.0,22.042,24,S12,坑底隆起,支护失稳风险,报警,simulated,SIMULATED-EXCAVAGUARD-V1,TRUE,
KD-02,2026-09-23,basal_heave,22.907,mm,positive,0.0,22.475,24,S12,坑底隆起,支护失稳风险,报警,simulated,SIMULATED-EXCAVAGUARD-V1,TRUE,
KD-02,2026-09-24,basal_heave,23.339,mm,positive,0.0,22.907,24,S12,坑底隆起,支护失稳风险,报警,simulated,SIMULATED-EXCAVAGUARD-V1,TRUE,
KD-02,2026-09-25,basal_heave,23.771,mm,positive,0.0,23.339,24,S12,坑底隆起,支护失稳风险,报警,simulated,SIMULATED-EXCAVAGUARD-V1,TRUE,
KD-02,2026-09-26,basal_heave,24.203,mm,positive,0.0,23.771,24,S12,坑底隆起,支护失稳风险,报警,simulated,SIMULATED-EXCAVAGUARD-V1,TRUE,
KD-02,2026-09-27,basal_heave,24.636,mm,positive,0.0,24.203,24,S12,坑底隆起,支护失稳风险,报警,simulated,SIMULATED-EXCAVAGUARD-V1,TRUE,
KD-02,2026-09-28,basal_heave,25.068,mm,positive,0.0,24.636,24,S12,坑底隆起,支护失稳风险,报警,simulated,SIMULATED-EXCAVAGUARD-V1,TRUE,
KD-02,2026-09-29,basal_heave,25.5,mm,positive,0.0,25.068,24,S12,坑底隆起,支护失稳风险,报警,simulated,SIMULATED-EXCAVAGUARD-V1,TRUE,
ZQS-09,2026-08-01,wall_top_horizontal_displacement,0.0,mm,positive,0.0,,,S13,数据缺测,数据质量异常,未知,simulated,SIMULATED-EXCAVAGUARD-V1,TRUE,
ZQS-09,2026-08-02,wall_top_horizontal_displacement,0.387,mm,positive,0.0,0.0,24,S13,数据缺测,数据质量异常,未知,simulated,SIMULATED-EXCAVAGUARD-V1,TRUE,
ZQS-09,2026-08-03,wall_top_horizontal_displacement,0.749,mm,positive,0.0,0.387,24,S13,数据缺测,数据质量异常,未知,simulated,SIMULATED-EXCAVAGUARD-V1,TRUE,
ZQS-09,2026-08-04,wall_top_horizontal_displacement,1.088,mm,positive,0.0,0.749,24,S13,数据缺测,数据质量异常,未知,simulated,SIMULATED-EXCAVAGUARD-V1,TRUE,
ZQS-09,2026-08-05,wall_top_horizontal_displacement,1.404,mm,positive,0.0,1.088,24,S13,数据缺测,数据质量异常,未知,simulated,SIMULATED-EXCAVAGUARD-V1,TRUE,
ZQS-09,2026-08-06,wall_top_horizontal_displacement,1.701,mm,positive,0.0,1.404,24,S13,数据缺测,数据质量异常,未知,simulated,SIMULATED-EXCAVAGUARD-V1,TRUE,
ZQS-09,2026-08-07,wall_top_horizontal_displacement,1.978,mm,positive,0.0,1.701,24,S13,数据缺测,数据质量异常,未知,simulated,SIMULATED-EXCAVAGUARD-V1,TRUE,
ZQS-09,2026-08-08,wall_top_horizontal_displacement,2.237,mm,positive,0.0,1.978,24,S13,数据缺测,数据质量异常,未知,simulated,SIMULATED-EXCAVAGUARD-V1,TRUE,
ZQS-09,2026-08-09,wall_top_horizontal_displacement,2.48,mm,positive,0.0,2.237,24,S13,数据缺测,数据质量异常,未知,simulated,SIMULATED-EXCAVAGUARD-V1,TRUE,
ZQS-09,2026-08-10,wall_top_horizontal_displacement,2.707,mm,positive,0.0,2.48,24,S13,数据缺测,数据质量异常,未知,simulated,SIMULATED-EXCAVAGUARD-V1,TRUE,
ZQS-09,2026-08-11,wall_top_horizontal_displacement,2.919,mm,positive,0.0,2.707,24,S13,数据缺测,数据质量异常,未知,simulated,SIMULATED-EXCAVAGUARD-V1,TRUE,
ZQS-09,2026-08-12,wall_top_horizontal_displacement,3.118,mm,positive,0.0,2.919,24,S13,数据缺测,数据质量异常,未知,simulated,SIMULATED-EXCAVAGUARD-V1,TRUE,
ZQS-09,2026-08-13,wall_top_horizontal_displacement,3.304,mm,positive,0.0,3.118,24,S13,数据缺测,数据质量异常,未知,simulated,SIMULATED-EXCAVAGUARD-V1,TRUE,
ZQS-09,2026-08-14,wall_top_horizontal_displacement,3.478,mm,positive,0.0,3.304,24,S13,数据缺测,数据质量异常,未知,simulated,SIMULATED-EXCAVAGUARD-V1,TRUE,
ZQS-09,2026-08-15,wall_top_horizontal_displacement,3.641,mm,positive,0.0,3.478,24,S13,数据缺测,数据质量异常,未知,simulated,SIMULATED-EXCAVAGUARD-V1,TRUE,
ZQS-09,2026-08-16,wall_top_horizontal_displacement,3.793,mm,positive,0.0,3.641,24,S13,数据缺测,数据质量异常,未知,simulated,SIMULATED-EXCAVAGUARD-V1,TRUE,
ZQS-09,2026-08-17,wall_top_horizontal_displacement,3.935,mm,positive,0.0,3.793,24,S13,数据缺测,数据质量异常,未知,simulated,SIMULATED-EXCAVAGUARD-V1,TRUE,
ZQS-09,2026-08-18,wall_top_horizontal_displacement,4.068,mm,positive,0.0,3.935,24,S13,数据缺测,数据质量异常,未知,simulated,SIMULATED-EXCAVAGUARD-V1,TRUE,
ZQS-09,2026-08-19,wall_top_horizontal_displacement,4.193,mm,positive,0.0,4.068,24,S13,数据缺测,数据质量异常,未知,simulated,SIMULATED-EXCAVAGUARD-V1,TRUE,
ZQS-09,2026-08-20,wall_top_horizontal_displacement,4.309,mm,positive,0.0,4.193,24,S13,数据缺测,数据质量异常,未知,simulated,SIMULATED-EXCAVAGUARD-V1,TRUE,
ZQS-09,2026-08-21,wall_top_horizontal_displacement,,mm,positive,0.0,4.309,24,S13,数据缺测,数据质量异常,未知,simulated,SIMULATED-EXCAVAGUARD-V1,TRUE,模拟：观测值缺失
ZQS-09,2026-08-22,wall_top_horizontal_displacement,,mm,positive,0.0,4.309,48,S13,数据缺测,数据质量异常,未知,simulated,SIMULATED-EXCAVAGUARD-V1,TRUE,模拟：观测值缺失
ZQS-09,2026-08-23,wall_top_horizontal_displacement,,mm,positive,0.0,4.309,72,S13,数据缺测,数据质量异常,未知,simulated,SIMULATED-EXCAVAGUARD-V1,TRUE,模拟：观测值缺失
ZQS-09,2026-08-24,wall_top_horizontal_displacement,4.705,mm,positive,0.0,4.309,96,S13,数据缺测,数据质量异常,未知,simulated,SIMULATED-EXCAVAGUARD-V1,TRUE,
ZQS-09,2026-08-25,wall_top_horizontal_displacement,4.789,mm,positive,0.0,4.705,24,S13,数据缺测,数据质量异常,未知,simulated,SIMULATED-EXCAVAGUARD-V1,TRUE,
ZQS-09,2026-08-26,wall_top_horizontal_displacement,4.867,mm,positive,0.0,4.789,24,S13,数据缺测,数据质量异常,未知,simulated,SIMULATED-EXCAVAGUARD-V1,TRUE,
ZQS-09,2026-08-27,wall_top_horizontal_displacement,4.94,mm,positive,0.0,4.867,24,S13,数据缺测,数据质量异常,未知,simulated,SIMULATED-EXCAVAGUARD-V1,TRUE,
ZQS-09,2026-08-28,wall_top_horizontal_displacement,5.008,mm,positive,0.0,4.94,24,S13,数据缺测,数据质量异常,未知,simulated,SIMULATED-EXCAVAGUARD-V1,TRUE,
ZQS-09,2026-08-29,wall_top_horizontal_displacement,5.072,mm,positive,0.0,5.008,24,S13,数据缺测,数据质量异常,未知,simulated,SIMULATED-EXCAVAGUARD-V1,TRUE,
ZQS-09,2026-08-30,wall_top_horizontal_displacement,5.132,mm,positive,0.0,5.072,24,S13,数据缺测,数据质量异常,未知,simulated,SIMULATED-EXCAVAGUARD-V1,TRUE,
ZQS-09,2026-08-31,wall_top_horizontal_displacement,,mm,positive,0.0,5.132,24,S13,数据缺测,数据质量异常,未知,simulated,SIMULATED-EXCAVAGUARD-V1,TRUE,模拟：观测值缺失
ZQS-09,2026-09-01,wall_top_horizontal_displacement,5.24,mm,positive,0.0,5.132,48,S13,数据缺测,数据质量异常,未知,simulated,SIMULATED-EXCAVAGUARD-V1,TRUE,
ZQS-09,2026-09-02,wall_top_horizontal_displacement,5.289,mm,positive,0.0,5.24,24,S13,数据缺测,数据质量异常,未知,simulated,SIMULATED-EXCAVAGUARD-V1,TRUE,
ZQS-09,2026-09-03,wall_top_horizontal_displacement,5.335,mm,positive,0.0,5.289,24,S13,数据缺测,数据质量异常,未知,simulated,SIMULATED-EXCAVAGUARD-V1,TRUE,
ZQS-09,2026-09-04,wall_top_horizontal_displacement,5.378,mm,positive,0.0,5.335,24,S13,数据缺测,数据质量异常,未知,simulated,SIMULATED-EXCAVAGUARD-V1,TRUE,
ZQS-09,2026-09-05,wall_top_horizontal_displacement,5.418,mm,positive,0.0,5.378,24,S13,数据缺测,数据质量异常,未知,simulated,SIMULATED-EXCAVAGUARD-V1,TRUE,
ZQS-09,2026-09-06,wall_top_horizontal_displacement,5.456,mm,positive,0.0,5.418,24,S13,数据缺测,数据质量异常,未知,simulated,SIMULATED-EXCAVAGUARD-V1,TRUE,
ZQS-09,2026-09-07,wall_top_horizontal_displacement,5.491,mm,positive,0.0,5.456,24,S13,数据缺测,数据质量异常,未知,simulated,SIMULATED-EXCAVAGUARD-V1,TRUE,
ZQS-09,2026-09-08,wall_top_horizontal_displacement,5.524,mm,positive,0.0,5.491,24,S13,数据缺测,数据质量异常,未知,simulated,SIMULATED-EXCAVAGUARD-V1,TRUE,
ZQS-09,2026-09-09,wall_top_horizontal_displacement,5.554,mm,positive,0.0,5.524,24,S13,数据缺测,数据质量异常,未知,simulated,SIMULATED-EXCAVAGUARD-V1,TRUE,
ZQS-09,2026-09-10,wall_top_horizontal_displacement,,mm,positive,0.0,5.554,24,S13,数据缺测,数据质量异常,未知,simulated,SIMULATED-EXCAVAGUARD-V1,TRUE,模拟：观测值缺失
ZQS-09,2026-09-11,wall_top_horizontal_displacement,,mm,positive,0.0,5.554,48,S13,数据缺测,数据质量异常,未知,simulated,SIMULATED-EXCAVAGUARD-V1,TRUE,模拟：观测值缺失
ZQS-09,2026-09-12,wall_top_horizontal_displacement,5.635,mm,positive,0.0,5.554,72,S13,数据缺测,数据质量异常,未知,simulated,SIMULATED-EXCAVAGUARD-V1,TRUE,
ZQS-09,2026-09-13,wall_top_horizontal_displacement,5.659,mm,positive,0.0,5.635,24,S13,数据缺测,数据质量异常,未知,simulated,SIMULATED-EXCAVAGUARD-V1,TRUE,
ZQS-09,2026-09-14,wall_top_horizontal_displacement,5.681,mm,positive,0.0,5.659,24,S13,数据缺测,数据质量异常,未知,simulated,SIMULATED-EXCAVAGUARD-V1,TRUE,
ZQS-09,2026-09-15,wall_top_horizontal_displacement,5.701,mm,positive,0.0,5.681,24,S13,数据缺测,数据质量异常,未知,simulated,SIMULATED-EXCAVAGUARD-V1,TRUE,
ZQS-09,2026-09-16,wall_top_horizontal_displacement,5.721,mm,positive,0.0,5.701,24,S13,数据缺测,数据质量异常,未知,simulated,SIMULATED-EXCAVAGUARD-V1,TRUE,
ZQS-09,2026-09-17,wall_top_horizontal_displacement,5.739,mm,positive,0.0,5.721,24,S13,数据缺测,数据质量异常,未知,simulated,SIMULATED-EXCAVAGUARD-V1,TRUE,
ZQS-09,2026-09-18,wall_top_horizontal_displacement,5.755,mm,positive,0.0,5.739,24,S13,数据缺测,数据质量异常,未知,simulated,SIMULATED-EXCAVAGUARD-V1,TRUE,
ZQS-09,2026-09-19,wall_top_horizontal_displacement,5.771,mm,positive,0.0,5.755,24,S13,数据缺测,数据质量异常,未知,simulated,SIMULATED-EXCAVAGUARD-V1,TRUE,
ZQS-09,2026-09-20,wall_top_horizontal_displacement,5.786,mm,positive,0.0,5.771,24,S13,数据缺测,数据质量异常,未知,simulated,SIMULATED-EXCAVAGUARD-V1,TRUE,
ZQS-09,2026-09-21,wall_top_horizontal_displacement,5.8,mm,positive,0.0,5.786,24,S13,数据缺测,数据质量异常,未知,simulated,SIMULATED-EXCAVAGUARD-V1,TRUE,
ZQS-09,2026-09-22,wall_top_horizontal_displacement,5.813,mm,positive,0.0,5.8,24,S13,数据缺测,数据质量异常,未知,simulated,SIMULATED-EXCAVAGUARD-V1,TRUE,
ZQS-09,2026-09-23,wall_top_horizontal_displacement,5.825,mm,positive,0.0,5.813,24,S13,数据缺测,数据质量异常,未知,simulated,SIMULATED-EXCAVAGUARD-V1,TRUE,
ZQS-09,2026-09-24,wall_top_horizontal_displacement,5.836,mm,positive,0.0,5.825,24,S13,数据缺测,数据质量异常,未知,simulated,SIMULATED-EXCAVAGUARD-V1,TRUE,
ZQS-09,2026-09-25,wall_top_horizontal_displacement,5.847,mm,positive,0.0,5.836,24,S13,数据缺测,数据质量异常,未知,simulated,SIMULATED-EXCAVAGUARD-V1,TRUE,
ZQS-09,2026-09-26,wall_top_horizontal_displacement,5.857,mm,positive,0.0,5.847,24,S13,数据缺测,数据质量异常,未知,simulated,SIMULATED-EXCAVAGUARD-V1,TRUE,
ZQS-09,2026-09-27,wall_top_horizontal_displacement,5.866,mm,positive,0.0,5.857,24,S13,数据缺测,数据质量异常,未知,simulated,SIMULATED-EXCAVAGUARD-V1,TRUE,
ZQS-09,2026-09-28,wall_top_horizontal_displacement,5.874,mm,positive,0.0,5.866,24,S13,数据缺测,数据质量异常,未知,simulated,SIMULATED-EXCAVAGUARD-V1,TRUE,
ZQS-09,2026-09-29,wall_top_horizontal_displacement,5.883,mm,positive,0.0,5.874,24,S13,数据缺测,数据质量异常,未知,simulated,SIMULATED-EXCAVAGUARD-V1,TRUE,
ZQS-10,2026-08-01,wall_top_horizontal_displacement,0.0,mm,positive,0.0,,,S14,粗差异常,数据质量异常,未知,simulated,SIMULATED-EXCAVAGUARD-V1,TRUE,
ZQS-10,2026-08-02,wall_top_horizontal_displacement,0.419,mm,positive,0.0,0.0,24,S14,粗差异常,数据质量异常,未知,simulated,SIMULATED-EXCAVAGUARD-V1,TRUE,
ZQS-10,2026-08-03,wall_top_horizontal_displacement,0.811,mm,positive,0.0,0.419,24,S14,粗差异常,数据质量异常,未知,simulated,SIMULATED-EXCAVAGUARD-V1,TRUE,
ZQS-10,2026-08-04,wall_top_horizontal_displacement,1.178,mm,positive,0.0,0.811,24,S14,粗差异常,数据质量异常,未知,simulated,SIMULATED-EXCAVAGUARD-V1,TRUE,
ZQS-10,2026-08-05,wall_top_horizontal_displacement,1.521,mm,positive,0.0,1.178,24,S14,粗差异常,数据质量异常,未知,simulated,SIMULATED-EXCAVAGUARD-V1,TRUE,
ZQS-10,2026-08-06,wall_top_horizontal_displacement,1.843,mm,positive,0.0,1.521,24,S14,粗差异常,数据质量异常,未知,simulated,SIMULATED-EXCAVAGUARD-V1,TRUE,
ZQS-10,2026-08-07,wall_top_horizontal_displacement,2.143,mm,positive,0.0,1.843,24,S14,粗差异常,数据质量异常,未知,simulated,SIMULATED-EXCAVAGUARD-V1,TRUE,
ZQS-10,2026-08-08,wall_top_horizontal_displacement,2.424,mm,positive,0.0,2.143,24,S14,粗差异常,数据质量异常,未知,simulated,SIMULATED-EXCAVAGUARD-V1,TRUE,
ZQS-10,2026-08-09,wall_top_horizontal_displacement,2.687,mm,positive,0.0,2.424,24,S14,粗差异常,数据质量异常,未知,simulated,SIMULATED-EXCAVAGUARD-V1,TRUE,
ZQS-10,2026-08-10,wall_top_horizontal_displacement,2.933,mm,positive,0.0,2.687,24,S14,粗差异常,数据质量异常,未知,simulated,SIMULATED-EXCAVAGUARD-V1,TRUE,
ZQS-10,2026-08-11,wall_top_horizontal_displacement,3.163,mm,positive,0.0,2.933,24,S14,粗差异常,数据质量异常,未知,simulated,SIMULATED-EXCAVAGUARD-V1,TRUE,
ZQS-10,2026-08-12,wall_top_horizontal_displacement,3.378,mm,positive,0.0,3.163,24,S14,粗差异常,数据质量异常,未知,simulated,SIMULATED-EXCAVAGUARD-V1,TRUE,
ZQS-10,2026-08-13,wall_top_horizontal_displacement,3.579,mm,positive,0.0,3.378,24,S14,粗差异常,数据质量异常,未知,simulated,SIMULATED-EXCAVAGUARD-V1,TRUE,
ZQS-10,2026-08-14,wall_top_horizontal_displacement,3.768,mm,positive,0.0,3.579,24,S14,粗差异常,数据质量异常,未知,simulated,SIMULATED-EXCAVAGUARD-V1,TRUE,
ZQS-10,2026-08-15,wall_top_horizontal_displacement,3.944,mm,positive,0.0,3.768,24,S14,粗差异常,数据质量异常,未知,simulated,SIMULATED-EXCAVAGUARD-V1,TRUE,
ZQS-10,2026-08-16,wall_top_horizontal_displacement,4.109,mm,positive,0.0,3.944,24,S14,粗差异常,数据质量异常,未知,simulated,SIMULATED-EXCAVAGUARD-V1,TRUE,
ZQS-10,2026-08-17,wall_top_horizontal_displacement,4.263,mm,positive,0.0,4.109,24,S14,粗差异常,数据质量异常,未知,simulated,SIMULATED-EXCAVAGUARD-V1,TRUE,
ZQS-10,2026-08-18,wall_top_horizontal_displacement,4.407,mm,positive,0.0,4.263,24,S14,粗差异常,数据质量异常,未知,simulated,SIMULATED-EXCAVAGUARD-V1,TRUE,
ZQS-10,2026-08-19,wall_top_horizontal_displacement,4.542,mm,positive,0.0,4.407,24,S14,粗差异常,数据质量异常,未知,simulated,SIMULATED-EXCAVAGUARD-V1,TRUE,
ZQS-10,2026-08-20,wall_top_horizontal_displacement,4.668,mm,positive,0.0,4.542,24,S14,粗差异常,数据质量异常,未知,simulated,SIMULATED-EXCAVAGUARD-V1,TRUE,
ZQS-10,2026-08-21,wall_top_horizontal_displacement,4.787,mm,positive,0.0,4.668,24,S14,粗差异常,数据质量异常,未知,simulated,SIMULATED-EXCAVAGUARD-V1,TRUE,
ZQS-10,2026-08-22,wall_top_horizontal_displacement,4.897,mm,positive,0.0,4.787,24,S14,粗差异常,数据质量异常,未知,simulated,SIMULATED-EXCAVAGUARD-V1,TRUE,
ZQS-10,2026-08-23,wall_top_horizontal_displacement,5.0,mm,positive,0.0,4.897,24,S14,粗差异常,数据质量异常,未知,simulated,SIMULATED-EXCAVAGUARD-V1,TRUE,
ZQS-10,2026-08-24,wall_top_horizontal_displacement,5.097,mm,positive,0.0,5.0,24,S14,粗差异常,数据质量异常,未知,simulated,SIMULATED-EXCAVAGUARD-V1,TRUE,
ZQS-10,2026-08-25,wall_top_horizontal_displacement,5.188,mm,positive,0.0,5.097,24,S14,粗差异常,数据质量异常,未知,simulated,SIMULATED-EXCAVAGUARD-V1,TRUE,
ZQS-10,2026-08-26,wall_top_horizontal_displacement,5.272,mm,positive,0.0,5.188,24,S14,粗差异常,数据质量异常,未知,simulated,SIMULATED-EXCAVAGUARD-V1,TRUE,
ZQS-10,2026-08-27,wall_top_horizontal_displacement,5.351,mm,positive,0.0,5.272,24,S14,粗差异常,数据质量异常,未知,simulated,SIMULATED-EXCAVAGUARD-V1,TRUE,
ZQS-10,2026-08-28,wall_top_horizontal_displacement,5.426,mm,positive,0.0,5.351,24,S14,粗差异常,数据质量异常,未知,simulated,SIMULATED-EXCAVAGUARD-V1,TRUE,
ZQS-10,2026-08-29,wall_top_horizontal_displacement,5.495,mm,positive,0.0,5.426,24,S14,粗差异常,数据质量异常,未知,simulated,SIMULATED-EXCAVAGUARD-V1,TRUE,
ZQS-10,2026-08-30,wall_top_horizontal_displacement,5.56,mm,positive,0.0,5.495,24,S14,粗差异常,数据质量异常,未知,simulated,SIMULATED-EXCAVAGUARD-V1,TRUE,
ZQS-10,2026-08-31,wall_top_horizontal_displacement,5.62,mm,positive,0.0,5.56,24,S14,粗差异常,数据质量异常,未知,simulated,SIMULATED-EXCAVAGUARD-V1,TRUE,
ZQS-10,2026-09-01,wall_top_horizontal_displacement,5.677,mm,positive,0.0,5.62,24,S14,粗差异常,数据质量异常,未知,simulated,SIMULATED-EXCAVAGUARD-V1,TRUE,
ZQS-10,2026-09-02,wall_top_horizontal_displacement,5.73,mm,positive,0.0,5.677,24,S14,粗差异常,数据质量异常,未知,simulated,SIMULATED-EXCAVAGUARD-V1,TRUE,
ZQS-10,2026-09-03,wall_top_horizontal_displacement,5.78,mm,positive,0.0,5.73,24,S14,粗差异常,数据质量异常,未知,simulated,SIMULATED-EXCAVAGUARD-V1,TRUE,
ZQS-10,2026-09-04,wall_top_horizontal_displacement,5.826,mm,positive,0.0,5.78,24,S14,粗差异常,数据质量异常,未知,simulated,SIMULATED-EXCAVAGUARD-V1,TRUE,
ZQS-10,2026-09-05,wall_top_horizontal_displacement,95.0,mm,positive,0.0,5.826,24,S14,粗差异常,数据质量异常,未知,simulated,SIMULATED-EXCAVAGUARD-V1,TRUE,模拟：孤立尖峰（粗差）
ZQS-10,2026-09-06,wall_top_horizontal_displacement,5.91,mm,positive,0.0,95.0,24,S14,粗差异常,数据质量异常,未知,simulated,SIMULATED-EXCAVAGUARD-V1,TRUE,
ZQS-10,2026-09-07,wall_top_horizontal_displacement,5.948,mm,positive,0.0,5.91,24,S14,粗差异常,数据质量异常,未知,simulated,SIMULATED-EXCAVAGUARD-V1,TRUE,
ZQS-10,2026-09-08,wall_top_horizontal_displacement,5.984,mm,positive,0.0,5.948,24,S14,粗差异常,数据质量异常,未知,simulated,SIMULATED-EXCAVAGUARD-V1,TRUE,
ZQS-10,2026-09-09,wall_top_horizontal_displacement,6.017,mm,positive,0.0,5.984,24,S14,粗差异常,数据质量异常,未知,simulated,SIMULATED-EXCAVAGUARD-V1,TRUE,
ZQS-10,2026-09-10,wall_top_horizontal_displacement,6.048,mm,positive,0.0,6.017,24,S14,粗差异常,数据质量异常,未知,simulated,SIMULATED-EXCAVAGUARD-V1,TRUE,
ZQS-10,2026-09-11,wall_top_horizontal_displacement,6.077,mm,positive,0.0,6.048,24,S14,粗差异常,数据质量异常,未知,simulated,SIMULATED-EXCAVAGUARD-V1,TRUE,
ZQS-10,2026-09-12,wall_top_horizontal_displacement,6.105,mm,positive,0.0,6.077,24,S14,粗差异常,数据质量异常,未知,simulated,SIMULATED-EXCAVAGUARD-V1,TRUE,
ZQS-10,2026-09-13,wall_top_horizontal_displacement,6.13,mm,positive,0.0,6.105,24,S14,粗差异常,数据质量异常,未知,simulated,SIMULATED-EXCAVAGUARD-V1,TRUE,
ZQS-10,2026-09-14,wall_top_horizontal_displacement,6.154,mm,positive,0.0,6.13,24,S14,粗差异常,数据质量异常,未知,simulated,SIMULATED-EXCAVAGUARD-V1,TRUE,
ZQS-10,2026-09-15,wall_top_horizontal_displacement,6.176,mm,positive,0.0,6.154,24,S14,粗差异常,数据质量异常,未知,simulated,SIMULATED-EXCAVAGUARD-V1,TRUE,
ZQS-10,2026-09-16,wall_top_horizontal_displacement,6.197,mm,positive,0.0,6.176,24,S14,粗差异常,数据质量异常,未知,simulated,SIMULATED-EXCAVAGUARD-V1,TRUE,
ZQS-10,2026-09-17,wall_top_horizontal_displacement,6.217,mm,positive,0.0,6.197,24,S14,粗差异常,数据质量异常,未知,simulated,SIMULATED-EXCAVAGUARD-V1,TRUE,
ZQS-10,2026-09-18,wall_top_horizontal_displacement,6.235,mm,positive,0.0,6.217,24,S14,粗差异常,数据质量异常,未知,simulated,SIMULATED-EXCAVAGUARD-V1,TRUE,
ZQS-10,2026-09-19,wall_top_horizontal_displacement,6.252,mm,positive,0.0,6.235,24,S14,粗差异常,数据质量异常,未知,simulated,SIMULATED-EXCAVAGUARD-V1,TRUE,
ZQS-10,2026-09-20,wall_top_horizontal_displacement,6.268,mm,positive,0.0,6.252,24,S14,粗差异常,数据质量异常,未知,simulated,SIMULATED-EXCAVAGUARD-V1,TRUE,
ZQS-10,2026-09-21,wall_top_horizontal_displacement,6.283,mm,positive,0.0,6.268,24,S14,粗差异常,数据质量异常,未知,simulated,SIMULATED-EXCAVAGUARD-V1,TRUE,
ZQS-10,2026-09-22,wall_top_horizontal_displacement,6.297,mm,positive,0.0,6.283,24,S14,粗差异常,数据质量异常,未知,simulated,SIMULATED-EXCAVAGUARD-V1,TRUE,
ZQS-10,2026-09-23,wall_top_horizontal_displacement,6.31,mm,positive,0.0,6.297,24,S14,粗差异常,数据质量异常,未知,simulated,SIMULATED-EXCAVAGUARD-V1,TRUE,
ZQS-10,2026-09-24,wall_top_horizontal_displacement,6.322,mm,positive,0.0,6.31,24,S14,粗差异常,数据质量异常,未知,simulated,SIMULATED-EXCAVAGUARD-V1,TRUE,
ZQS-10,2026-09-25,wall_top_horizontal_displacement,6.334,mm,positive,0.0,6.322,24,S14,粗差异常,数据质量异常,未知,simulated,SIMULATED-EXCAVAGUARD-V1,TRUE,
ZQS-10,2026-09-26,wall_top_horizontal_displacement,6.345,mm,positive,0.0,6.334,24,S14,粗差异常,数据质量异常,未知,simulated,SIMULATED-EXCAVAGUARD-V1,TRUE,
ZQS-10,2026-09-27,wall_top_horizontal_displacement,6.355,mm,positive,0.0,6.345,24,S14,粗差异常,数据质量异常,未知,simulated,SIMULATED-EXCAVAGUARD-V1,TRUE,
ZQS-10,2026-09-28,wall_top_horizontal_displacement,6.364,mm,positive,0.0,6.355,24,S14,粗差异常,数据质量异常,未知,simulated,SIMULATED-EXCAVAGUARD-V1,TRUE,
ZQS-10,2026-09-29,wall_top_horizontal_displacement,6.373,mm,positive,0.0,6.364,24,S14,粗差异常,数据质量异常,未知,simulated,SIMULATED-EXCAVAGUARD-V1,TRUE,
DB-05,2026-08-01,surface_settlement,-0.0,mm,negative,-0.0,,,S15,单位与格式错误,数据质量异常,未知,simulated,SIMULATED-EXCAVAGUARD-V1,TRUE,
DB-05,2026-08-02,surface_settlement,-0.387,mm,negative,-0.0,-0.0,24,S15,单位与格式错误,数据质量异常,未知,simulated,SIMULATED-EXCAVAGUARD-V1,TRUE,
DB-05,2026-08-03,surface_settlement,-0.749,mm,negative,-0.0,-0.387,24,S15,单位与格式错误,数据质量异常,未知,simulated,SIMULATED-EXCAVAGUARD-V1,TRUE,
DB-05,2026-08-04,surface_settlement,-1.088,mm,negative,-0.0,-0.749,24,S15,单位与格式错误,数据质量异常,未知,simulated,SIMULATED-EXCAVAGUARD-V1,TRUE,
DB-05,2026-08-05,surface_settlement,-1.404,mm,negative,-0.0,-1.088,24,S15,单位与格式错误,数据质量异常,未知,simulated,SIMULATED-EXCAVAGUARD-V1,TRUE,
DB-05,2026-08-06,surface_settlement,-1.701,mm,negative,-0.0,-1.404,24,S15,单位与格式错误,数据质量异常,未知,simulated,SIMULATED-EXCAVAGUARD-V1,TRUE,
DB-05,2026-08-07,surface_settlement,-1.978,mm,negative,-0.0,-1.701,24,S15,单位与格式错误,数据质量异常,未知,simulated,SIMULATED-EXCAVAGUARD-V1,TRUE,
DB-05,2026-08-08,surface_settlement,-2.237,mm,negative,-0.0,-1.978,24,S15,单位与格式错误,数据质量异常,未知,simulated,SIMULATED-EXCAVAGUARD-V1,TRUE,
DB-05,2026-08-09,surface_settlement,-2.48,mm,negative,-0.0,-2.237,24,S15,单位与格式错误,数据质量异常,未知,simulated,SIMULATED-EXCAVAGUARD-V1,TRUE,
DB-05,2026-08-10,surface_settlement,-2.707,mm,negative,-0.0,-2.48,24,S15,单位与格式错误,数据质量异常,未知,simulated,SIMULATED-EXCAVAGUARD-V1,TRUE,
DB-05,2026-08-11,surface_settlement,-2.919,mm,negative,-0.0,-2.707,24,S15,单位与格式错误,数据质量异常,未知,simulated,SIMULATED-EXCAVAGUARD-V1,TRUE,
DB-05,2026-08-12,surface_settlement,-3.118,mm,negative,-0.0,-2.919,24,S15,单位与格式错误,数据质量异常,未知,simulated,SIMULATED-EXCAVAGUARD-V1,TRUE,
DB-05,2026-08-13,surface_settlement,-3.304,mm,negative,-0.0,-3.118,24,S15,单位与格式错误,数据质量异常,未知,simulated,SIMULATED-EXCAVAGUARD-V1,TRUE,
DB-05,2026-08-14,surface_settlement,-3.478,mm,negative,-0.0,-3.304,24,S15,单位与格式错误,数据质量异常,未知,simulated,SIMULATED-EXCAVAGUARD-V1,TRUE,
DB-05,2026-08-15,surface_settlement,-3.641,mm,negative,-0.0,-3.478,24,S15,单位与格式错误,数据质量异常,未知,simulated,SIMULATED-EXCAVAGUARD-V1,TRUE,
DB-05,2026-08-16,surface_settlement,-3.793,mm,negative,-0.0,-3.641,24,S15,单位与格式错误,数据质量异常,未知,simulated,SIMULATED-EXCAVAGUARD-V1,TRUE,
DB-05,2026-08-17,surface_settlement,-3.935,mm,negative,-0.0,-3.793,24,S15,单位与格式错误,数据质量异常,未知,simulated,SIMULATED-EXCAVAGUARD-V1,TRUE,
DB-05,2026-08-18,surface_settlement,-4.068,mm,negative,-0.0,-3.935,24,S15,单位与格式错误,数据质量异常,未知,simulated,SIMULATED-EXCAVAGUARD-V1,TRUE,
DB-05,2026-08-19,surface_settlement,-4.193,mm,negative,-0.0,-4.068,24,S15,单位与格式错误,数据质量异常,未知,simulated,SIMULATED-EXCAVAGUARD-V1,TRUE,
DB-05,2026-08-20,surface_settlement,-4.309,mm,negative,-0.0,-4.193,24,S15,单位与格式错误,数据质量异常,未知,simulated,SIMULATED-EXCAVAGUARD-V1,TRUE,
DB-05,2026-08-21,surface_settlement,-4.418,mm,negative,-0.0,-4.309,24,S15,单位与格式错误,数据质量异常,未知,simulated,SIMULATED-EXCAVAGUARD-V1,TRUE,
DB-05,2026-08-22,surface_settlement,-4.52,mm,negative,-0.0,-4.418,24,S15,单位与格式错误,数据质量异常,未知,simulated,SIMULATED-EXCAVAGUARD-V1,TRUE,
DB-05,2026-08-23,surface_settlement,-4.616,mm,negative,-0.0,-4.52,24,S15,单位与格式错误,数据质量异常,未知,simulated,SIMULATED-EXCAVAGUARD-V1,TRUE,
DB-05,2026-08-24,surface_settlement,-4.705,mm,negative,-0.0,-4.616,24,S15,单位与格式错误,数据质量异常,未知,simulated,SIMULATED-EXCAVAGUARD-V1,TRUE,
DB-05,2026-08-25,surface_settlement,-4.789,mm,negative,-0.0,-4.705,24,S15,单位与格式错误,数据质量异常,未知,simulated,SIMULATED-EXCAVAGUARD-V1,TRUE,
DB-05,2026-08-26,surface_settlement,-4.867,厘米,negative,-0.0,-4.789,24,S15,单位与格式错误,数据质量异常,未知,simulated,SIMULATED-EXCAVAGUARD-V1,TRUE,模拟：unit 污染
DB-05,2026-08-27,surface_settlement,-4.94,mm,negative,-0.0,-4.867,24,S15,单位与格式错误,数据质量异常,未知,simulated,SIMULATED-EXCAVAGUARD-V1,TRUE,
DB-05,2026-08-28,surface_settlement,-5.008,mm,negative,-0.0,-4.94,24,S15,单位与格式错误,数据质量异常,未知,simulated,SIMULATED-EXCAVAGUARD-V1,TRUE,
DB-05,2026-08-29,surface_settlement,-5.072,mm,negative,-0.0,-5.008,24,S15,单位与格式错误,数据质量异常,未知,simulated,SIMULATED-EXCAVAGUARD-V1,TRUE,
DB-05,2026-08-30,surface_settlement,-5.132,mm,negative,-0.0,-5.072,24,S15,单位与格式错误,数据质量异常,未知,simulated,SIMULATED-EXCAVAGUARD-V1,TRUE,
DB-05,2026-08-31,surface_settlement,N/A,mm,negative,-0.0,-5.132,24,S15,单位与格式错误,数据质量异常,未知,simulated,SIMULATED-EXCAVAGUARD-V1,TRUE,模拟：数值字段非数值
DB-05,2026-09-01,surface_settlement,-5.24,mm,negative,-0.0,-5.132,48,S15,单位与格式错误,数据质量异常,未知,simulated,SIMULATED-EXCAVAGUARD-V1,TRUE,
DB-05,2026-09-02,surface_settlement,-5.289,mm,negative,-0.0,-5.24,24,S15,单位与格式错误,数据质量异常,未知,simulated,SIMULATED-EXCAVAGUARD-V1,TRUE,
DB-05,2026-09-03,surface_settlement,-5.335,mm,negative,-0.0,-5.289,24,S15,单位与格式错误,数据质量异常,未知,simulated,SIMULATED-EXCAVAGUARD-V1,TRUE,
DB-05,2026-09-04,surface_settlement,-5.378,mm,negative,-0.0,-5.335,24,S15,单位与格式错误,数据质量异常,未知,simulated,SIMULATED-EXCAVAGUARD-V1,TRUE,
DB-05,昨天,surface_settlement,-5.418,mm,negative,-0.0,-5.378,24,S15,单位与格式错误,数据质量异常,未知,simulated,SIMULATED-EXCAVAGUARD-V1,TRUE,模拟：timestamp 污染
DB-05,2026-09-06,surface_settlement,-5.456,mm,negative,-0.0,-5.418,24,S15,单位与格式错误,数据质量异常,未知,simulated,SIMULATED-EXCAVAGUARD-V1,TRUE,
DB-05,2026-09-07,surface_settlement,-5.491,mm,negative,-0.0,-5.456,24,S15,单位与格式错误,数据质量异常,未知,simulated,SIMULATED-EXCAVAGUARD-V1,TRUE,
DB-05,2026-09-08,surface_settlement,-5.524,mm,negative,-0.0,-5.491,24,S15,单位与格式错误,数据质量异常,未知,simulated,SIMULATED-EXCAVAGUARD-V1,TRUE,
DB-05,2026-09-09,surface_settlement,-5.554,mm,negative,-0.0,-5.524,24,S15,单位与格式错误,数据质量异常,未知,simulated,SIMULATED-EXCAVAGUARD-V1,TRUE,
DB-05,2026-09-10,surface_settlement,-5.583,mm/s,negative,-0.0,-5.554,24,S15,单位与格式错误,数据质量异常,未知,simulated,SIMULATED-EXCAVAGUARD-V1,TRUE,模拟：unit 污染
DB-05,2026-09-11,surface_settlement,-5.61,mm,negative,-0.0,-5.583,24,S15,单位与格式错误,数据质量异常,未知,simulated,SIMULATED-EXCAVAGUARD-V1,TRUE,
DB-05,2026-09-12,surface_settlement,-5.635,mm,negative,-0.0,-5.61,24,S15,单位与格式错误,数据质量异常,未知,simulated,SIMULATED-EXCAVAGUARD-V1,TRUE,
DB-05,2026-09-13,surface_settlement,-5.659,mm,negative,-0.0,-5.635,24,S15,单位与格式错误,数据质量异常,未知,simulated,SIMULATED-EXCAVAGUARD-V1,TRUE,
DB-05,2026-09-14,surface_settlement,-5.681,mm,negative,-0.0,-5.659,24,S15,单位与格式错误,数据质量异常,未知,simulated,SIMULATED-EXCAVAGUARD-V1,TRUE,
DB-05,2026-09-15,surface_settlement,-5.701,mm,negative,-0.0,-5.681,24,S15,单位与格式错误,数据质量异常,未知,simulated,SIMULATED-EXCAVAGUARD-V1,TRUE,
DB-05,2026-09-16,surface_settlement,-5.721,mm,negative,-0.0,-5.701,24,S15,单位与格式错误,数据质量异常,未知,simulated,SIMULATED-EXCAVAGUARD-V1,TRUE,
DB-05,2026-09-17,surface_settlement,-5.739,mm,negative,-0.0,-5.721,24,S15,单位与格式错误,数据质量异常,未知,simulated,SIMULATED-EXCAVAGUARD-V1,TRUE,
DB-05,2026-09-18,surface_settlement,-5.755,mm,negative,-0.0,-5.739,24,S15,单位与格式错误,数据质量异常,未知,simulated,SIMULATED-EXCAVAGUARD-V1,TRUE,
DB-05,2026-09-19,surface_settlement,-5.771,mm,negative,-0.0,-5.755,24,S15,单位与格式错误,数据质量异常,未知,simulated,SIMULATED-EXCAVAGUARD-V1,TRUE,
DB-05,2026-09-20,surface_settlement,-5.786,mm,negative,-0.0,-5.771,24,S15,单位与格式错误,数据质量异常,未知,simulated,SIMULATED-EXCAVAGUARD-V1,TRUE,
DB-05,2026-09-21,surface_settlement,-5.8,mm,negative,-0.0,-5.786,24,S15,单位与格式错误,数据质量异常,未知,simulated,SIMULATED-EXCAVAGUARD-V1,TRUE,
DB-05,2026-09-22,surface_settlement,-5.813,mm,negative,-0.0,-5.8,24,S15,单位与格式错误,数据质量异常,未知,simulated,SIMULATED-EXCAVAGUARD-V1,TRUE,
DB-05,2026-09-23,surface_settlement,-5.825,mm,negative,-0.0,-5.813,24,S15,单位与格式错误,数据质量异常,未知,simulated,SIMULATED-EXCAVAGUARD-V1,TRUE,
DB-05,2026-09-24,surface_settlement,-5.836,mm,negative,-0.0,-5.825,24,S15,单位与格式错误,数据质量异常,未知,simulated,SIMULATED-EXCAVAGUARD-V1,TRUE,
DB-05,2026-09-25,surface_settlement,-5.847,mm,negative,-0.0,-5.836,24,S15,单位与格式错误,数据质量异常,未知,simulated,SIMULATED-EXCAVAGUARD-V1,TRUE,
DB-05,2026-09-26,surface_settlement,-5.857,mm,negative,-0.0,-5.847,24,S15,单位与格式错误,数据质量异常,未知,simulated,SIMULATED-EXCAVAGUARD-V1,TRUE,
DB-05,2026-09-27,surface_settlement,-5.866,mm,negative,-0.0,-5.857,24,S15,单位与格式错误,数据质量异常,未知,simulated,SIMULATED-EXCAVAGUARD-V1,TRUE,
DB-05,2026-09-28,surface_settlement,-5.874,mm,negative,-0.0,-5.866,24,S15,单位与格式错误,数据质量异常,未知,simulated,SIMULATED-EXCAVAGUARD-V1,TRUE,
DB-05,2026-09-29,surface_settlement,-5.883,mm,negative,-0.0,-5.874,24,S15,单位与格式错误,数据质量异常,未知,simulated,SIMULATED-EXCAVAGUARD-V1,TRUE,
ZQS-12,2026-08-01,wall_top_horizontal_displacement,0.0,mm,positive,0.0,,,S16,传感器漂移,数据质量异常,未知,simulated,SIMULATED-EXCAVAGUARD-V1,TRUE,
ZQS-12,2026-08-02,wall_top_horizontal_displacement,0.32,mm,positive,0.0,0.0,24,S16,传感器漂移,数据质量异常,未知,simulated,SIMULATED-EXCAVAGUARD-V1,TRUE,
ZQS-12,2026-08-03,wall_top_horizontal_displacement,0.614,mm,positive,0.0,0.32,24,S16,传感器漂移,数据质量异常,未知,simulated,SIMULATED-EXCAVAGUARD-V1,TRUE,
ZQS-12,2026-08-04,wall_top_horizontal_displacement,0.885,mm,positive,0.0,0.614,24,S16,传感器漂移,数据质量异常,未知,simulated,SIMULATED-EXCAVAGUARD-V1,TRUE,
ZQS-12,2026-08-05,wall_top_horizontal_displacement,1.134,mm,positive,0.0,0.885,24,S16,传感器漂移,数据质量异常,未知,simulated,SIMULATED-EXCAVAGUARD-V1,TRUE,
ZQS-12,2026-08-06,wall_top_horizontal_displacement,1.363,mm,positive,0.0,1.134,24,S16,传感器漂移,数据质量异常,未知,simulated,SIMULATED-EXCAVAGUARD-V1,TRUE,
ZQS-12,2026-08-07,wall_top_horizontal_displacement,1.574,mm,positive,0.0,1.363,24,S16,传感器漂移,数据质量异常,未知,simulated,SIMULATED-EXCAVAGUARD-V1,TRUE,
ZQS-12,2026-08-08,wall_top_horizontal_displacement,1.768,mm,positive,0.0,1.574,24,S16,传感器漂移,数据质量异常,未知,simulated,SIMULATED-EXCAVAGUARD-V1,TRUE,
ZQS-12,2026-08-09,wall_top_horizontal_displacement,1.946,mm,positive,0.0,1.768,24,S16,传感器漂移,数据质量异常,未知,simulated,SIMULATED-EXCAVAGUARD-V1,TRUE,
ZQS-12,2026-08-10,wall_top_horizontal_displacement,2.111,mm,positive,0.0,1.946,24,S16,传感器漂移,数据质量异常,未知,simulated,SIMULATED-EXCAVAGUARD-V1,TRUE,
ZQS-12,2026-08-11,wall_top_horizontal_displacement,2.262,mm,positive,0.0,2.111,24,S16,传感器漂移,数据质量异常,未知,simulated,SIMULATED-EXCAVAGUARD-V1,TRUE,
ZQS-12,2026-08-12,wall_top_horizontal_displacement,2.401,mm,positive,0.0,2.262,24,S16,传感器漂移,数据质量异常,未知,simulated,SIMULATED-EXCAVAGUARD-V1,TRUE,
ZQS-12,2026-08-13,wall_top_horizontal_displacement,2.528,mm,positive,0.0,2.401,24,S16,传感器漂移,数据质量异常,未知,simulated,SIMULATED-EXCAVAGUARD-V1,TRUE,
ZQS-12,2026-08-14,wall_top_horizontal_displacement,2.646,mm,positive,0.0,2.528,24,S16,传感器漂移,数据质量异常,未知,simulated,SIMULATED-EXCAVAGUARD-V1,TRUE,
ZQS-12,2026-08-15,wall_top_horizontal_displacement,2.754,mm,positive,0.0,2.646,24,S16,传感器漂移,数据质量异常,未知,simulated,SIMULATED-EXCAVAGUARD-V1,TRUE,
ZQS-12,2026-08-16,wall_top_horizontal_displacement,2.854,mm,positive,0.0,2.754,24,S16,传感器漂移,数据质量异常,未知,simulated,SIMULATED-EXCAVAGUARD-V1,TRUE,
ZQS-12,2026-08-17,wall_top_horizontal_displacement,2.946,mm,positive,0.0,2.854,24,S16,传感器漂移,数据质量异常,未知,simulated,SIMULATED-EXCAVAGUARD-V1,TRUE,
ZQS-12,2026-08-18,wall_top_horizontal_displacement,3.03,mm,positive,0.0,2.946,24,S16,传感器漂移,数据质量异常,未知,simulated,SIMULATED-EXCAVAGUARD-V1,TRUE,
ZQS-12,2026-08-19,wall_top_horizontal_displacement,3.107,mm,positive,0.0,3.03,24,S16,传感器漂移,数据质量异常,未知,simulated,SIMULATED-EXCAVAGUARD-V1,TRUE,
ZQS-12,2026-08-20,wall_top_horizontal_displacement,3.179,mm,positive,0.0,3.107,24,S16,传感器漂移,数据质量异常,未知,simulated,SIMULATED-EXCAVAGUARD-V1,TRUE,
ZQS-12,2026-08-21,wall_top_horizontal_displacement,3.244,mm,positive,0.0,3.179,24,S16,传感器漂移,数据质量异常,未知,simulated,SIMULATED-EXCAVAGUARD-V1,TRUE,
ZQS-12,2026-08-22,wall_top_horizontal_displacement,3.305,mm,positive,0.0,3.244,24,S16,传感器漂移,数据质量异常,未知,simulated,SIMULATED-EXCAVAGUARD-V1,TRUE,
ZQS-12,2026-08-23,wall_top_horizontal_displacement,3.305,mm,positive,0.0,3.305,24,S16,传感器漂移,数据质量异常,未知,simulated,SIMULATED-EXCAVAGUARD-V1,TRUE,
ZQS-12,2026-08-24,wall_top_horizontal_displacement,3.305,mm,positive,0.0,3.305,24,S16,传感器漂移,数据质量异常,未知,simulated,SIMULATED-EXCAVAGUARD-V1,TRUE,
ZQS-12,2026-08-25,wall_top_horizontal_displacement,3.305,mm,positive,0.0,3.305,24,S16,传感器漂移,数据质量异常,未知,simulated,SIMULATED-EXCAVAGUARD-V1,TRUE,
ZQS-12,2026-08-26,wall_top_horizontal_displacement,3.305,mm,positive,0.0,3.305,24,S16,传感器漂移,数据质量异常,未知,simulated,SIMULATED-EXCAVAGUARD-V1,TRUE,
ZQS-12,2026-08-27,wall_top_horizontal_displacement,3.305,mm,positive,0.0,3.305,24,S16,传感器漂移,数据质量异常,未知,simulated,SIMULATED-EXCAVAGUARD-V1,TRUE,
ZQS-12,2026-08-28,wall_top_horizontal_displacement,3.305,mm,positive,0.0,3.305,24,S16,传感器漂移,数据质量异常,未知,simulated,SIMULATED-EXCAVAGUARD-V1,TRUE,
ZQS-12,2026-08-29,wall_top_horizontal_displacement,3.305,mm,positive,0.0,3.305,24,S16,传感器漂移,数据质量异常,未知,simulated,SIMULATED-EXCAVAGUARD-V1,TRUE,
ZQS-12,2026-08-30,wall_top_horizontal_displacement,3.305,mm,positive,0.0,3.305,24,S16,传感器漂移,数据质量异常,未知,simulated,SIMULATED-EXCAVAGUARD-V1,TRUE,
ZQS-12,2026-08-31,wall_top_horizontal_displacement,3.305,mm,positive,0.0,3.305,24,S16,传感器漂移,数据质量异常,未知,simulated,SIMULATED-EXCAVAGUARD-V1,TRUE,
ZQS-12,2026-09-01,wall_top_horizontal_displacement,3.305,mm,positive,0.0,3.305,24,S16,传感器漂移,数据质量异常,未知,simulated,SIMULATED-EXCAVAGUARD-V1,TRUE,
ZQS-12,2026-09-02,wall_top_horizontal_displacement,3.305,mm,positive,0.0,3.305,24,S16,传感器漂移,数据质量异常,未知,simulated,SIMULATED-EXCAVAGUARD-V1,TRUE,
ZQS-12,2026-09-03,wall_top_horizontal_displacement,3.305,mm,positive,0.0,3.305,24,S16,传感器漂移,数据质量异常,未知,simulated,SIMULATED-EXCAVAGUARD-V1,TRUE,
ZQS-12,2026-09-04,wall_top_horizontal_displacement,3.305,mm,positive,0.0,3.305,24,S16,传感器漂移,数据质量异常,未知,simulated,SIMULATED-EXCAVAGUARD-V1,TRUE,
ZQS-12,2026-09-05,wall_top_horizontal_displacement,3.305,mm,positive,0.0,3.305,24,S16,传感器漂移,数据质量异常,未知,simulated,SIMULATED-EXCAVAGUARD-V1,TRUE,
ZQS-12,2026-09-06,wall_top_horizontal_displacement,3.305,mm,positive,0.0,3.305,24,S16,传感器漂移,数据质量异常,未知,simulated,SIMULATED-EXCAVAGUARD-V1,TRUE,
ZQS-12,2026-09-07,wall_top_horizontal_displacement,3.305,mm,positive,0.0,3.305,24,S16,传感器漂移,数据质量异常,未知,simulated,SIMULATED-EXCAVAGUARD-V1,TRUE,
ZQS-12,2026-09-08,wall_top_horizontal_displacement,3.305,mm,positive,0.0,3.305,24,S16,传感器漂移,数据质量异常,未知,simulated,SIMULATED-EXCAVAGUARD-V1,TRUE,
ZQS-12,2026-09-09,wall_top_horizontal_displacement,3.305,mm,positive,0.0,3.305,24,S16,传感器漂移,数据质量异常,未知,simulated,SIMULATED-EXCAVAGUARD-V1,TRUE,
ZQS-12,2026-09-10,wall_top_horizontal_displacement,3.305,mm,positive,0.0,3.305,24,S16,传感器漂移,数据质量异常,未知,simulated,SIMULATED-EXCAVAGUARD-V1,TRUE,
ZQS-12,2026-09-11,wall_top_horizontal_displacement,3.869,mm,positive,0.0,3.305,24,S16,传感器漂移,数据质量异常,未知,simulated,SIMULATED-EXCAVAGUARD-V1,TRUE,
ZQS-12,2026-09-12,wall_top_horizontal_displacement,3.879,mm,positive,0.0,3.869,24,S16,传感器漂移,数据质量异常,未知,simulated,SIMULATED-EXCAVAGUARD-V1,TRUE,
ZQS-12,2026-09-13,wall_top_horizontal_displacement,3.889,mm,positive,0.0,3.879,24,S16,传感器漂移,数据质量异常,未知,simulated,SIMULATED-EXCAVAGUARD-V1,TRUE,
ZQS-12,2026-09-14,wall_top_horizontal_displacement,3.898,mm,positive,0.0,3.889,24,S16,传感器漂移,数据质量异常,未知,simulated,SIMULATED-EXCAVAGUARD-V1,TRUE,
ZQS-12,2026-09-15,wall_top_horizontal_displacement,3.906,mm,positive,0.0,3.898,24,S16,传感器漂移,数据质量异常,未知,simulated,SIMULATED-EXCAVAGUARD-V1,TRUE,
ZQS-12,2026-09-16,wall_top_horizontal_displacement,3.913,mm,positive,0.0,3.906,24,S16,传感器漂移,数据质量异常,未知,simulated,SIMULATED-EXCAVAGUARD-V1,TRUE,
ZQS-12,2026-09-17,wall_top_horizontal_displacement,3.92,mm,positive,0.0,3.913,24,S16,传感器漂移,数据质量异常,未知,simulated,SIMULATED-EXCAVAGUARD-V1,TRUE,
ZQS-12,2026-09-18,wall_top_horizontal_displacement,3.927,mm,positive,0.0,3.92,24,S16,传感器漂移,数据质量异常,未知,simulated,SIMULATED-EXCAVAGUARD-V1,TRUE,
ZQS-12,2026-09-19,wall_top_horizontal_displacement,3.933,mm,positive,0.0,3.927,24,S16,传感器漂移,数据质量异常,未知,simulated,SIMULATED-EXCAVAGUARD-V1,TRUE,
ZQS-12,2026-09-20,wall_top_horizontal_displacement,3.938,mm,positive,0.0,3.933,24,S16,传感器漂移,数据质量异常,未知,simulated,SIMULATED-EXCAVAGUARD-V1,TRUE,
ZQS-12,2026-09-21,wall_top_horizontal_displacement,3.943,mm,positive,0.0,3.938,24,S16,传感器漂移,数据质量异常,未知,simulated,SIMULATED-EXCAVAGUARD-V1,TRUE,
ZQS-12,2026-09-22,wall_top_horizontal_displacement,3.948,mm,positive,0.0,3.943,24,S16,传感器漂移,数据质量异常,未知,simulated,SIMULATED-EXCAVAGUARD-V1,TRUE,
ZQS-12,2026-09-23,wall_top_horizontal_displacement,3.952,mm,positive,0.0,3.948,24,S16,传感器漂移,数据质量异常,未知,simulated,SIMULATED-EXCAVAGUARD-V1,TRUE,
ZQS-12,2026-09-24,wall_top_horizontal_displacement,3.956,mm,positive,0.0,3.952,24,S16,传感器漂移,数据质量异常,未知,simulated,SIMULATED-EXCAVAGUARD-V1,TRUE,
ZQS-12,2026-09-25,wall_top_horizontal_displacement,3.959,mm,positive,0.0,3.956,24,S16,传感器漂移,数据质量异常,未知,simulated,SIMULATED-EXCAVAGUARD-V1,TRUE,
ZQS-12,2026-09-26,wall_top_horizontal_displacement,3.962,mm,positive,0.0,3.959,24,S16,传感器漂移,数据质量异常,未知,simulated,SIMULATED-EXCAVAGUARD-V1,TRUE,
ZQS-12,2026-09-27,wall_top_horizontal_displacement,3.965,mm,positive,0.0,3.962,24,S16,传感器漂移,数据质量异常,未知,simulated,SIMULATED-EXCAVAGUARD-V1,TRUE,
ZQS-12,2026-09-28,wall_top_horizontal_displacement,3.968,mm,positive,0.0,3.965,24,S16,传感器漂移,数据质量异常,未知,simulated,SIMULATED-EXCAVAGUARD-V1,TRUE,
ZQS-12,2026-09-29,wall_top_horizontal_displacement,3.971,mm,positive,0.0,3.968,24,S16,传感器漂移,数据质量异常,未知,simulated,SIMULATED-EXCAVAGUARD-V1,TRUE,
ZQS-13,2026-08-01,wall_top_horizontal_displacement,0.0,mm,positive,0.0,,,S17,危险报警综合,危险报警,危险报警,simulated,SIMULATED-EXCAVAGUARD-V1,TRUE,
ZQS-13,2026-08-02,wall_top_horizontal_displacement,0.678,mm,positive,0.0,0.0,24,S17,危险报警综合,危险报警,危险报警,simulated,SIMULATED-EXCAVAGUARD-V1,TRUE,
ZQS-13,2026-08-03,wall_top_horizontal_displacement,1.356,mm,positive,0.0,0.678,24,S17,危险报警综合,危险报警,危险报警,simulated,SIMULATED-EXCAVAGUARD-V1,TRUE,
ZQS-13,2026-08-04,wall_top_horizontal_displacement,2.034,mm,positive,0.0,1.356,24,S17,危险报警综合,危险报警,危险报警,simulated,SIMULATED-EXCAVAGUARD-V1,TRUE,
ZQS-13,2026-08-05,wall_top_horizontal_displacement,2.712,mm,positive,0.0,2.034,24,S17,危险报警综合,危险报警,危险报警,simulated,SIMULATED-EXCAVAGUARD-V1,TRUE,
ZQS-13,2026-08-06,wall_top_horizontal_displacement,3.39,mm,positive,0.0,2.712,24,S17,危险报警综合,危险报警,危险报警,simulated,SIMULATED-EXCAVAGUARD-V1,TRUE,
ZQS-13,2026-08-07,wall_top_horizontal_displacement,4.068,mm,positive,0.0,3.39,24,S17,危险报警综合,危险报警,危险报警,simulated,SIMULATED-EXCAVAGUARD-V1,TRUE,
ZQS-13,2026-08-08,wall_top_horizontal_displacement,4.746,mm,positive,0.0,4.068,24,S17,危险报警综合,危险报警,危险报警,simulated,SIMULATED-EXCAVAGUARD-V1,TRUE,
ZQS-13,2026-08-09,wall_top_horizontal_displacement,5.424,mm,positive,0.0,4.746,24,S17,危险报警综合,危险报警,危险报警,simulated,SIMULATED-EXCAVAGUARD-V1,TRUE,
ZQS-13,2026-08-10,wall_top_horizontal_displacement,6.102,mm,positive,0.0,5.424,24,S17,危险报警综合,危险报警,危险报警,simulated,SIMULATED-EXCAVAGUARD-V1,TRUE,
ZQS-13,2026-08-11,wall_top_horizontal_displacement,6.78,mm,positive,0.0,6.102,24,S17,危险报警综合,危险报警,危险报警,simulated,SIMULATED-EXCAVAGUARD-V1,TRUE,
ZQS-13,2026-08-12,wall_top_horizontal_displacement,7.458,mm,positive,0.0,6.78,24,S17,危险报警综合,危险报警,危险报警,simulated,SIMULATED-EXCAVAGUARD-V1,TRUE,
ZQS-13,2026-08-13,wall_top_horizontal_displacement,8.136,mm,positive,0.0,7.458,24,S17,危险报警综合,危险报警,危险报警,simulated,SIMULATED-EXCAVAGUARD-V1,TRUE,
ZQS-13,2026-08-14,wall_top_horizontal_displacement,8.814,mm,positive,0.0,8.136,24,S17,危险报警综合,危险报警,危险报警,simulated,SIMULATED-EXCAVAGUARD-V1,TRUE,
ZQS-13,2026-08-15,wall_top_horizontal_displacement,9.492,mm,positive,0.0,8.814,24,S17,危险报警综合,危险报警,危险报警,simulated,SIMULATED-EXCAVAGUARD-V1,TRUE,
ZQS-13,2026-08-16,wall_top_horizontal_displacement,10.169,mm,positive,0.0,9.492,24,S17,危险报警综合,危险报警,危险报警,simulated,SIMULATED-EXCAVAGUARD-V1,TRUE,
ZQS-13,2026-08-17,wall_top_horizontal_displacement,10.847,mm,positive,0.0,10.169,24,S17,危险报警综合,危险报警,危险报警,simulated,SIMULATED-EXCAVAGUARD-V1,TRUE,
ZQS-13,2026-08-18,wall_top_horizontal_displacement,11.525,mm,positive,0.0,10.847,24,S17,危险报警综合,危险报警,危险报警,simulated,SIMULATED-EXCAVAGUARD-V1,TRUE,
ZQS-13,2026-08-19,wall_top_horizontal_displacement,12.203,mm,positive,0.0,11.525,24,S17,危险报警综合,危险报警,危险报警,simulated,SIMULATED-EXCAVAGUARD-V1,TRUE,
ZQS-13,2026-08-20,wall_top_horizontal_displacement,12.881,mm,positive,0.0,12.203,24,S17,危险报警综合,危险报警,危险报警,simulated,SIMULATED-EXCAVAGUARD-V1,TRUE,
ZQS-13,2026-08-21,wall_top_horizontal_displacement,13.559,mm,positive,0.0,12.881,24,S17,危险报警综合,危险报警,危险报警,simulated,SIMULATED-EXCAVAGUARD-V1,TRUE,
ZQS-13,2026-08-22,wall_top_horizontal_displacement,14.237,mm,positive,0.0,13.559,24,S17,危险报警综合,危险报警,危险报警,simulated,SIMULATED-EXCAVAGUARD-V1,TRUE,
ZQS-13,2026-08-23,wall_top_horizontal_displacement,14.915,mm,positive,0.0,14.237,24,S17,危险报警综合,危险报警,危险报警,simulated,SIMULATED-EXCAVAGUARD-V1,TRUE,
ZQS-13,2026-08-24,wall_top_horizontal_displacement,15.593,mm,positive,0.0,14.915,24,S17,危险报警综合,危险报警,危险报警,simulated,SIMULATED-EXCAVAGUARD-V1,TRUE,
ZQS-13,2026-08-25,wall_top_horizontal_displacement,16.271,mm,positive,0.0,15.593,24,S17,危险报警综合,危险报警,危险报警,simulated,SIMULATED-EXCAVAGUARD-V1,TRUE,
ZQS-13,2026-08-26,wall_top_horizontal_displacement,16.949,mm,positive,0.0,16.271,24,S17,危险报警综合,危险报警,危险报警,simulated,SIMULATED-EXCAVAGUARD-V1,TRUE,
ZQS-13,2026-08-27,wall_top_horizontal_displacement,17.627,mm,positive,0.0,16.949,24,S17,危险报警综合,危险报警,危险报警,simulated,SIMULATED-EXCAVAGUARD-V1,TRUE,
ZQS-13,2026-08-28,wall_top_horizontal_displacement,18.305,mm,positive,0.0,17.627,24,S17,危险报警综合,危险报警,危险报警,simulated,SIMULATED-EXCAVAGUARD-V1,TRUE,
ZQS-13,2026-08-29,wall_top_horizontal_displacement,18.983,mm,positive,0.0,18.305,24,S17,危险报警综合,危险报警,危险报警,simulated,SIMULATED-EXCAVAGUARD-V1,TRUE,
ZQS-13,2026-08-30,wall_top_horizontal_displacement,19.661,mm,positive,0.0,18.983,24,S17,危险报警综合,危险报警,危险报警,simulated,SIMULATED-EXCAVAGUARD-V1,TRUE,
ZQS-13,2026-08-31,wall_top_horizontal_displacement,20.339,mm,positive,0.0,19.661,24,S17,危险报警综合,危险报警,危险报警,simulated,SIMULATED-EXCAVAGUARD-V1,TRUE,
ZQS-13,2026-09-01,wall_top_horizontal_displacement,21.017,mm,positive,0.0,20.339,24,S17,危险报警综合,危险报警,危险报警,simulated,SIMULATED-EXCAVAGUARD-V1,TRUE,
ZQS-13,2026-09-02,wall_top_horizontal_displacement,21.695,mm,positive,0.0,21.017,24,S17,危险报警综合,危险报警,危险报警,simulated,SIMULATED-EXCAVAGUARD-V1,TRUE,
ZQS-13,2026-09-03,wall_top_horizontal_displacement,22.373,mm,positive,0.0,21.695,24,S17,危险报警综合,危险报警,危险报警,simulated,SIMULATED-EXCAVAGUARD-V1,TRUE,
ZQS-13,2026-09-04,wall_top_horizontal_displacement,23.051,mm,positive,0.0,22.373,24,S17,危险报警综合,危险报警,危险报警,simulated,SIMULATED-EXCAVAGUARD-V1,TRUE,
ZQS-13,2026-09-05,wall_top_horizontal_displacement,23.729,mm,positive,0.0,23.051,24,S17,危险报警综合,危险报警,危险报警,simulated,SIMULATED-EXCAVAGUARD-V1,TRUE,
ZQS-13,2026-09-06,wall_top_horizontal_displacement,24.407,mm,positive,0.0,23.729,24,S17,危险报警综合,危险报警,危险报警,simulated,SIMULATED-EXCAVAGUARD-V1,TRUE,
ZQS-13,2026-09-07,wall_top_horizontal_displacement,25.085,mm,positive,0.0,24.407,24,S17,危险报警综合,危险报警,危险报警,simulated,SIMULATED-EXCAVAGUARD-V1,TRUE,
ZQS-13,2026-09-08,wall_top_horizontal_displacement,25.763,mm,positive,0.0,25.085,24,S17,危险报警综合,危险报警,危险报警,simulated,SIMULATED-EXCAVAGUARD-V1,TRUE,
ZQS-13,2026-09-09,wall_top_horizontal_displacement,26.441,mm,positive,0.0,25.763,24,S17,危险报警综合,危险报警,危险报警,simulated,SIMULATED-EXCAVAGUARD-V1,TRUE,
ZQS-13,2026-09-10,wall_top_horizontal_displacement,27.119,mm,positive,0.0,26.441,24,S17,危险报警综合,危险报警,危险报警,simulated,SIMULATED-EXCAVAGUARD-V1,TRUE,
ZQS-13,2026-09-11,wall_top_horizontal_displacement,27.797,mm,positive,0.0,27.119,24,S17,危险报警综合,危险报警,危险报警,simulated,SIMULATED-EXCAVAGUARD-V1,TRUE,
ZQS-13,2026-09-12,wall_top_horizontal_displacement,28.475,mm,positive,0.0,27.797,24,S17,危险报警综合,危险报警,危险报警,simulated,SIMULATED-EXCAVAGUARD-V1,TRUE,
ZQS-13,2026-09-13,wall_top_horizontal_displacement,29.153,mm,positive,0.0,28.475,24,S17,危险报警综合,危险报警,危险报警,simulated,SIMULATED-EXCAVAGUARD-V1,TRUE,
ZQS-13,2026-09-14,wall_top_horizontal_displacement,29.831,mm,positive,0.0,29.153,24,S17,危险报警综合,危险报警,危险报警,simulated,SIMULATED-EXCAVAGUARD-V1,TRUE,
ZQS-13,2026-09-15,wall_top_horizontal_displacement,30.508,mm,positive,0.0,29.831,24,S17,危险报警综合,危险报警,危险报警,simulated,SIMULATED-EXCAVAGUARD-V1,TRUE,
ZQS-13,2026-09-16,wall_top_horizontal_displacement,31.186,mm,positive,0.0,30.508,24,S17,危险报警综合,危险报警,危险报警,simulated,SIMULATED-EXCAVAGUARD-V1,TRUE,
ZQS-13,2026-09-17,wall_top_horizontal_displacement,31.864,mm,positive,0.0,31.186,24,S17,危险报警综合,危险报警,危险报警,simulated,SIMULATED-EXCAVAGUARD-V1,TRUE,
ZQS-13,2026-09-18,wall_top_horizontal_displacement,32.542,mm,positive,0.0,31.864,24,S17,危险报警综合,危险报警,危险报警,simulated,SIMULATED-EXCAVAGUARD-V1,TRUE,
ZQS-13,2026-09-19,wall_top_horizontal_displacement,33.22,mm,positive,0.0,32.542,24,S17,危险报警综合,危险报警,危险报警,simulated,SIMULATED-EXCAVAGUARD-V1,TRUE,
ZQS-13,2026-09-20,wall_top_horizontal_displacement,33.898,mm,positive,0.0,33.22,24,S17,危险报警综合,危险报警,危险报警,simulated,SIMULATED-EXCAVAGUARD-V1,TRUE,
ZQS-13,2026-09-21,wall_top_horizontal_displacement,34.576,mm,positive,0.0,33.898,24,S17,危险报警综合,危险报警,危险报警,simulated,SIMULATED-EXCAVAGUARD-V1,TRUE,
ZQS-13,2026-09-22,wall_top_horizontal_displacement,35.254,mm,positive,0.0,34.576,24,S17,危险报警综合,危险报警,危险报警,simulated,SIMULATED-EXCAVAGUARD-V1,TRUE,
ZQS-13,2026-09-23,wall_top_horizontal_displacement,35.932,mm,positive,0.0,35.254,24,S17,危险报警综合,危险报警,危险报警,simulated,SIMULATED-EXCAVAGUARD-V1,TRUE,
ZQS-13,2026-09-24,wall_top_horizontal_displacement,36.61,mm,positive,0.0,35.932,24,S17,危险报警综合,危险报警,危险报警,simulated,SIMULATED-EXCAVAGUARD-V1,TRUE,
ZQS-13,2026-09-25,wall_top_horizontal_displacement,37.288,mm,positive,0.0,36.61,24,S17,危险报警综合,危险报警,危险报警,simulated,SIMULATED-EXCAVAGUARD-V1,TRUE,
ZQS-13,2026-09-26,wall_top_horizontal_displacement,37.966,mm,positive,0.0,37.288,24,S17,危险报警综合,危险报警,危险报警,simulated,SIMULATED-EXCAVAGUARD-V1,TRUE,
ZQS-13,2026-09-27,wall_top_horizontal_displacement,38.644,mm,positive,0.0,37.966,24,S17,危险报警综合,危险报警,危险报警,simulated,SIMULATED-EXCAVAGUARD-V1,TRUE,
ZQS-13,2026-09-28,wall_top_horizontal_displacement,39.322,mm,positive,0.0,38.644,24,S17,危险报警综合,危险报警,危险报警,simulated,SIMULATED-EXCAVAGUARD-V1,TRUE,
ZQS-13,2026-09-29,wall_top_horizontal_displacement,40.0,mm,positive,0.0,39.322,24,S17,危险报警综合,危险报警,危险报警,simulated,SIMULATED-EXCAVAGUARD-V1,TRUE,
SW-02,2026-08-01,groundwater_level,-0.0,mm,negative,-0.0,,,S17,危险报警综合,危险报警,危险报警,simulated,SIMULATED-EXCAVAGUARD-V1,TRUE,
SW-02,2026-08-02,groundwater_level,-22.034,mm,negative,-0.0,-0.0,24,S17,危险报警综合,危险报警,危险报警,simulated,SIMULATED-EXCAVAGUARD-V1,TRUE,
SW-02,2026-08-03,groundwater_level,-44.068,mm,negative,-0.0,-22.034,24,S17,危险报警综合,危险报警,危险报警,simulated,SIMULATED-EXCAVAGUARD-V1,TRUE,
SW-02,2026-08-04,groundwater_level,-66.102,mm,negative,-0.0,-44.068,24,S17,危险报警综合,危险报警,危险报警,simulated,SIMULATED-EXCAVAGUARD-V1,TRUE,
SW-02,2026-08-05,groundwater_level,-88.136,mm,negative,-0.0,-66.102,24,S17,危险报警综合,危险报警,危险报警,simulated,SIMULATED-EXCAVAGUARD-V1,TRUE,
SW-02,2026-08-06,groundwater_level,-110.169,mm,negative,-0.0,-88.136,24,S17,危险报警综合,危险报警,危险报警,simulated,SIMULATED-EXCAVAGUARD-V1,TRUE,
SW-02,2026-08-07,groundwater_level,-132.203,mm,negative,-0.0,-110.169,24,S17,危险报警综合,危险报警,危险报警,simulated,SIMULATED-EXCAVAGUARD-V1,TRUE,
SW-02,2026-08-08,groundwater_level,-154.237,mm,negative,-0.0,-132.203,24,S17,危险报警综合,危险报警,危险报警,simulated,SIMULATED-EXCAVAGUARD-V1,TRUE,
SW-02,2026-08-09,groundwater_level,-176.271,mm,negative,-0.0,-154.237,24,S17,危险报警综合,危险报警,危险报警,simulated,SIMULATED-EXCAVAGUARD-V1,TRUE,
SW-02,2026-08-10,groundwater_level,-198.305,mm,negative,-0.0,-176.271,24,S17,危险报警综合,危险报警,危险报警,simulated,SIMULATED-EXCAVAGUARD-V1,TRUE,
SW-02,2026-08-11,groundwater_level,-220.339,mm,negative,-0.0,-198.305,24,S17,危险报警综合,危险报警,危险报警,simulated,SIMULATED-EXCAVAGUARD-V1,TRUE,
SW-02,2026-08-12,groundwater_level,-242.373,mm,negative,-0.0,-220.339,24,S17,危险报警综合,危险报警,危险报警,simulated,SIMULATED-EXCAVAGUARD-V1,TRUE,
SW-02,2026-08-13,groundwater_level,-264.407,mm,negative,-0.0,-242.373,24,S17,危险报警综合,危险报警,危险报警,simulated,SIMULATED-EXCAVAGUARD-V1,TRUE,
SW-02,2026-08-14,groundwater_level,-286.441,mm,negative,-0.0,-264.407,24,S17,危险报警综合,危险报警,危险报警,simulated,SIMULATED-EXCAVAGUARD-V1,TRUE,
SW-02,2026-08-15,groundwater_level,-308.475,mm,negative,-0.0,-286.441,24,S17,危险报警综合,危险报警,危险报警,simulated,SIMULATED-EXCAVAGUARD-V1,TRUE,
SW-02,2026-08-16,groundwater_level,-330.508,mm,negative,-0.0,-308.475,24,S17,危险报警综合,危险报警,危险报警,simulated,SIMULATED-EXCAVAGUARD-V1,TRUE,
SW-02,2026-08-17,groundwater_level,-352.542,mm,negative,-0.0,-330.508,24,S17,危险报警综合,危险报警,危险报警,simulated,SIMULATED-EXCAVAGUARD-V1,TRUE,
SW-02,2026-08-18,groundwater_level,-374.576,mm,negative,-0.0,-352.542,24,S17,危险报警综合,危险报警,危险报警,simulated,SIMULATED-EXCAVAGUARD-V1,TRUE,
SW-02,2026-08-19,groundwater_level,-396.61,mm,negative,-0.0,-374.576,24,S17,危险报警综合,危险报警,危险报警,simulated,SIMULATED-EXCAVAGUARD-V1,TRUE,
SW-02,2026-08-20,groundwater_level,-418.644,mm,negative,-0.0,-396.61,24,S17,危险报警综合,危险报警,危险报警,simulated,SIMULATED-EXCAVAGUARD-V1,TRUE,
SW-02,2026-08-21,groundwater_level,-440.678,mm,negative,-0.0,-418.644,24,S17,危险报警综合,危险报警,危险报警,simulated,SIMULATED-EXCAVAGUARD-V1,TRUE,
SW-02,2026-08-22,groundwater_level,-462.712,mm,negative,-0.0,-440.678,24,S17,危险报警综合,危险报警,危险报警,simulated,SIMULATED-EXCAVAGUARD-V1,TRUE,
SW-02,2026-08-23,groundwater_level,-484.746,mm,negative,-0.0,-462.712,24,S17,危险报警综合,危险报警,危险报警,simulated,SIMULATED-EXCAVAGUARD-V1,TRUE,
SW-02,2026-08-24,groundwater_level,-506.78,mm,negative,-0.0,-484.746,24,S17,危险报警综合,危险报警,危险报警,simulated,SIMULATED-EXCAVAGUARD-V1,TRUE,
SW-02,2026-08-25,groundwater_level,-528.814,mm,negative,-0.0,-506.78,24,S17,危险报警综合,危险报警,危险报警,simulated,SIMULATED-EXCAVAGUARD-V1,TRUE,
SW-02,2026-08-26,groundwater_level,-550.847,mm,negative,-0.0,-528.814,24,S17,危险报警综合,危险报警,危险报警,simulated,SIMULATED-EXCAVAGUARD-V1,TRUE,
SW-02,2026-08-27,groundwater_level,-572.881,mm,negative,-0.0,-550.847,24,S17,危险报警综合,危险报警,危险报警,simulated,SIMULATED-EXCAVAGUARD-V1,TRUE,
SW-02,2026-08-28,groundwater_level,-594.915,mm,negative,-0.0,-572.881,24,S17,危险报警综合,危险报警,危险报警,simulated,SIMULATED-EXCAVAGUARD-V1,TRUE,
SW-02,2026-08-29,groundwater_level,-616.949,mm,negative,-0.0,-594.915,24,S17,危险报警综合,危险报警,危险报警,simulated,SIMULATED-EXCAVAGUARD-V1,TRUE,
SW-02,2026-08-30,groundwater_level,-638.983,mm,negative,-0.0,-616.949,24,S17,危险报警综合,危险报警,危险报警,simulated,SIMULATED-EXCAVAGUARD-V1,TRUE,
SW-02,2026-08-31,groundwater_level,-661.017,mm,negative,-0.0,-638.983,24,S17,危险报警综合,危险报警,危险报警,simulated,SIMULATED-EXCAVAGUARD-V1,TRUE,
SW-02,2026-09-01,groundwater_level,-683.051,mm,negative,-0.0,-661.017,24,S17,危险报警综合,危险报警,危险报警,simulated,SIMULATED-EXCAVAGUARD-V1,TRUE,
SW-02,2026-09-02,groundwater_level,-705.085,mm,negative,-0.0,-683.051,24,S17,危险报警综合,危险报警,危险报警,simulated,SIMULATED-EXCAVAGUARD-V1,TRUE,
SW-02,2026-09-03,groundwater_level,-727.119,mm,negative,-0.0,-705.085,24,S17,危险报警综合,危险报警,危险报警,simulated,SIMULATED-EXCAVAGUARD-V1,TRUE,
SW-02,2026-09-04,groundwater_level,-749.153,mm,negative,-0.0,-727.119,24,S17,危险报警综合,危险报警,危险报警,simulated,SIMULATED-EXCAVAGUARD-V1,TRUE,
SW-02,2026-09-05,groundwater_level,-771.186,mm,negative,-0.0,-749.153,24,S17,危险报警综合,危险报警,危险报警,simulated,SIMULATED-EXCAVAGUARD-V1,TRUE,
SW-02,2026-09-06,groundwater_level,-793.22,mm,negative,-0.0,-771.186,24,S17,危险报警综合,危险报警,危险报警,simulated,SIMULATED-EXCAVAGUARD-V1,TRUE,
SW-02,2026-09-07,groundwater_level,-815.254,mm,negative,-0.0,-793.22,24,S17,危险报警综合,危险报警,危险报警,simulated,SIMULATED-EXCAVAGUARD-V1,TRUE,
SW-02,2026-09-08,groundwater_level,-837.288,mm,negative,-0.0,-815.254,24,S17,危险报警综合,危险报警,危险报警,simulated,SIMULATED-EXCAVAGUARD-V1,TRUE,
SW-02,2026-09-09,groundwater_level,-859.322,mm,negative,-0.0,-837.288,24,S17,危险报警综合,危险报警,危险报警,simulated,SIMULATED-EXCAVAGUARD-V1,TRUE,
SW-02,2026-09-10,groundwater_level,-881.356,mm,negative,-0.0,-859.322,24,S17,危险报警综合,危险报警,危险报警,simulated,SIMULATED-EXCAVAGUARD-V1,TRUE,
SW-02,2026-09-11,groundwater_level,-903.39,mm,negative,-0.0,-881.356,24,S17,危险报警综合,危险报警,危险报警,simulated,SIMULATED-EXCAVAGUARD-V1,TRUE,
SW-02,2026-09-12,groundwater_level,-925.424,mm,negative,-0.0,-903.39,24,S17,危险报警综合,危险报警,危险报警,simulated,SIMULATED-EXCAVAGUARD-V1,TRUE,
SW-02,2026-09-13,groundwater_level,-947.458,mm,negative,-0.0,-925.424,24,S17,危险报警综合,危险报警,危险报警,simulated,SIMULATED-EXCAVAGUARD-V1,TRUE,
SW-02,2026-09-14,groundwater_level,-969.492,mm,negative,-0.0,-947.458,24,S17,危险报警综合,危险报警,危险报警,simulated,SIMULATED-EXCAVAGUARD-V1,TRUE,
SW-02,2026-09-15,groundwater_level,-991.525,mm,negative,-0.0,-969.492,24,S17,危险报警综合,危险报警,危险报警,simulated,SIMULATED-EXCAVAGUARD-V1,TRUE,
SW-02,2026-09-16,groundwater_level,-1013.559,mm,negative,-0.0,-991.525,24,S17,危险报警综合,危险报警,危险报警,simulated,SIMULATED-EXCAVAGUARD-V1,TRUE,
SW-02,2026-09-17,groundwater_level,-1035.593,mm,negative,-0.0,-1013.559,24,S17,危险报警综合,危险报警,危险报警,simulated,SIMULATED-EXCAVAGUARD-V1,TRUE,
SW-02,2026-09-18,groundwater_level,-1057.627,mm,negative,-0.0,-1035.593,24,S17,危险报警综合,危险报警,危险报警,simulated,SIMULATED-EXCAVAGUARD-V1,TRUE,
SW-02,2026-09-19,groundwater_level,-1079.661,mm,negative,-0.0,-1057.627,24,S17,危险报警综合,危险报警,危险报警,simulated,SIMULATED-EXCAVAGUARD-V1,TRUE,
SW-02,2026-09-20,groundwater_level,-1101.695,mm,negative,-0.0,-1079.661,24,S17,危险报警综合,危险报警,危险报警,simulated,SIMULATED-EXCAVAGUARD-V1,TRUE,
SW-02,2026-09-21,groundwater_level,-1123.729,mm,negative,-0.0,-1101.695,24,S17,危险报警综合,危险报警,危险报警,simulated,SIMULATED-EXCAVAGUARD-V1,TRUE,
SW-02,2026-09-22,groundwater_level,-1145.763,mm,negative,-0.0,-1123.729,24,S17,危险报警综合,危险报警,危险报警,simulated,SIMULATED-EXCAVAGUARD-V1,TRUE,
SW-02,2026-09-23,groundwater_level,-1167.797,mm,negative,-0.0,-1145.763,24,S17,危险报警综合,危险报警,危险报警,simulated,SIMULATED-EXCAVAGUARD-V1,TRUE,
SW-02,2026-09-24,groundwater_level,-1189.831,mm,negative,-0.0,-1167.797,24,S17,危险报警综合,危险报警,危险报警,simulated,SIMULATED-EXCAVAGUARD-V1,TRUE,
SW-02,2026-09-25,groundwater_level,-1211.864,mm,negative,-0.0,-1189.831,24,S17,危险报警综合,危险报警,危险报警,simulated,SIMULATED-EXCAVAGUARD-V1,TRUE,
SW-02,2026-09-26,groundwater_level,-1233.898,mm,negative,-0.0,-1211.864,24,S17,危险报警综合,危险报警,危险报警,simulated,SIMULATED-EXCAVAGUARD-V1,TRUE,
SW-02,2026-09-27,groundwater_level,-1255.932,mm,negative,-0.0,-1233.898,24,S17,危险报警综合,危险报警,危险报警,simulated,SIMULATED-EXCAVAGUARD-V1,TRUE,
SW-02,2026-09-28,groundwater_level,-1277.966,mm,negative,-0.0,-1255.932,24,S17,危险报警综合,危险报警,危险报警,simulated,SIMULATED-EXCAVAGUARD-V1,TRUE,
SW-02,2026-09-29,groundwater_level,-1300.0,mm,negative,-0.0,-1277.966,24,S17,危险报警综合,危险报警,危险报警,simulated,SIMULATED-EXCAVAGUARD-V1,TRUE,
DB-06,2026-08-01,surface_settlement,-0.0,mm,negative,-0.0,,,S17,危险报警综合,危险报警,危险报警,simulated,SIMULATED-EXCAVAGUARD-V1,TRUE,
DB-06,2026-08-02,surface_settlement,-0.542,mm,negative,-0.0,-0.0,24,S17,危险报警综合,危险报警,危险报警,simulated,SIMULATED-EXCAVAGUARD-V1,TRUE,
DB-06,2026-08-03,surface_settlement,-1.085,mm,negative,-0.0,-0.542,24,S17,危险报警综合,危险报警,危险报警,simulated,SIMULATED-EXCAVAGUARD-V1,TRUE,
DB-06,2026-08-04,surface_settlement,-1.627,mm,negative,-0.0,-1.085,24,S17,危险报警综合,危险报警,危险报警,simulated,SIMULATED-EXCAVAGUARD-V1,TRUE,
DB-06,2026-08-05,surface_settlement,-2.169,mm,negative,-0.0,-1.627,24,S17,危险报警综合,危险报警,危险报警,simulated,SIMULATED-EXCAVAGUARD-V1,TRUE,
DB-06,2026-08-06,surface_settlement,-2.712,mm,negative,-0.0,-2.169,24,S17,危险报警综合,危险报警,危险报警,simulated,SIMULATED-EXCAVAGUARD-V1,TRUE,
DB-06,2026-08-07,surface_settlement,-3.254,mm,negative,-0.0,-2.712,24,S17,危险报警综合,危险报警,危险报警,simulated,SIMULATED-EXCAVAGUARD-V1,TRUE,
DB-06,2026-08-08,surface_settlement,-3.797,mm,negative,-0.0,-3.254,24,S17,危险报警综合,危险报警,危险报警,simulated,SIMULATED-EXCAVAGUARD-V1,TRUE,
DB-06,2026-08-09,surface_settlement,-4.339,mm,negative,-0.0,-3.797,24,S17,危险报警综合,危险报警,危险报警,simulated,SIMULATED-EXCAVAGUARD-V1,TRUE,
DB-06,2026-08-10,surface_settlement,-4.881,mm,negative,-0.0,-4.339,24,S17,危险报警综合,危险报警,危险报警,simulated,SIMULATED-EXCAVAGUARD-V1,TRUE,
DB-06,2026-08-11,surface_settlement,-5.424,mm,negative,-0.0,-4.881,24,S17,危险报警综合,危险报警,危险报警,simulated,SIMULATED-EXCAVAGUARD-V1,TRUE,
DB-06,2026-08-12,surface_settlement,-5.966,mm,negative,-0.0,-5.424,24,S17,危险报警综合,危险报警,危险报警,simulated,SIMULATED-EXCAVAGUARD-V1,TRUE,
DB-06,2026-08-13,surface_settlement,-6.508,mm,negative,-0.0,-5.966,24,S17,危险报警综合,危险报警,危险报警,simulated,SIMULATED-EXCAVAGUARD-V1,TRUE,
DB-06,2026-08-14,surface_settlement,-7.051,mm,negative,-0.0,-6.508,24,S17,危险报警综合,危险报警,危险报警,simulated,SIMULATED-EXCAVAGUARD-V1,TRUE,
DB-06,2026-08-15,surface_settlement,-7.593,mm,negative,-0.0,-7.051,24,S17,危险报警综合,危险报警,危险报警,simulated,SIMULATED-EXCAVAGUARD-V1,TRUE,
DB-06,2026-08-16,surface_settlement,-8.136,mm,negative,-0.0,-7.593,24,S17,危险报警综合,危险报警,危险报警,simulated,SIMULATED-EXCAVAGUARD-V1,TRUE,
DB-06,2026-08-17,surface_settlement,-8.678,mm,negative,-0.0,-8.136,24,S17,危险报警综合,危险报警,危险报警,simulated,SIMULATED-EXCAVAGUARD-V1,TRUE,
DB-06,2026-08-18,surface_settlement,-9.22,mm,negative,-0.0,-8.678,24,S17,危险报警综合,危险报警,危险报警,simulated,SIMULATED-EXCAVAGUARD-V1,TRUE,
DB-06,2026-08-19,surface_settlement,-9.763,mm,negative,-0.0,-9.22,24,S17,危险报警综合,危险报警,危险报警,simulated,SIMULATED-EXCAVAGUARD-V1,TRUE,
DB-06,2026-08-20,surface_settlement,-10.305,mm,negative,-0.0,-9.763,24,S17,危险报警综合,危险报警,危险报警,simulated,SIMULATED-EXCAVAGUARD-V1,TRUE,
DB-06,2026-08-21,surface_settlement,-10.847,mm,negative,-0.0,-10.305,24,S17,危险报警综合,危险报警,危险报警,simulated,SIMULATED-EXCAVAGUARD-V1,TRUE,
DB-06,2026-08-22,surface_settlement,-11.39,mm,negative,-0.0,-10.847,24,S17,危险报警综合,危险报警,危险报警,simulated,SIMULATED-EXCAVAGUARD-V1,TRUE,
DB-06,2026-08-23,surface_settlement,-11.932,mm,negative,-0.0,-11.39,24,S17,危险报警综合,危险报警,危险报警,simulated,SIMULATED-EXCAVAGUARD-V1,TRUE,
DB-06,2026-08-24,surface_settlement,-12.475,mm,negative,-0.0,-11.932,24,S17,危险报警综合,危险报警,危险报警,simulated,SIMULATED-EXCAVAGUARD-V1,TRUE,
DB-06,2026-08-25,surface_settlement,-13.017,mm,negative,-0.0,-12.475,24,S17,危险报警综合,危险报警,危险报警,simulated,SIMULATED-EXCAVAGUARD-V1,TRUE,
DB-06,2026-08-26,surface_settlement,-13.559,mm,negative,-0.0,-13.017,24,S17,危险报警综合,危险报警,危险报警,simulated,SIMULATED-EXCAVAGUARD-V1,TRUE,
DB-06,2026-08-27,surface_settlement,-14.102,mm,negative,-0.0,-13.559,24,S17,危险报警综合,危险报警,危险报警,simulated,SIMULATED-EXCAVAGUARD-V1,TRUE,
DB-06,2026-08-28,surface_settlement,-14.644,mm,negative,-0.0,-14.102,24,S17,危险报警综合,危险报警,危险报警,simulated,SIMULATED-EXCAVAGUARD-V1,TRUE,
DB-06,2026-08-29,surface_settlement,-15.186,mm,negative,-0.0,-14.644,24,S17,危险报警综合,危险报警,危险报警,simulated,SIMULATED-EXCAVAGUARD-V1,TRUE,
DB-06,2026-08-30,surface_settlement,-15.729,mm,negative,-0.0,-15.186,24,S17,危险报警综合,危险报警,危险报警,simulated,SIMULATED-EXCAVAGUARD-V1,TRUE,
DB-06,2026-08-31,surface_settlement,-16.271,mm,negative,-0.0,-15.729,24,S17,危险报警综合,危险报警,危险报警,simulated,SIMULATED-EXCAVAGUARD-V1,TRUE,
DB-06,2026-09-01,surface_settlement,-16.814,mm,negative,-0.0,-16.271,24,S17,危险报警综合,危险报警,危险报警,simulated,SIMULATED-EXCAVAGUARD-V1,TRUE,
DB-06,2026-09-02,surface_settlement,-17.356,mm,negative,-0.0,-16.814,24,S17,危险报警综合,危险报警,危险报警,simulated,SIMULATED-EXCAVAGUARD-V1,TRUE,
DB-06,2026-09-03,surface_settlement,-17.898,mm,negative,-0.0,-17.356,24,S17,危险报警综合,危险报警,危险报警,simulated,SIMULATED-EXCAVAGUARD-V1,TRUE,
DB-06,2026-09-04,surface_settlement,-18.441,mm,negative,-0.0,-17.898,24,S17,危险报警综合,危险报警,危险报警,simulated,SIMULATED-EXCAVAGUARD-V1,TRUE,
DB-06,2026-09-05,surface_settlement,-18.983,mm,negative,-0.0,-18.441,24,S17,危险报警综合,危险报警,危险报警,simulated,SIMULATED-EXCAVAGUARD-V1,TRUE,
DB-06,2026-09-06,surface_settlement,-19.525,mm,negative,-0.0,-18.983,24,S17,危险报警综合,危险报警,危险报警,simulated,SIMULATED-EXCAVAGUARD-V1,TRUE,
DB-06,2026-09-07,surface_settlement,-20.068,mm,negative,-0.0,-19.525,24,S17,危险报警综合,危险报警,危险报警,simulated,SIMULATED-EXCAVAGUARD-V1,TRUE,
DB-06,2026-09-08,surface_settlement,-20.61,mm,negative,-0.0,-20.068,24,S17,危险报警综合,危险报警,危险报警,simulated,SIMULATED-EXCAVAGUARD-V1,TRUE,
DB-06,2026-09-09,surface_settlement,-21.153,mm,negative,-0.0,-20.61,24,S17,危险报警综合,危险报警,危险报警,simulated,SIMULATED-EXCAVAGUARD-V1,TRUE,
DB-06,2026-09-10,surface_settlement,-21.695,mm,negative,-0.0,-21.153,24,S17,危险报警综合,危险报警,危险报警,simulated,SIMULATED-EXCAVAGUARD-V1,TRUE,
DB-06,2026-09-11,surface_settlement,-22.237,mm,negative,-0.0,-21.695,24,S17,危险报警综合,危险报警,危险报警,simulated,SIMULATED-EXCAVAGUARD-V1,TRUE,
DB-06,2026-09-12,surface_settlement,-22.78,mm,negative,-0.0,-22.237,24,S17,危险报警综合,危险报警,危险报警,simulated,SIMULATED-EXCAVAGUARD-V1,TRUE,
DB-06,2026-09-13,surface_settlement,-23.322,mm,negative,-0.0,-22.78,24,S17,危险报警综合,危险报警,危险报警,simulated,SIMULATED-EXCAVAGUARD-V1,TRUE,
DB-06,2026-09-14,surface_settlement,-23.864,mm,negative,-0.0,-23.322,24,S17,危险报警综合,危险报警,危险报警,simulated,SIMULATED-EXCAVAGUARD-V1,TRUE,
DB-06,2026-09-15,surface_settlement,-24.407,mm,negative,-0.0,-23.864,24,S17,危险报警综合,危险报警,危险报警,simulated,SIMULATED-EXCAVAGUARD-V1,TRUE,
DB-06,2026-09-16,surface_settlement,-24.949,mm,negative,-0.0,-24.407,24,S17,危险报警综合,危险报警,危险报警,simulated,SIMULATED-EXCAVAGUARD-V1,TRUE,
DB-06,2026-09-17,surface_settlement,-25.492,mm,negative,-0.0,-24.949,24,S17,危险报警综合,危险报警,危险报警,simulated,SIMULATED-EXCAVAGUARD-V1,TRUE,
DB-06,2026-09-18,surface_settlement,-26.034,mm,negative,-0.0,-25.492,24,S17,危险报警综合,危险报警,危险报警,simulated,SIMULATED-EXCAVAGUARD-V1,TRUE,
DB-06,2026-09-19,surface_settlement,-26.576,mm,negative,-0.0,-26.034,24,S17,危险报警综合,危险报警,危险报警,simulated,SIMULATED-EXCAVAGUARD-V1,TRUE,
DB-06,2026-09-20,surface_settlement,-27.119,mm,negative,-0.0,-26.576,24,S17,危险报警综合,危险报警,危险报警,simulated,SIMULATED-EXCAVAGUARD-V1,TRUE,
DB-06,2026-09-21,surface_settlement,-27.661,mm,negative,-0.0,-27.119,24,S17,危险报警综合,危险报警,危险报警,simulated,SIMULATED-EXCAVAGUARD-V1,TRUE,
DB-06,2026-09-22,surface_settlement,-28.203,mm,negative,-0.0,-27.661,24,S17,危险报警综合,危险报警,危险报警,simulated,SIMULATED-EXCAVAGUARD-V1,TRUE,
DB-06,2026-09-23,surface_settlement,-28.746,mm,negative,-0.0,-28.203,24,S17,危险报警综合,危险报警,危险报警,simulated,SIMULATED-EXCAVAGUARD-V1,TRUE,
DB-06,2026-09-24,surface_settlement,-29.288,mm,negative,-0.0,-28.746,24,S17,危险报警综合,危险报警,危险报警,simulated,SIMULATED-EXCAVAGUARD-V1,TRUE,
DB-06,2026-09-25,surface_settlement,-29.831,mm,negative,-0.0,-29.288,24,S17,危险报警综合,危险报警,危险报警,simulated,SIMULATED-EXCAVAGUARD-V1,TRUE,
DB-06,2026-09-26,surface_settlement,-30.373,mm,negative,-0.0,-29.831,24,S17,危险报警综合,危险报警,危险报警,simulated,SIMULATED-EXCAVAGUARD-V1,TRUE,
DB-06,2026-09-27,surface_settlement,-30.915,mm,negative,-0.0,-30.373,24,S17,危险报警综合,危险报警,危险报警,simulated,SIMULATED-EXCAVAGUARD-V1,TRUE,
DB-06,2026-09-28,surface_settlement,-31.458,mm,negative,-0.0,-30.915,24,S17,危险报警综合,危险报警,危险报警,simulated,SIMULATED-EXCAVAGUARD-V1,TRUE,
DB-06,2026-09-29,surface_settlement,-32.0,mm,negative,-0.0,-31.458,24,S17,危险报警综合,危险报警,危险报警,simulated,SIMULATED-EXCAVAGUARD-V1,TRUE,
ZL-05,2026-08-01,support_axial_force,0.0,kN,positive,0.0,,,S17,危险报警综合,危险报警,危险报警,simulated,SIMULATED-EXCAVAGUARD-V1,TRUE,
ZL-05,2026-08-02,support_axial_force,42.152,kN,positive,0.0,0.0,24,S17,危险报警综合,危险报警,危险报警,simulated,SIMULATED-EXCAVAGUARD-V1,TRUE,
ZL-05,2026-08-03,support_axial_force,82.025,kN,positive,0.0,42.152,24,S17,危险报警综合,危险报警,危险报警,simulated,SIMULATED-EXCAVAGUARD-V1,TRUE,
ZL-05,2026-08-04,support_axial_force,119.744,kN,positive,0.0,82.025,24,S17,危险报警综合,危险报警,危险报警,simulated,SIMULATED-EXCAVAGUARD-V1,TRUE,
ZL-05,2026-08-05,support_axial_force,155.425,kN,positive,0.0,119.744,24,S17,危险报警综合,危险报警,危险报警,simulated,SIMULATED-EXCAVAGUARD-V1,TRUE,
ZL-05,2026-08-06,support_axial_force,189.177,kN,positive,0.0,155.425,24,S17,危险报警综合,危险报警,危险报警,simulated,SIMULATED-EXCAVAGUARD-V1,TRUE,
ZL-05,2026-08-07,support_axial_force,221.106,kN,positive,0.0,189.177,24,S17,危险报警综合,危险报警,危险报警,simulated,SIMULATED-EXCAVAGUARD-V1,TRUE,
ZL-05,2026-08-08,support_axial_force,251.309,kN,positive,0.0,221.106,24,S17,危险报警综合,危险报警,危险报警,simulated,SIMULATED-EXCAVAGUARD-V1,TRUE,
ZL-05,2026-08-09,support_axial_force,279.879,kN,positive,0.0,251.309,24,S17,危险报警综合,危险报警,危险报警,simulated,SIMULATED-EXCAVAGUARD-V1,TRUE,
ZL-05,2026-08-10,support_axial_force,306.906,kN,positive,0.0,279.879,24,S17,危险报警综合,危险报警,危险报警,simulated,SIMULATED-EXCAVAGUARD-V1,TRUE,
ZL-05,2026-08-11,support_axial_force,332.472,kN,positive,0.0,306.906,24,S17,危险报警综合,危险报警,危险报警,simulated,SIMULATED-EXCAVAGUARD-V1,TRUE,
ZL-05,2026-08-12,support_axial_force,356.657,kN,positive,0.0,332.472,24,S17,危险报警综合,危险报警,危险报警,simulated,SIMULATED-EXCAVAGUARD-V1,TRUE,
ZL-05,2026-08-13,support_axial_force,379.535,kN,positive,0.0,356.657,24,S17,危险报警综合,危险报警,危险报警,simulated,SIMULATED-EXCAVAGUARD-V1,TRUE,
ZL-05,2026-08-14,support_axial_force,401.176,kN,positive,0.0,379.535,24,S17,危险报警综合,危险报警,危险报警,simulated,SIMULATED-EXCAVAGUARD-V1,TRUE,
ZL-05,2026-08-15,support_axial_force,421.648,kN,positive,0.0,401.176,24,S17,危险报警综合,危险报警,危险报警,simulated,SIMULATED-EXCAVAGUARD-V1,TRUE,
ZL-05,2026-08-16,support_axial_force,441.013,kN,positive,0.0,421.648,24,S17,危险报警综合,危险报警,危险报警,simulated,SIMULATED-EXCAVAGUARD-V1,TRUE,
ZL-05,2026-08-17,support_axial_force,459.332,kN,positive,0.0,441.013,24,S17,危险报警综合,危险报警,危险报警,simulated,SIMULATED-EXCAVAGUARD-V1,TRUE,
ZL-05,2026-08-18,support_axial_force,476.661,kN,positive,0.0,459.332,24,S17,危险报警综合,危险报警,危险报警,simulated,SIMULATED-EXCAVAGUARD-V1,TRUE,
ZL-05,2026-08-19,support_axial_force,493.054,kN,positive,0.0,476.661,24,S17,危险报警综合,危险报警,危险报警,simulated,SIMULATED-EXCAVAGUARD-V1,TRUE,
ZL-05,2026-08-20,support_axial_force,508.561,kN,positive,0.0,493.054,24,S17,危险报警综合,危险报警,危险报警,simulated,SIMULATED-EXCAVAGUARD-V1,TRUE,
ZL-05,2026-08-21,support_axial_force,523.229,kN,positive,0.0,508.561,24,S17,危险报警综合,危险报警,危险报警,simulated,SIMULATED-EXCAVAGUARD-V1,TRUE,
ZL-05,2026-08-22,support_axial_force,537.105,kN,positive,0.0,523.229,24,S17,危险报警综合,危险报警,危险报警,simulated,SIMULATED-EXCAVAGUARD-V1,TRUE,
ZL-05,2026-08-23,support_axial_force,550.232,kN,positive,0.0,537.105,24,S17,危险报警综合,危险报警,危险报警,simulated,SIMULATED-EXCAVAGUARD-V1,TRUE,
ZL-05,2026-08-24,support_axial_force,562.648,kN,positive,0.0,550.232,24,S17,危险报警综合,危险报警,危险报警,simulated,SIMULATED-EXCAVAGUARD-V1,TRUE,
ZL-05,2026-08-25,support_axial_force,574.394,kN,positive,0.0,562.648,24,S17,危险报警综合,危险报警,危险报警,simulated,SIMULATED-EXCAVAGUARD-V1,TRUE,
ZL-05,2026-08-26,support_axial_force,585.505,kN,positive,0.0,574.394,24,S17,危险报警综合,危险报警,危险报警,simulated,SIMULATED-EXCAVAGUARD-V1,TRUE,
ZL-05,2026-08-27,support_axial_force,596.016,kN,positive,0.0,585.505,24,S17,危险报警综合,危险报警,危险报警,simulated,SIMULATED-EXCAVAGUARD-V1,TRUE,
ZL-05,2026-08-28,support_axial_force,605.958,kN,positive,0.0,596.016,24,S17,危险报警综合,危险报警,危险报警,simulated,SIMULATED-EXCAVAGUARD-V1,TRUE,
ZL-05,2026-08-29,support_axial_force,615.364,kN,positive,0.0,605.958,24,S17,危险报警综合,危险报警,危险报警,simulated,SIMULATED-EXCAVAGUARD-V1,TRUE,
ZL-05,2026-08-30,support_axial_force,624.261,kN,positive,0.0,615.364,24,S17,危险报警综合,危险报警,危险报警,simulated,SIMULATED-EXCAVAGUARD-V1,TRUE,
ZL-05,2026-08-31,support_axial_force,632.677,kN,positive,0.0,624.261,24,S17,危险报警综合,危险报警,危险报警,simulated,SIMULATED-EXCAVAGUARD-V1,TRUE,
ZL-05,2026-09-01,support_axial_force,640.638,kN,positive,0.0,632.677,24,S17,危险报警综合,危险报警,危险报警,simulated,SIMULATED-EXCAVAGUARD-V1,TRUE,
ZL-05,2026-09-02,support_axial_force,648.17,kN,positive,0.0,640.638,24,S17,危险报警综合,危险报警,危险报警,simulated,SIMULATED-EXCAVAGUARD-V1,TRUE,
ZL-05,2026-09-03,support_axial_force,655.294,kN,positive,0.0,648.17,24,S17,危险报警综合,危险报警,危险报警,simulated,SIMULATED-EXCAVAGUARD-V1,TRUE,
ZL-05,2026-09-04,support_axial_force,662.033,kN,positive,0.0,655.294,24,S17,危险报警综合,危险报警,危险报警,simulated,SIMULATED-EXCAVAGUARD-V1,TRUE,
ZL-05,2026-09-05,support_axial_force,668.408,kN,positive,0.0,662.033,24,S17,危险报警综合,危险报警,危险报警,simulated,SIMULATED-EXCAVAGUARD-V1,TRUE,
ZL-05,2026-09-06,support_axial_force,674.438,kN,positive,0.0,668.408,24,S17,危险报警综合,危险报警,危险报警,simulated,SIMULATED-EXCAVAGUARD-V1,TRUE,
ZL-05,2026-09-07,support_axial_force,680.143,kN,positive,0.0,674.438,24,S17,危险报警综合,危险报警,危险报警,simulated,SIMULATED-EXCAVAGUARD-V1,TRUE,
ZL-05,2026-09-08,support_axial_force,685.539,kN,positive,0.0,680.143,24,S17,危险报警综合,危险报警,危险报警,simulated,SIMULATED-EXCAVAGUARD-V1,TRUE,
ZL-05,2026-09-09,support_axial_force,690.644,kN,positive,0.0,685.539,24,S17,危险报警综合,危险报警,危险报警,simulated,SIMULATED-EXCAVAGUARD-V1,TRUE,
ZL-05,2026-09-10,support_axial_force,695.473,kN,positive,0.0,690.644,24,S17,危险报警综合,危险报警,危险报警,simulated,SIMULATED-EXCAVAGUARD-V1,TRUE,
ZL-05,2026-09-11,support_axial_force,700.041,kN,positive,0.0,695.473,24,S17,危险报警综合,危险报警,危险报警,simulated,SIMULATED-EXCAVAGUARD-V1,TRUE,
ZL-05,2026-09-12,support_axial_force,704.362,kN,positive,0.0,700.041,24,S17,危险报警综合,危险报警,危险报警,simulated,SIMULATED-EXCAVAGUARD-V1,TRUE,
ZL-05,2026-09-13,support_axial_force,708.449,kN,positive,0.0,704.362,24,S17,危险报警综合,危险报警,危险报警,simulated,SIMULATED-EXCAVAGUARD-V1,TRUE,
ZL-05,2026-09-14,support_axial_force,712.316,kN,positive,0.0,708.449,24,S17,危险报警综合,危险报警,危险报警,simulated,SIMULATED-EXCAVAGUARD-V1,TRUE,
ZL-05,2026-09-15,support_axial_force,715.974,kN,positive,0.0,712.316,24,S17,危险报警综合,危险报警,危险报警,simulated,SIMULATED-EXCAVAGUARD-V1,TRUE,
ZL-05,2026-09-16,support_axial_force,719.434,kN,positive,0.0,715.974,24,S17,危险报警综合,危险报警,危险报警,simulated,SIMULATED-EXCAVAGUARD-V1,TRUE,
ZL-05,2026-09-17,support_axial_force,722.707,kN,positive,0.0,719.434,24,S17,危险报警综合,危险报警,危险报警,simulated,SIMULATED-EXCAVAGUARD-V1,TRUE,
ZL-05,2026-09-18,support_axial_force,725.803,kN,positive,0.0,722.707,24,S17,危险报警综合,危险报警,危险报警,simulated,SIMULATED-EXCAVAGUARD-V1,TRUE,
ZL-05,2026-09-19,support_axial_force,728.732,kN,positive,0.0,725.803,24,S17,危险报警综合,危险报警,危险报警,simulated,SIMULATED-EXCAVAGUARD-V1,TRUE,
ZL-05,2026-09-20,support_axial_force,731.502,kN,positive,0.0,728.732,24,S17,危险报警综合,危险报警,危险报警,simulated,SIMULATED-EXCAVAGUARD-V1,TRUE,
ZL-05,2026-09-21,support_axial_force,734.123,kN,positive,0.0,731.502,24,S17,危险报警综合,危险报警,危险报警,simulated,SIMULATED-EXCAVAGUARD-V1,TRUE,
ZL-05,2026-09-22,support_axial_force,736.602,kN,positive,0.0,734.123,24,S17,危险报警综合,危险报警,危险报警,simulated,SIMULATED-EXCAVAGUARD-V1,TRUE,
ZL-05,2026-09-23,support_axial_force,738.948,kN,positive,0.0,736.602,24,S17,危险报警综合,危险报警,危险报警,simulated,SIMULATED-EXCAVAGUARD-V1,TRUE,
ZL-05,2026-09-24,support_axial_force,741.166,kN,positive,0.0,738.948,24,S17,危险报警综合,危险报警,危险报警,simulated,SIMULATED-EXCAVAGUARD-V1,TRUE,
ZL-05,2026-09-25,support_axial_force,743.265,kN,positive,0.0,741.166,24,S17,危险报警综合,危险报警,危险报警,simulated,SIMULATED-EXCAVAGUARD-V1,TRUE,
ZL-05,2026-09-26,support_axial_force,745.25,kN,positive,0.0,743.265,24,S17,危险报警综合,危险报警,危险报警,simulated,SIMULATED-EXCAVAGUARD-V1,TRUE,
ZL-05,2026-09-27,support_axial_force,747.128,kN,positive,0.0,745.25,24,S17,危险报警综合,危险报警,危险报警,simulated,SIMULATED-EXCAVAGUARD-V1,TRUE,
ZL-05,2026-09-28,support_axial_force,748.904,kN,positive,0.0,747.128,24,S17,危险报警综合,危险报警,危险报警,simulated,SIMULATED-EXCAVAGUARD-V1,TRUE,
ZL-05,2026-09-29,support_axial_force,750.585,kN,positive,0.0,748.904,24,S17,危险报警综合,危险报警,危险报警,simulated,SIMULATED-EXCAVAGUARD-V1,TRUE,
ZQS-14,2026-08-01,wall_top_horizontal_displacement,0.0,mm,positive,0.0,,,S18,底板浇筑后速率超限,变形过大,报警,simulated,SIMULATED-EXCAVAGUARD-V1,TRUE,
ZQS-14,2026-08-02,wall_top_horizontal_displacement,0.08,mm,positive,0.0,0.0,24,S18,底板浇筑后速率超限,变形过大,报警,simulated,SIMULATED-EXCAVAGUARD-V1,TRUE,
ZQS-14,2026-08-03,wall_top_horizontal_displacement,0.16,mm,positive,0.0,0.08,24,S18,底板浇筑后速率超限,变形过大,报警,simulated,SIMULATED-EXCAVAGUARD-V1,TRUE,
ZQS-14,2026-08-04,wall_top_horizontal_displacement,0.24,mm,positive,0.0,0.16,24,S18,底板浇筑后速率超限,变形过大,报警,simulated,SIMULATED-EXCAVAGUARD-V1,TRUE,
ZQS-14,2026-08-05,wall_top_horizontal_displacement,0.32,mm,positive,0.0,0.24,24,S18,底板浇筑后速率超限,变形过大,报警,simulated,SIMULATED-EXCAVAGUARD-V1,TRUE,
ZQS-14,2026-08-06,wall_top_horizontal_displacement,0.4,mm,positive,0.0,0.32,24,S18,底板浇筑后速率超限,变形过大,报警,simulated,SIMULATED-EXCAVAGUARD-V1,TRUE,
ZQS-14,2026-08-07,wall_top_horizontal_displacement,0.48,mm,positive,0.0,0.4,24,S18,底板浇筑后速率超限,变形过大,报警,simulated,SIMULATED-EXCAVAGUARD-V1,TRUE,
ZQS-14,2026-08-08,wall_top_horizontal_displacement,0.56,mm,positive,0.0,0.48,24,S18,底板浇筑后速率超限,变形过大,报警,simulated,SIMULATED-EXCAVAGUARD-V1,TRUE,
ZQS-14,2026-08-09,wall_top_horizontal_displacement,0.64,mm,positive,0.0,0.56,24,S18,底板浇筑后速率超限,变形过大,报警,simulated,SIMULATED-EXCAVAGUARD-V1,TRUE,
ZQS-14,2026-08-10,wall_top_horizontal_displacement,0.72,mm,positive,0.0,0.64,24,S18,底板浇筑后速率超限,变形过大,报警,simulated,SIMULATED-EXCAVAGUARD-V1,TRUE,
ZQS-14,2026-08-11,wall_top_horizontal_displacement,0.8,mm,positive,0.0,0.72,24,S18,底板浇筑后速率超限,变形过大,报警,simulated,SIMULATED-EXCAVAGUARD-V1,TRUE,
ZQS-14,2026-08-12,wall_top_horizontal_displacement,0.88,mm,positive,0.0,0.8,24,S18,底板浇筑后速率超限,变形过大,报警,simulated,SIMULATED-EXCAVAGUARD-V1,TRUE,
ZQS-14,2026-08-13,wall_top_horizontal_displacement,0.96,mm,positive,0.0,0.88,24,S18,底板浇筑后速率超限,变形过大,报警,simulated,SIMULATED-EXCAVAGUARD-V1,TRUE,
ZQS-14,2026-08-14,wall_top_horizontal_displacement,1.04,mm,positive,0.0,0.96,24,S18,底板浇筑后速率超限,变形过大,报警,simulated,SIMULATED-EXCAVAGUARD-V1,TRUE,
ZQS-14,2026-08-15,wall_top_horizontal_displacement,1.12,mm,positive,0.0,1.04,24,S18,底板浇筑后速率超限,变形过大,报警,simulated,SIMULATED-EXCAVAGUARD-V1,TRUE,
ZQS-14,2026-08-16,wall_top_horizontal_displacement,1.2,mm,positive,0.0,1.12,24,S18,底板浇筑后速率超限,变形过大,报警,simulated,SIMULATED-EXCAVAGUARD-V1,TRUE,
ZQS-14,2026-08-17,wall_top_horizontal_displacement,1.28,mm,positive,0.0,1.2,24,S18,底板浇筑后速率超限,变形过大,报警,simulated,SIMULATED-EXCAVAGUARD-V1,TRUE,
ZQS-14,2026-08-18,wall_top_horizontal_displacement,1.36,mm,positive,0.0,1.28,24,S18,底板浇筑后速率超限,变形过大,报警,simulated,SIMULATED-EXCAVAGUARD-V1,TRUE,
ZQS-14,2026-08-19,wall_top_horizontal_displacement,1.44,mm,positive,0.0,1.36,24,S18,底板浇筑后速率超限,变形过大,报警,simulated,SIMULATED-EXCAVAGUARD-V1,TRUE,
ZQS-14,2026-08-20,wall_top_horizontal_displacement,1.52,mm,positive,0.0,1.44,24,S18,底板浇筑后速率超限,变形过大,报警,simulated,SIMULATED-EXCAVAGUARD-V1,TRUE,
ZQS-14,2026-08-21,wall_top_horizontal_displacement,1.6,mm,positive,0.0,1.52,24,S18,底板浇筑后速率超限,变形过大,报警,simulated,SIMULATED-EXCAVAGUARD-V1,TRUE,
ZQS-14,2026-08-22,wall_top_horizontal_displacement,1.68,mm,positive,0.0,1.6,24,S18,底板浇筑后速率超限,变形过大,报警,simulated,SIMULATED-EXCAVAGUARD-V1,TRUE,
ZQS-14,2026-08-23,wall_top_horizontal_displacement,1.76,mm,positive,0.0,1.68,24,S18,底板浇筑后速率超限,变形过大,报警,simulated,SIMULATED-EXCAVAGUARD-V1,TRUE,
ZQS-14,2026-08-24,wall_top_horizontal_displacement,1.84,mm,positive,0.0,1.76,24,S18,底板浇筑后速率超限,变形过大,报警,simulated,SIMULATED-EXCAVAGUARD-V1,TRUE,
ZQS-14,2026-08-25,wall_top_horizontal_displacement,1.92,mm,positive,0.0,1.84,24,S18,底板浇筑后速率超限,变形过大,报警,simulated,SIMULATED-EXCAVAGUARD-V1,TRUE,
ZQS-14,2026-08-26,wall_top_horizontal_displacement,2.0,mm,positive,0.0,1.92,24,S18,底板浇筑后速率超限,变形过大,报警,simulated,SIMULATED-EXCAVAGUARD-V1,TRUE,
ZQS-14,2026-08-27,wall_top_horizontal_displacement,2.08,mm,positive,0.0,2.0,24,S18,底板浇筑后速率超限,变形过大,报警,simulated,SIMULATED-EXCAVAGUARD-V1,TRUE,
ZQS-14,2026-08-28,wall_top_horizontal_displacement,2.16,mm,positive,0.0,2.08,24,S18,底板浇筑后速率超限,变形过大,报警,simulated,SIMULATED-EXCAVAGUARD-V1,TRUE,
ZQS-14,2026-08-29,wall_top_horizontal_displacement,2.24,mm,positive,0.0,2.16,24,S18,底板浇筑后速率超限,变形过大,报警,simulated,SIMULATED-EXCAVAGUARD-V1,TRUE,
ZQS-14,2026-08-30,wall_top_horizontal_displacement,2.32,mm,positive,0.0,2.24,24,S18,底板浇筑后速率超限,变形过大,报警,simulated,SIMULATED-EXCAVAGUARD-V1,TRUE,
ZQS-14,2026-08-31,wall_top_horizontal_displacement,2.4,mm,positive,0.0,2.32,24,S18,底板浇筑后速率超限,变形过大,报警,simulated,SIMULATED-EXCAVAGUARD-V1,TRUE,
ZQS-14,2026-09-01,wall_top_horizontal_displacement,2.48,mm,positive,0.0,2.4,24,S18,底板浇筑后速率超限,变形过大,报警,simulated,SIMULATED-EXCAVAGUARD-V1,TRUE,
ZQS-14,2026-09-02,wall_top_horizontal_displacement,2.56,mm,positive,0.0,2.48,24,S18,底板浇筑后速率超限,变形过大,报警,simulated,SIMULATED-EXCAVAGUARD-V1,TRUE,
ZQS-14,2026-09-03,wall_top_horizontal_displacement,2.64,mm,positive,0.0,2.56,24,S18,底板浇筑后速率超限,变形过大,报警,simulated,SIMULATED-EXCAVAGUARD-V1,TRUE,
ZQS-14,2026-09-04,wall_top_horizontal_displacement,2.72,mm,positive,0.0,2.64,24,S18,底板浇筑后速率超限,变形过大,报警,simulated,SIMULATED-EXCAVAGUARD-V1,TRUE,
ZQS-14,2026-09-05,wall_top_horizontal_displacement,2.8,mm,positive,0.0,2.72,24,S18,底板浇筑后速率超限,变形过大,报警,simulated,SIMULATED-EXCAVAGUARD-V1,TRUE,
ZQS-14,2026-09-06,wall_top_horizontal_displacement,2.88,mm,positive,0.0,2.8,24,S18,底板浇筑后速率超限,变形过大,报警,simulated,SIMULATED-EXCAVAGUARD-V1,TRUE,
ZQS-14,2026-09-07,wall_top_horizontal_displacement,2.96,mm,positive,0.0,2.88,24,S18,底板浇筑后速率超限,变形过大,报警,simulated,SIMULATED-EXCAVAGUARD-V1,TRUE,
ZQS-14,2026-09-08,wall_top_horizontal_displacement,3.04,mm,positive,0.0,2.96,24,S18,底板浇筑后速率超限,变形过大,报警,simulated,SIMULATED-EXCAVAGUARD-V1,TRUE,
ZQS-14,2026-09-09,wall_top_horizontal_displacement,3.12,mm,positive,0.0,3.04,24,S18,底板浇筑后速率超限,变形过大,报警,simulated,SIMULATED-EXCAVAGUARD-V1,TRUE,
ZQS-14,2026-09-10,wall_top_horizontal_displacement,3.2,mm,positive,0.0,3.12,24,S18,底板浇筑后速率超限,变形过大,报警,simulated,SIMULATED-EXCAVAGUARD-V1,TRUE,
ZQS-14,2026-09-11,wall_top_horizontal_displacement,3.28,mm,positive,0.0,3.2,24,S18,底板浇筑后速率超限,变形过大,报警,simulated,SIMULATED-EXCAVAGUARD-V1,TRUE,
ZQS-14,2026-09-12,wall_top_horizontal_displacement,4.78,mm,positive,0.0,3.28,24,S18,底板浇筑后速率超限,变形过大,报警,simulated,SIMULATED-EXCAVAGUARD-V1,TRUE,
ZQS-14,2026-09-13,wall_top_horizontal_displacement,6.28,mm,positive,0.0,4.78,24,S18,底板浇筑后速率超限,变形过大,报警,simulated,SIMULATED-EXCAVAGUARD-V1,TRUE,
ZQS-14,2026-09-14,wall_top_horizontal_displacement,7.78,mm,positive,0.0,6.28,24,S18,底板浇筑后速率超限,变形过大,报警,simulated,SIMULATED-EXCAVAGUARD-V1,TRUE,
ZQS-14,2026-09-15,wall_top_horizontal_displacement,7.83,mm,positive,0.0,7.78,24,S18,底板浇筑后速率超限,变形过大,报警,simulated,SIMULATED-EXCAVAGUARD-V1,TRUE,
ZQS-14,2026-09-16,wall_top_horizontal_displacement,7.88,mm,positive,0.0,7.83,24,S18,底板浇筑后速率超限,变形过大,报警,simulated,SIMULATED-EXCAVAGUARD-V1,TRUE,
ZQS-14,2026-09-17,wall_top_horizontal_displacement,7.93,mm,positive,0.0,7.88,24,S18,底板浇筑后速率超限,变形过大,报警,simulated,SIMULATED-EXCAVAGUARD-V1,TRUE,
ZQS-14,2026-09-18,wall_top_horizontal_displacement,7.98,mm,positive,0.0,7.93,24,S18,底板浇筑后速率超限,变形过大,报警,simulated,SIMULATED-EXCAVAGUARD-V1,TRUE,
ZQS-14,2026-09-19,wall_top_horizontal_displacement,8.03,mm,positive,0.0,7.98,24,S18,底板浇筑后速率超限,变形过大,报警,simulated,SIMULATED-EXCAVAGUARD-V1,TRUE,
ZQS-14,2026-09-20,wall_top_horizontal_displacement,8.08,mm,positive,0.0,8.03,24,S18,底板浇筑后速率超限,变形过大,报警,simulated,SIMULATED-EXCAVAGUARD-V1,TRUE,
ZQS-14,2026-09-21,wall_top_horizontal_displacement,8.13,mm,positive,0.0,8.08,24,S18,底板浇筑后速率超限,变形过大,报警,simulated,SIMULATED-EXCAVAGUARD-V1,TRUE,
ZQS-14,2026-09-22,wall_top_horizontal_displacement,8.18,mm,positive,0.0,8.13,24,S18,底板浇筑后速率超限,变形过大,报警,simulated,SIMULATED-EXCAVAGUARD-V1,TRUE,
ZQS-14,2026-09-23,wall_top_horizontal_displacement,8.23,mm,positive,0.0,8.18,24,S18,底板浇筑后速率超限,变形过大,报警,simulated,SIMULATED-EXCAVAGUARD-V1,TRUE,
ZQS-14,2026-09-24,wall_top_horizontal_displacement,8.28,mm,positive,0.0,8.23,24,S18,底板浇筑后速率超限,变形过大,报警,simulated,SIMULATED-EXCAVAGUARD-V1,TRUE,
ZQS-14,2026-09-25,wall_top_horizontal_displacement,8.33,mm,positive,0.0,8.28,24,S18,底板浇筑后速率超限,变形过大,报警,simulated,SIMULATED-EXCAVAGUARD-V1,TRUE,
ZQS-14,2026-09-26,wall_top_horizontal_displacement,8.38,mm,positive,0.0,8.33,24,S18,底板浇筑后速率超限,变形过大,报警,simulated,SIMULATED-EXCAVAGUARD-V1,TRUE,
ZQS-14,2026-09-27,wall_top_horizontal_displacement,8.43,mm,positive,0.0,8.38,24,S18,底板浇筑后速率超限,变形过大,报警,simulated,SIMULATED-EXCAVAGUARD-V1,TRUE,
ZQS-14,2026-09-28,wall_top_horizontal_displacement,8.48,mm,positive,0.0,8.43,24,S18,底板浇筑后速率超限,变形过大,报警,simulated,SIMULATED-EXCAVAGUARD-V1,TRUE,
ZQS-14,2026-09-29,wall_top_horizontal_displacement,8.53,mm,positive,0.0,8.48,24,S18,底板浇筑后速率超限,变形过大,报警,simulated,SIMULATED-EXCAVAGUARD-V1,TRUE,
LF-01,2026-08-01,crack_width_building,0.0,mm,positive,0.0,,,S19,裂缝发展,裂缝发展,危险报警,simulated,SIMULATED-EXCAVAGUARD-V1,TRUE,
LF-01,2026-08-02,crack_width_building,0.031,mm,positive,0.0,0.0,24,S19,裂缝发展,裂缝发展,危险报警,simulated,SIMULATED-EXCAVAGUARD-V1,TRUE,
LF-01,2026-08-03,crack_width_building,0.061,mm,positive,0.0,0.031,24,S19,裂缝发展,裂缝发展,危险报警,simulated,SIMULATED-EXCAVAGUARD-V1,TRUE,
LF-01,2026-08-04,crack_width_building,0.092,mm,positive,0.0,0.061,24,S19,裂缝发展,裂缝发展,危险报警,simulated,SIMULATED-EXCAVAGUARD-V1,TRUE,
LF-01,2026-08-05,crack_width_building,0.122,mm,positive,0.0,0.092,24,S19,裂缝发展,裂缝发展,危险报警,simulated,SIMULATED-EXCAVAGUARD-V1,TRUE,
LF-01,2026-08-06,crack_width_building,0.153,mm,positive,0.0,0.122,24,S19,裂缝发展,裂缝发展,危险报警,simulated,SIMULATED-EXCAVAGUARD-V1,TRUE,
LF-01,2026-08-07,crack_width_building,0.183,mm,positive,0.0,0.153,24,S19,裂缝发展,裂缝发展,危险报警,simulated,SIMULATED-EXCAVAGUARD-V1,TRUE,
LF-01,2026-08-08,crack_width_building,0.214,mm,positive,0.0,0.183,24,S19,裂缝发展,裂缝发展,危险报警,simulated,SIMULATED-EXCAVAGUARD-V1,TRUE,
LF-01,2026-08-09,crack_width_building,0.244,mm,positive,0.0,0.214,24,S19,裂缝发展,裂缝发展,危险报警,simulated,SIMULATED-EXCAVAGUARD-V1,TRUE,
LF-01,2026-08-10,crack_width_building,0.275,mm,positive,0.0,0.244,24,S19,裂缝发展,裂缝发展,危险报警,simulated,SIMULATED-EXCAVAGUARD-V1,TRUE,
LF-01,2026-08-11,crack_width_building,0.305,mm,positive,0.0,0.275,24,S19,裂缝发展,裂缝发展,危险报警,simulated,SIMULATED-EXCAVAGUARD-V1,TRUE,
LF-01,2026-08-12,crack_width_building,0.336,mm,positive,0.0,0.305,24,S19,裂缝发展,裂缝发展,危险报警,simulated,SIMULATED-EXCAVAGUARD-V1,TRUE,
LF-01,2026-08-13,crack_width_building,0.366,mm,positive,0.0,0.336,24,S19,裂缝发展,裂缝发展,危险报警,simulated,SIMULATED-EXCAVAGUARD-V1,TRUE,
LF-01,2026-08-14,crack_width_building,0.397,mm,positive,0.0,0.366,24,S19,裂缝发展,裂缝发展,危险报警,simulated,SIMULATED-EXCAVAGUARD-V1,TRUE,
LF-01,2026-08-15,crack_width_building,0.427,mm,positive,0.0,0.397,24,S19,裂缝发展,裂缝发展,危险报警,simulated,SIMULATED-EXCAVAGUARD-V1,TRUE,
LF-01,2026-08-16,crack_width_building,0.458,mm,positive,0.0,0.427,24,S19,裂缝发展,裂缝发展,危险报警,simulated,SIMULATED-EXCAVAGUARD-V1,TRUE,
LF-01,2026-08-17,crack_width_building,0.488,mm,positive,0.0,0.458,24,S19,裂缝发展,裂缝发展,危险报警,simulated,SIMULATED-EXCAVAGUARD-V1,TRUE,
LF-01,2026-08-18,crack_width_building,0.519,mm,positive,0.0,0.488,24,S19,裂缝发展,裂缝发展,危险报警,simulated,SIMULATED-EXCAVAGUARD-V1,TRUE,
LF-01,2026-08-19,crack_width_building,0.549,mm,positive,0.0,0.519,24,S19,裂缝发展,裂缝发展,危险报警,simulated,SIMULATED-EXCAVAGUARD-V1,TRUE,
LF-01,2026-08-20,crack_width_building,0.58,mm,positive,0.0,0.549,24,S19,裂缝发展,裂缝发展,危险报警,simulated,SIMULATED-EXCAVAGUARD-V1,TRUE,
LF-01,2026-08-21,crack_width_building,0.61,mm,positive,0.0,0.58,24,S19,裂缝发展,裂缝发展,危险报警,simulated,SIMULATED-EXCAVAGUARD-V1,TRUE,
LF-01,2026-08-22,crack_width_building,0.641,mm,positive,0.0,0.61,24,S19,裂缝发展,裂缝发展,危险报警,simulated,SIMULATED-EXCAVAGUARD-V1,TRUE,
LF-01,2026-08-23,crack_width_building,0.671,mm,positive,0.0,0.641,24,S19,裂缝发展,裂缝发展,危险报警,simulated,SIMULATED-EXCAVAGUARD-V1,TRUE,
LF-01,2026-08-24,crack_width_building,0.702,mm,positive,0.0,0.671,24,S19,裂缝发展,裂缝发展,危险报警,simulated,SIMULATED-EXCAVAGUARD-V1,TRUE,
LF-01,2026-08-25,crack_width_building,0.732,mm,positive,0.0,0.702,24,S19,裂缝发展,裂缝发展,危险报警,simulated,SIMULATED-EXCAVAGUARD-V1,TRUE,
LF-01,2026-08-26,crack_width_building,0.763,mm,positive,0.0,0.732,24,S19,裂缝发展,裂缝发展,危险报警,simulated,SIMULATED-EXCAVAGUARD-V1,TRUE,
LF-01,2026-08-27,crack_width_building,0.793,mm,positive,0.0,0.763,24,S19,裂缝发展,裂缝发展,危险报警,simulated,SIMULATED-EXCAVAGUARD-V1,TRUE,
LF-01,2026-08-28,crack_width_building,0.824,mm,positive,0.0,0.793,24,S19,裂缝发展,裂缝发展,危险报警,simulated,SIMULATED-EXCAVAGUARD-V1,TRUE,
LF-01,2026-08-29,crack_width_building,0.854,mm,positive,0.0,0.824,24,S19,裂缝发展,裂缝发展,危险报警,simulated,SIMULATED-EXCAVAGUARD-V1,TRUE,
LF-01,2026-08-30,crack_width_building,0.885,mm,positive,0.0,0.854,24,S19,裂缝发展,裂缝发展,危险报警,simulated,SIMULATED-EXCAVAGUARD-V1,TRUE,
LF-01,2026-08-31,crack_width_building,0.915,mm,positive,0.0,0.885,24,S19,裂缝发展,裂缝发展,危险报警,simulated,SIMULATED-EXCAVAGUARD-V1,TRUE,
LF-01,2026-09-01,crack_width_building,0.946,mm,positive,0.0,0.915,24,S19,裂缝发展,裂缝发展,危险报警,simulated,SIMULATED-EXCAVAGUARD-V1,TRUE,
LF-01,2026-09-02,crack_width_building,0.976,mm,positive,0.0,0.946,24,S19,裂缝发展,裂缝发展,危险报警,simulated,SIMULATED-EXCAVAGUARD-V1,TRUE,
LF-01,2026-09-03,crack_width_building,1.007,mm,positive,0.0,0.976,24,S19,裂缝发展,裂缝发展,危险报警,simulated,SIMULATED-EXCAVAGUARD-V1,TRUE,
LF-01,2026-09-04,crack_width_building,1.037,mm,positive,0.0,1.007,24,S19,裂缝发展,裂缝发展,危险报警,simulated,SIMULATED-EXCAVAGUARD-V1,TRUE,
LF-01,2026-09-05,crack_width_building,1.068,mm,positive,0.0,1.037,24,S19,裂缝发展,裂缝发展,危险报警,simulated,SIMULATED-EXCAVAGUARD-V1,TRUE,
LF-01,2026-09-06,crack_width_building,1.098,mm,positive,0.0,1.068,24,S19,裂缝发展,裂缝发展,危险报警,simulated,SIMULATED-EXCAVAGUARD-V1,TRUE,
LF-01,2026-09-07,crack_width_building,1.129,mm,positive,0.0,1.098,24,S19,裂缝发展,裂缝发展,危险报警,simulated,SIMULATED-EXCAVAGUARD-V1,TRUE,
LF-01,2026-09-08,crack_width_building,1.159,mm,positive,0.0,1.129,24,S19,裂缝发展,裂缝发展,危险报警,simulated,SIMULATED-EXCAVAGUARD-V1,TRUE,
LF-01,2026-09-09,crack_width_building,1.19,mm,positive,0.0,1.159,24,S19,裂缝发展,裂缝发展,危险报警,simulated,SIMULATED-EXCAVAGUARD-V1,TRUE,
LF-01,2026-09-10,crack_width_building,1.22,mm,positive,0.0,1.19,24,S19,裂缝发展,裂缝发展,危险报警,simulated,SIMULATED-EXCAVAGUARD-V1,TRUE,
LF-01,2026-09-11,crack_width_building,1.251,mm,positive,0.0,1.22,24,S19,裂缝发展,裂缝发展,危险报警,simulated,SIMULATED-EXCAVAGUARD-V1,TRUE,
LF-01,2026-09-12,crack_width_building,1.281,mm,positive,0.0,1.251,24,S19,裂缝发展,裂缝发展,危险报警,simulated,SIMULATED-EXCAVAGUARD-V1,TRUE,
LF-01,2026-09-13,crack_width_building,1.312,mm,positive,0.0,1.281,24,S19,裂缝发展,裂缝发展,危险报警,simulated,SIMULATED-EXCAVAGUARD-V1,TRUE,
LF-01,2026-09-14,crack_width_building,1.342,mm,positive,0.0,1.312,24,S19,裂缝发展,裂缝发展,危险报警,simulated,SIMULATED-EXCAVAGUARD-V1,TRUE,
LF-01,2026-09-15,crack_width_building,1.373,mm,positive,0.0,1.342,24,S19,裂缝发展,裂缝发展,危险报警,simulated,SIMULATED-EXCAVAGUARD-V1,TRUE,
LF-01,2026-09-16,crack_width_building,1.403,mm,positive,0.0,1.373,24,S19,裂缝发展,裂缝发展,危险报警,simulated,SIMULATED-EXCAVAGUARD-V1,TRUE,
LF-01,2026-09-17,crack_width_building,1.434,mm,positive,0.0,1.403,24,S19,裂缝发展,裂缝发展,危险报警,simulated,SIMULATED-EXCAVAGUARD-V1,TRUE,
LF-01,2026-09-18,crack_width_building,1.464,mm,positive,0.0,1.434,24,S19,裂缝发展,裂缝发展,危险报警,simulated,SIMULATED-EXCAVAGUARD-V1,TRUE,
LF-01,2026-09-19,crack_width_building,1.495,mm,positive,0.0,1.464,24,S19,裂缝发展,裂缝发展,危险报警,simulated,SIMULATED-EXCAVAGUARD-V1,TRUE,
LF-01,2026-09-20,crack_width_building,1.525,mm,positive,0.0,1.495,24,S19,裂缝发展,裂缝发展,危险报警,simulated,SIMULATED-EXCAVAGUARD-V1,TRUE,
LF-01,2026-09-21,crack_width_building,1.556,mm,positive,0.0,1.525,24,S19,裂缝发展,裂缝发展,危险报警,simulated,SIMULATED-EXCAVAGUARD-V1,TRUE,
LF-01,2026-09-22,crack_width_building,1.586,mm,positive,0.0,1.556,24,S19,裂缝发展,裂缝发展,危险报警,simulated,SIMULATED-EXCAVAGUARD-V1,TRUE,
LF-01,2026-09-23,crack_width_building,1.617,mm,positive,0.0,1.586,24,S19,裂缝发展,裂缝发展,危险报警,simulated,SIMULATED-EXCAVAGUARD-V1,TRUE,
LF-01,2026-09-24,crack_width_building,1.647,mm,positive,0.0,1.617,24,S19,裂缝发展,裂缝发展,危险报警,simulated,SIMULATED-EXCAVAGUARD-V1,TRUE,
LF-01,2026-09-25,crack_width_building,1.678,mm,positive,0.0,1.647,24,S19,裂缝发展,裂缝发展,危险报警,simulated,SIMULATED-EXCAVAGUARD-V1,TRUE,
LF-01,2026-09-26,crack_width_building,1.708,mm,positive,0.0,1.678,24,S19,裂缝发展,裂缝发展,危险报警,simulated,SIMULATED-EXCAVAGUARD-V1,TRUE,
LF-01,2026-09-27,crack_width_building,1.739,mm,positive,0.0,1.708,24,S19,裂缝发展,裂缝发展,危险报警,simulated,SIMULATED-EXCAVAGUARD-V1,TRUE,
LF-01,2026-09-28,crack_width_building,1.769,mm,positive,0.0,1.739,24,S19,裂缝发展,裂缝发展,危险报警,simulated,SIMULATED-EXCAVAGUARD-V1,TRUE,
LF-01,2026-09-29,crack_width_building,1.8,mm,positive,0.0,1.769,24,S19,裂缝发展,裂缝发展,危险报警,simulated,SIMULATED-EXCAVAGUARD-V1,TRUE,
LF-02,2026-08-01,crack_width_building,0.0,mm,positive,0.0,,,S19,裂缝发展,裂缝发展,危险报警,simulated,SIMULATED-EXCAVAGUARD-V1,TRUE,
LF-02,2026-08-02,crack_width_building,0.02,mm,positive,0.0,0.0,24,S19,裂缝发展,裂缝发展,危险报警,simulated,SIMULATED-EXCAVAGUARD-V1,TRUE,
LF-02,2026-08-03,crack_width_building,0.041,mm,positive,0.0,0.02,24,S19,裂缝发展,裂缝发展,危险报警,simulated,SIMULATED-EXCAVAGUARD-V1,TRUE,
LF-02,2026-08-04,crack_width_building,0.061,mm,positive,0.0,0.041,24,S19,裂缝发展,裂缝发展,危险报警,simulated,SIMULATED-EXCAVAGUARD-V1,TRUE,
LF-02,2026-08-05,crack_width_building,0.081,mm,positive,0.0,0.061,24,S19,裂缝发展,裂缝发展,危险报警,simulated,SIMULATED-EXCAVAGUARD-V1,TRUE,
LF-02,2026-08-06,crack_width_building,0.102,mm,positive,0.0,0.081,24,S19,裂缝发展,裂缝发展,危险报警,simulated,SIMULATED-EXCAVAGUARD-V1,TRUE,
LF-02,2026-08-07,crack_width_building,0.122,mm,positive,0.0,0.102,24,S19,裂缝发展,裂缝发展,危险报警,simulated,SIMULATED-EXCAVAGUARD-V1,TRUE,
LF-02,2026-08-08,crack_width_building,0.142,mm,positive,0.0,0.122,24,S19,裂缝发展,裂缝发展,危险报警,simulated,SIMULATED-EXCAVAGUARD-V1,TRUE,
LF-02,2026-08-09,crack_width_building,0.163,mm,positive,0.0,0.142,24,S19,裂缝发展,裂缝发展,危险报警,simulated,SIMULATED-EXCAVAGUARD-V1,TRUE,
LF-02,2026-08-10,crack_width_building,0.183,mm,positive,0.0,0.163,24,S19,裂缝发展,裂缝发展,危险报警,simulated,SIMULATED-EXCAVAGUARD-V1,TRUE,
LF-02,2026-08-11,crack_width_building,0.203,mm,positive,0.0,0.183,24,S19,裂缝发展,裂缝发展,危险报警,simulated,SIMULATED-EXCAVAGUARD-V1,TRUE,
LF-02,2026-08-12,crack_width_building,0.224,mm,positive,0.0,0.203,24,S19,裂缝发展,裂缝发展,危险报警,simulated,SIMULATED-EXCAVAGUARD-V1,TRUE,
LF-02,2026-08-13,crack_width_building,0.244,mm,positive,0.0,0.224,24,S19,裂缝发展,裂缝发展,危险报警,simulated,SIMULATED-EXCAVAGUARD-V1,TRUE,
LF-02,2026-08-14,crack_width_building,0.264,mm,positive,0.0,0.244,24,S19,裂缝发展,裂缝发展,危险报警,simulated,SIMULATED-EXCAVAGUARD-V1,TRUE,
LF-02,2026-08-15,crack_width_building,0.285,mm,positive,0.0,0.264,24,S19,裂缝发展,裂缝发展,危险报警,simulated,SIMULATED-EXCAVAGUARD-V1,TRUE,
LF-02,2026-08-16,crack_width_building,0.305,mm,positive,0.0,0.285,24,S19,裂缝发展,裂缝发展,危险报警,simulated,SIMULATED-EXCAVAGUARD-V1,TRUE,
LF-02,2026-08-17,crack_width_building,0.325,mm,positive,0.0,0.305,24,S19,裂缝发展,裂缝发展,危险报警,simulated,SIMULATED-EXCAVAGUARD-V1,TRUE,
LF-02,2026-08-18,crack_width_building,0.346,mm,positive,0.0,0.325,24,S19,裂缝发展,裂缝发展,危险报警,simulated,SIMULATED-EXCAVAGUARD-V1,TRUE,
LF-02,2026-08-19,crack_width_building,0.366,mm,positive,0.0,0.346,24,S19,裂缝发展,裂缝发展,危险报警,simulated,SIMULATED-EXCAVAGUARD-V1,TRUE,
LF-02,2026-08-20,crack_width_building,0.386,mm,positive,0.0,0.366,24,S19,裂缝发展,裂缝发展,危险报警,simulated,SIMULATED-EXCAVAGUARD-V1,TRUE,
LF-02,2026-08-21,crack_width_building,0.407,mm,positive,0.0,0.386,24,S19,裂缝发展,裂缝发展,危险报警,simulated,SIMULATED-EXCAVAGUARD-V1,TRUE,
LF-02,2026-08-22,crack_width_building,0.427,mm,positive,0.0,0.407,24,S19,裂缝发展,裂缝发展,危险报警,simulated,SIMULATED-EXCAVAGUARD-V1,TRUE,
LF-02,2026-08-23,crack_width_building,0.447,mm,positive,0.0,0.427,24,S19,裂缝发展,裂缝发展,危险报警,simulated,SIMULATED-EXCAVAGUARD-V1,TRUE,
LF-02,2026-08-24,crack_width_building,0.468,mm,positive,0.0,0.447,24,S19,裂缝发展,裂缝发展,危险报警,simulated,SIMULATED-EXCAVAGUARD-V1,TRUE,
LF-02,2026-08-25,crack_width_building,0.488,mm,positive,0.0,0.468,24,S19,裂缝发展,裂缝发展,危险报警,simulated,SIMULATED-EXCAVAGUARD-V1,TRUE,
LF-02,2026-08-26,crack_width_building,0.508,mm,positive,0.0,0.488,24,S19,裂缝发展,裂缝发展,危险报警,simulated,SIMULATED-EXCAVAGUARD-V1,TRUE,
LF-02,2026-08-27,crack_width_building,0.529,mm,positive,0.0,0.508,24,S19,裂缝发展,裂缝发展,危险报警,simulated,SIMULATED-EXCAVAGUARD-V1,TRUE,
LF-02,2026-08-28,crack_width_building,0.549,mm,positive,0.0,0.529,24,S19,裂缝发展,裂缝发展,危险报警,simulated,SIMULATED-EXCAVAGUARD-V1,TRUE,
LF-02,2026-08-29,crack_width_building,0.569,mm,positive,0.0,0.549,24,S19,裂缝发展,裂缝发展,危险报警,simulated,SIMULATED-EXCAVAGUARD-V1,TRUE,
LF-02,2026-08-30,crack_width_building,0.59,mm,positive,0.0,0.569,24,S19,裂缝发展,裂缝发展,危险报警,simulated,SIMULATED-EXCAVAGUARD-V1,TRUE,
LF-02,2026-08-31,crack_width_building,0.61,mm,positive,0.0,0.59,24,S19,裂缝发展,裂缝发展,危险报警,simulated,SIMULATED-EXCAVAGUARD-V1,TRUE,
LF-02,2026-09-01,crack_width_building,0.631,mm,positive,0.0,0.61,24,S19,裂缝发展,裂缝发展,危险报警,simulated,SIMULATED-EXCAVAGUARD-V1,TRUE,
LF-02,2026-09-02,crack_width_building,0.651,mm,positive,0.0,0.631,24,S19,裂缝发展,裂缝发展,危险报警,simulated,SIMULATED-EXCAVAGUARD-V1,TRUE,
LF-02,2026-09-03,crack_width_building,0.671,mm,positive,0.0,0.651,24,S19,裂缝发展,裂缝发展,危险报警,simulated,SIMULATED-EXCAVAGUARD-V1,TRUE,
LF-02,2026-09-04,crack_width_building,0.692,mm,positive,0.0,0.671,24,S19,裂缝发展,裂缝发展,危险报警,simulated,SIMULATED-EXCAVAGUARD-V1,TRUE,
LF-02,2026-09-05,crack_width_building,0.712,mm,positive,0.0,0.692,24,S19,裂缝发展,裂缝发展,危险报警,simulated,SIMULATED-EXCAVAGUARD-V1,TRUE,
LF-02,2026-09-06,crack_width_building,0.732,mm,positive,0.0,0.712,24,S19,裂缝发展,裂缝发展,危险报警,simulated,SIMULATED-EXCAVAGUARD-V1,TRUE,
LF-02,2026-09-07,crack_width_building,0.753,mm,positive,0.0,0.732,24,S19,裂缝发展,裂缝发展,危险报警,simulated,SIMULATED-EXCAVAGUARD-V1,TRUE,
LF-02,2026-09-08,crack_width_building,0.773,mm,positive,0.0,0.753,24,S19,裂缝发展,裂缝发展,危险报警,simulated,SIMULATED-EXCAVAGUARD-V1,TRUE,
LF-02,2026-09-09,crack_width_building,0.793,mm,positive,0.0,0.773,24,S19,裂缝发展,裂缝发展,危险报警,simulated,SIMULATED-EXCAVAGUARD-V1,TRUE,
LF-02,2026-09-10,crack_width_building,0.814,mm,positive,0.0,0.793,24,S19,裂缝发展,裂缝发展,危险报警,simulated,SIMULATED-EXCAVAGUARD-V1,TRUE,
LF-02,2026-09-11,crack_width_building,0.834,mm,positive,0.0,0.814,24,S19,裂缝发展,裂缝发展,危险报警,simulated,SIMULATED-EXCAVAGUARD-V1,TRUE,
LF-02,2026-09-12,crack_width_building,0.854,mm,positive,0.0,0.834,24,S19,裂缝发展,裂缝发展,危险报警,simulated,SIMULATED-EXCAVAGUARD-V1,TRUE,
LF-02,2026-09-13,crack_width_building,0.875,mm,positive,0.0,0.854,24,S19,裂缝发展,裂缝发展,危险报警,simulated,SIMULATED-EXCAVAGUARD-V1,TRUE,
LF-02,2026-09-14,crack_width_building,0.895,mm,positive,0.0,0.875,24,S19,裂缝发展,裂缝发展,危险报警,simulated,SIMULATED-EXCAVAGUARD-V1,TRUE,
LF-02,2026-09-15,crack_width_building,0.915,mm,positive,0.0,0.895,24,S19,裂缝发展,裂缝发展,危险报警,simulated,SIMULATED-EXCAVAGUARD-V1,TRUE,
LF-02,2026-09-16,crack_width_building,0.936,mm,positive,0.0,0.915,24,S19,裂缝发展,裂缝发展,危险报警,simulated,SIMULATED-EXCAVAGUARD-V1,TRUE,
LF-02,2026-09-17,crack_width_building,0.956,mm,positive,0.0,0.936,24,S19,裂缝发展,裂缝发展,危险报警,simulated,SIMULATED-EXCAVAGUARD-V1,TRUE,
LF-02,2026-09-18,crack_width_building,0.976,mm,positive,0.0,0.956,24,S19,裂缝发展,裂缝发展,危险报警,simulated,SIMULATED-EXCAVAGUARD-V1,TRUE,
LF-02,2026-09-19,crack_width_building,0.997,mm,positive,0.0,0.976,24,S19,裂缝发展,裂缝发展,危险报警,simulated,SIMULATED-EXCAVAGUARD-V1,TRUE,
LF-02,2026-09-20,crack_width_building,1.017,mm,positive,0.0,0.997,24,S19,裂缝发展,裂缝发展,危险报警,simulated,SIMULATED-EXCAVAGUARD-V1,TRUE,
LF-02,2026-09-21,crack_width_building,1.037,mm,positive,0.0,1.017,24,S19,裂缝发展,裂缝发展,危险报警,simulated,SIMULATED-EXCAVAGUARD-V1,TRUE,
LF-02,2026-09-22,crack_width_building,1.058,mm,positive,0.0,1.037,24,S19,裂缝发展,裂缝发展,危险报警,simulated,SIMULATED-EXCAVAGUARD-V1,TRUE,
LF-02,2026-09-23,crack_width_building,1.078,mm,positive,0.0,1.058,24,S19,裂缝发展,裂缝发展,危险报警,simulated,SIMULATED-EXCAVAGUARD-V1,TRUE,
LF-02,2026-09-24,crack_width_building,1.098,mm,positive,0.0,1.078,24,S19,裂缝发展,裂缝发展,危险报警,simulated,SIMULATED-EXCAVAGUARD-V1,TRUE,
LF-02,2026-09-25,crack_width_building,1.119,mm,positive,0.0,1.098,24,S19,裂缝发展,裂缝发展,危险报警,simulated,SIMULATED-EXCAVAGUARD-V1,TRUE,
LF-02,2026-09-26,crack_width_building,1.139,mm,positive,0.0,1.119,24,S19,裂缝发展,裂缝发展,危险报警,simulated,SIMULATED-EXCAVAGUARD-V1,TRUE,
LF-02,2026-09-27,crack_width_building,1.159,mm,positive,0.0,1.139,24,S19,裂缝发展,裂缝发展,危险报警,simulated,SIMULATED-EXCAVAGUARD-V1,TRUE,
LF-02,2026-09-28,crack_width_building,1.18,mm,positive,0.0,1.159,24,S19,裂缝发展,裂缝发展,危险报警,simulated,SIMULATED-EXCAVAGUARD-V1,TRUE,
LF-02,2026-09-29,crack_width_building,1.2,mm,positive,0.0,1.18,24,S19,裂缝发展,裂缝发展,危险报警,simulated,SIMULATED-EXCAVAGUARD-V1,TRUE,
JQ-01,2026-08-01,building_inclination,0.0,1,positive,0.0,,,S20,建筑倾斜超限,变形过大,危险报警,simulated,SIMULATED-EXCAVAGUARD-V1,TRUE,
JQ-01,2026-08-02,building_inclination,4.1e-05,1,positive,0.0,0.0,24,S20,建筑倾斜超限,变形过大,危险报警,simulated,SIMULATED-EXCAVAGUARD-V1,TRUE,
JQ-01,2026-08-03,building_inclination,8.1e-05,1,positive,0.0,4.1e-05,24,S20,建筑倾斜超限,变形过大,危险报警,simulated,SIMULATED-EXCAVAGUARD-V1,TRUE,
JQ-01,2026-08-04,building_inclination,0.000122,1,positive,0.0,8.1e-05,24,S20,建筑倾斜超限,变形过大,危险报警,simulated,SIMULATED-EXCAVAGUARD-V1,TRUE,
JQ-01,2026-08-05,building_inclination,0.000163,1,positive,0.0,0.000122,24,S20,建筑倾斜超限,变形过大,危险报警,simulated,SIMULATED-EXCAVAGUARD-V1,TRUE,
JQ-01,2026-08-06,building_inclination,0.000203,1,positive,0.0,0.000163,24,S20,建筑倾斜超限,变形过大,危险报警,simulated,SIMULATED-EXCAVAGUARD-V1,TRUE,
JQ-01,2026-08-07,building_inclination,0.000244,1,positive,0.0,0.000203,24,S20,建筑倾斜超限,变形过大,危险报警,simulated,SIMULATED-EXCAVAGUARD-V1,TRUE,
JQ-01,2026-08-08,building_inclination,0.000285,1,positive,0.0,0.000244,24,S20,建筑倾斜超限,变形过大,危险报警,simulated,SIMULATED-EXCAVAGUARD-V1,TRUE,
JQ-01,2026-08-09,building_inclination,0.000325,1,positive,0.0,0.000285,24,S20,建筑倾斜超限,变形过大,危险报警,simulated,SIMULATED-EXCAVAGUARD-V1,TRUE,
JQ-01,2026-08-10,building_inclination,0.000366,1,positive,0.0,0.000325,24,S20,建筑倾斜超限,变形过大,危险报警,simulated,SIMULATED-EXCAVAGUARD-V1,TRUE,
JQ-01,2026-08-11,building_inclination,0.000407,1,positive,0.0,0.000366,24,S20,建筑倾斜超限,变形过大,危险报警,simulated,SIMULATED-EXCAVAGUARD-V1,TRUE,
JQ-01,2026-08-12,building_inclination,0.000447,1,positive,0.0,0.000407,24,S20,建筑倾斜超限,变形过大,危险报警,simulated,SIMULATED-EXCAVAGUARD-V1,TRUE,
JQ-01,2026-08-13,building_inclination,0.000488,1,positive,0.0,0.000447,24,S20,建筑倾斜超限,变形过大,危险报警,simulated,SIMULATED-EXCAVAGUARD-V1,TRUE,
JQ-01,2026-08-14,building_inclination,0.000529,1,positive,0.0,0.000488,24,S20,建筑倾斜超限,变形过大,危险报警,simulated,SIMULATED-EXCAVAGUARD-V1,TRUE,
JQ-01,2026-08-15,building_inclination,0.000569,1,positive,0.0,0.000529,24,S20,建筑倾斜超限,变形过大,危险报警,simulated,SIMULATED-EXCAVAGUARD-V1,TRUE,
JQ-01,2026-08-16,building_inclination,0.00061,1,positive,0.0,0.000569,24,S20,建筑倾斜超限,变形过大,危险报警,simulated,SIMULATED-EXCAVAGUARD-V1,TRUE,
JQ-01,2026-08-17,building_inclination,0.000651,1,positive,0.0,0.00061,24,S20,建筑倾斜超限,变形过大,危险报警,simulated,SIMULATED-EXCAVAGUARD-V1,TRUE,
JQ-01,2026-08-18,building_inclination,0.000692,1,positive,0.0,0.000651,24,S20,建筑倾斜超限,变形过大,危险报警,simulated,SIMULATED-EXCAVAGUARD-V1,TRUE,
JQ-01,2026-08-19,building_inclination,0.000732,1,positive,0.0,0.000692,24,S20,建筑倾斜超限,变形过大,危险报警,simulated,SIMULATED-EXCAVAGUARD-V1,TRUE,
JQ-01,2026-08-20,building_inclination,0.000773,1,positive,0.0,0.000732,24,S20,建筑倾斜超限,变形过大,危险报警,simulated,SIMULATED-EXCAVAGUARD-V1,TRUE,
JQ-01,2026-08-21,building_inclination,0.000814,1,positive,0.0,0.000773,24,S20,建筑倾斜超限,变形过大,危险报警,simulated,SIMULATED-EXCAVAGUARD-V1,TRUE,
JQ-01,2026-08-22,building_inclination,0.000854,1,positive,0.0,0.000814,24,S20,建筑倾斜超限,变形过大,危险报警,simulated,SIMULATED-EXCAVAGUARD-V1,TRUE,
JQ-01,2026-08-23,building_inclination,0.000895,1,positive,0.0,0.000854,24,S20,建筑倾斜超限,变形过大,危险报警,simulated,SIMULATED-EXCAVAGUARD-V1,TRUE,
JQ-01,2026-08-24,building_inclination,0.000936,1,positive,0.0,0.000895,24,S20,建筑倾斜超限,变形过大,危险报警,simulated,SIMULATED-EXCAVAGUARD-V1,TRUE,
JQ-01,2026-08-25,building_inclination,0.000976,1,positive,0.0,0.000936,24,S20,建筑倾斜超限,变形过大,危险报警,simulated,SIMULATED-EXCAVAGUARD-V1,TRUE,
JQ-01,2026-08-26,building_inclination,0.001017,1,positive,0.0,0.000976,24,S20,建筑倾斜超限,变形过大,危险报警,simulated,SIMULATED-EXCAVAGUARD-V1,TRUE,
JQ-01,2026-08-27,building_inclination,0.001058,1,positive,0.0,0.001017,24,S20,建筑倾斜超限,变形过大,危险报警,simulated,SIMULATED-EXCAVAGUARD-V1,TRUE,
JQ-01,2026-08-28,building_inclination,0.001098,1,positive,0.0,0.001058,24,S20,建筑倾斜超限,变形过大,危险报警,simulated,SIMULATED-EXCAVAGUARD-V1,TRUE,
JQ-01,2026-08-29,building_inclination,0.001139,1,positive,0.0,0.001098,24,S20,建筑倾斜超限,变形过大,危险报警,simulated,SIMULATED-EXCAVAGUARD-V1,TRUE,
JQ-01,2026-08-30,building_inclination,0.00118,1,positive,0.0,0.001139,24,S20,建筑倾斜超限,变形过大,危险报警,simulated,SIMULATED-EXCAVAGUARD-V1,TRUE,
JQ-01,2026-08-31,building_inclination,0.00122,1,positive,0.0,0.00118,24,S20,建筑倾斜超限,变形过大,危险报警,simulated,SIMULATED-EXCAVAGUARD-V1,TRUE,
JQ-01,2026-09-01,building_inclination,0.001261,1,positive,0.0,0.00122,24,S20,建筑倾斜超限,变形过大,危险报警,simulated,SIMULATED-EXCAVAGUARD-V1,TRUE,
JQ-01,2026-09-02,building_inclination,0.001302,1,positive,0.0,0.001261,24,S20,建筑倾斜超限,变形过大,危险报警,simulated,SIMULATED-EXCAVAGUARD-V1,TRUE,
JQ-01,2026-09-03,building_inclination,0.001342,1,positive,0.0,0.001302,24,S20,建筑倾斜超限,变形过大,危险报警,simulated,SIMULATED-EXCAVAGUARD-V1,TRUE,
JQ-01,2026-09-04,building_inclination,0.001383,1,positive,0.0,0.001342,24,S20,建筑倾斜超限,变形过大,危险报警,simulated,SIMULATED-EXCAVAGUARD-V1,TRUE,
JQ-01,2026-09-05,building_inclination,0.001424,1,positive,0.0,0.001383,24,S20,建筑倾斜超限,变形过大,危险报警,simulated,SIMULATED-EXCAVAGUARD-V1,TRUE,
JQ-01,2026-09-06,building_inclination,0.001464,1,positive,0.0,0.001424,24,S20,建筑倾斜超限,变形过大,危险报警,simulated,SIMULATED-EXCAVAGUARD-V1,TRUE,
JQ-01,2026-09-07,building_inclination,0.001505,1,positive,0.0,0.001464,24,S20,建筑倾斜超限,变形过大,危险报警,simulated,SIMULATED-EXCAVAGUARD-V1,TRUE,
JQ-01,2026-09-08,building_inclination,0.001546,1,positive,0.0,0.001505,24,S20,建筑倾斜超限,变形过大,危险报警,simulated,SIMULATED-EXCAVAGUARD-V1,TRUE,
JQ-01,2026-09-09,building_inclination,0.001586,1,positive,0.0,0.001546,24,S20,建筑倾斜超限,变形过大,危险报警,simulated,SIMULATED-EXCAVAGUARD-V1,TRUE,
JQ-01,2026-09-10,building_inclination,0.001627,1,positive,0.0,0.001586,24,S20,建筑倾斜超限,变形过大,危险报警,simulated,SIMULATED-EXCAVAGUARD-V1,TRUE,
JQ-01,2026-09-11,building_inclination,0.001668,1,positive,0.0,0.001627,24,S20,建筑倾斜超限,变形过大,危险报警,simulated,SIMULATED-EXCAVAGUARD-V1,TRUE,
JQ-01,2026-09-12,building_inclination,0.001708,1,positive,0.0,0.001668,24,S20,建筑倾斜超限,变形过大,危险报警,simulated,SIMULATED-EXCAVAGUARD-V1,TRUE,
JQ-01,2026-09-13,building_inclination,0.001749,1,positive,0.0,0.001708,24,S20,建筑倾斜超限,变形过大,危险报警,simulated,SIMULATED-EXCAVAGUARD-V1,TRUE,
JQ-01,2026-09-14,building_inclination,0.00179,1,positive,0.0,0.001749,24,S20,建筑倾斜超限,变形过大,危险报警,simulated,SIMULATED-EXCAVAGUARD-V1,TRUE,
JQ-01,2026-09-15,building_inclination,0.001831,1,positive,0.0,0.00179,24,S20,建筑倾斜超限,变形过大,危险报警,simulated,SIMULATED-EXCAVAGUARD-V1,TRUE,
JQ-01,2026-09-16,building_inclination,0.001871,1,positive,0.0,0.001831,24,S20,建筑倾斜超限,变形过大,危险报警,simulated,SIMULATED-EXCAVAGUARD-V1,TRUE,
JQ-01,2026-09-17,building_inclination,0.001912,1,positive,0.0,0.001871,24,S20,建筑倾斜超限,变形过大,危险报警,simulated,SIMULATED-EXCAVAGUARD-V1,TRUE,
JQ-01,2026-09-18,building_inclination,0.001953,1,positive,0.0,0.001912,24,S20,建筑倾斜超限,变形过大,危险报警,simulated,SIMULATED-EXCAVAGUARD-V1,TRUE,
JQ-01,2026-09-19,building_inclination,0.001993,1,positive,0.0,0.001953,24,S20,建筑倾斜超限,变形过大,危险报警,simulated,SIMULATED-EXCAVAGUARD-V1,TRUE,
JQ-01,2026-09-20,building_inclination,0.002034,1,positive,0.0,0.001993,24,S20,建筑倾斜超限,变形过大,危险报警,simulated,SIMULATED-EXCAVAGUARD-V1,TRUE,
JQ-01,2026-09-21,building_inclination,0.002075,1,positive,0.0,0.002034,24,S20,建筑倾斜超限,变形过大,危险报警,simulated,SIMULATED-EXCAVAGUARD-V1,TRUE,
JQ-01,2026-09-22,building_inclination,0.002115,1,positive,0.0,0.002075,24,S20,建筑倾斜超限,变形过大,危险报警,simulated,SIMULATED-EXCAVAGUARD-V1,TRUE,
JQ-01,2026-09-23,building_inclination,0.002156,1,positive,0.0,0.002115,24,S20,建筑倾斜超限,变形过大,危险报警,simulated,SIMULATED-EXCAVAGUARD-V1,TRUE,
JQ-01,2026-09-24,building_inclination,0.002197,1,positive,0.0,0.002156,24,S20,建筑倾斜超限,变形过大,危险报警,simulated,SIMULATED-EXCAVAGUARD-V1,TRUE,
JQ-01,2026-09-25,building_inclination,0.002237,1,positive,0.0,0.002197,24,S20,建筑倾斜超限,变形过大,危险报警,simulated,SIMULATED-EXCAVAGUARD-V1,TRUE,
JQ-01,2026-09-26,building_inclination,0.002278,1,positive,0.0,0.002237,24,S20,建筑倾斜超限,变形过大,危险报警,simulated,SIMULATED-EXCAVAGUARD-V1,TRUE,
JQ-01,2026-09-27,building_inclination,0.002319,1,positive,0.0,0.002278,24,S20,建筑倾斜超限,变形过大,危险报警,simulated,SIMULATED-EXCAVAGUARD-V1,TRUE,
JQ-01,2026-09-28,building_inclination,0.002359,1,positive,0.0,0.002319,24,S20,建筑倾斜超限,变形过大,危险报警,simulated,SIMULATED-EXCAVAGUARD-V1,TRUE,
JQ-01,2026-09-29,building_inclination,0.0024,1,positive,0.0,0.002359,24,S20,建筑倾斜超限,变形过大,危险报警,simulated,SIMULATED-EXCAVAGUARD-V1,TRUE,
JQ-02,2026-08-01,building_inclination,0.0,1,positive,0.0,,,S20,建筑倾斜超限,变形过大,危险报警,simulated,SIMULATED-EXCAVAGUARD-V1,TRUE,
JQ-02,2026-08-02,building_inclination,2.7e-05,1,positive,0.0,0.0,24,S20,建筑倾斜超限,变形过大,危险报警,simulated,SIMULATED-EXCAVAGUARD-V1,TRUE,
JQ-02,2026-08-03,building_inclination,5.4e-05,1,positive,0.0,2.7e-05,24,S20,建筑倾斜超限,变形过大,危险报警,simulated,SIMULATED-EXCAVAGUARD-V1,TRUE,
JQ-02,2026-08-04,building_inclination,8.1e-05,1,positive,0.0,5.4e-05,24,S20,建筑倾斜超限,变形过大,危险报警,simulated,SIMULATED-EXCAVAGUARD-V1,TRUE,
JQ-02,2026-08-05,building_inclination,0.000108,1,positive,0.0,8.1e-05,24,S20,建筑倾斜超限,变形过大,危险报警,simulated,SIMULATED-EXCAVAGUARD-V1,TRUE,
JQ-02,2026-08-06,building_inclination,0.000136,1,positive,0.0,0.000108,24,S20,建筑倾斜超限,变形过大,危险报警,simulated,SIMULATED-EXCAVAGUARD-V1,TRUE,
JQ-02,2026-08-07,building_inclination,0.000163,1,positive,0.0,0.000136,24,S20,建筑倾斜超限,变形过大,危险报警,simulated,SIMULATED-EXCAVAGUARD-V1,TRUE,
JQ-02,2026-08-08,building_inclination,0.00019,1,positive,0.0,0.000163,24,S20,建筑倾斜超限,变形过大,危险报警,simulated,SIMULATED-EXCAVAGUARD-V1,TRUE,
JQ-02,2026-08-09,building_inclination,0.000217,1,positive,0.0,0.00019,24,S20,建筑倾斜超限,变形过大,危险报警,simulated,SIMULATED-EXCAVAGUARD-V1,TRUE,
JQ-02,2026-08-10,building_inclination,0.000244,1,positive,0.0,0.000217,24,S20,建筑倾斜超限,变形过大,危险报警,simulated,SIMULATED-EXCAVAGUARD-V1,TRUE,
JQ-02,2026-08-11,building_inclination,0.000271,1,positive,0.0,0.000244,24,S20,建筑倾斜超限,变形过大,危险报警,simulated,SIMULATED-EXCAVAGUARD-V1,TRUE,
JQ-02,2026-08-12,building_inclination,0.000298,1,positive,0.0,0.000271,24,S20,建筑倾斜超限,变形过大,危险报警,simulated,SIMULATED-EXCAVAGUARD-V1,TRUE,
JQ-02,2026-08-13,building_inclination,0.000325,1,positive,0.0,0.000298,24,S20,建筑倾斜超限,变形过大,危险报警,simulated,SIMULATED-EXCAVAGUARD-V1,TRUE,
JQ-02,2026-08-14,building_inclination,0.000353,1,positive,0.0,0.000325,24,S20,建筑倾斜超限,变形过大,危险报警,simulated,SIMULATED-EXCAVAGUARD-V1,TRUE,
JQ-02,2026-08-15,building_inclination,0.00038,1,positive,0.0,0.000353,24,S20,建筑倾斜超限,变形过大,危险报警,simulated,SIMULATED-EXCAVAGUARD-V1,TRUE,
JQ-02,2026-08-16,building_inclination,0.000407,1,positive,0.0,0.00038,24,S20,建筑倾斜超限,变形过大,危险报警,simulated,SIMULATED-EXCAVAGUARD-V1,TRUE,
JQ-02,2026-08-17,building_inclination,0.000434,1,positive,0.0,0.000407,24,S20,建筑倾斜超限,变形过大,危险报警,simulated,SIMULATED-EXCAVAGUARD-V1,TRUE,
JQ-02,2026-08-18,building_inclination,0.000461,1,positive,0.0,0.000434,24,S20,建筑倾斜超限,变形过大,危险报警,simulated,SIMULATED-EXCAVAGUARD-V1,TRUE,
JQ-02,2026-08-19,building_inclination,0.000488,1,positive,0.0,0.000461,24,S20,建筑倾斜超限,变形过大,危险报警,simulated,SIMULATED-EXCAVAGUARD-V1,TRUE,
JQ-02,2026-08-20,building_inclination,0.000515,1,positive,0.0,0.000488,24,S20,建筑倾斜超限,变形过大,危险报警,simulated,SIMULATED-EXCAVAGUARD-V1,TRUE,
JQ-02,2026-08-21,building_inclination,0.000542,1,positive,0.0,0.000515,24,S20,建筑倾斜超限,变形过大,危险报警,simulated,SIMULATED-EXCAVAGUARD-V1,TRUE,
JQ-02,2026-08-22,building_inclination,0.000569,1,positive,0.0,0.000542,24,S20,建筑倾斜超限,变形过大,危险报警,simulated,SIMULATED-EXCAVAGUARD-V1,TRUE,
JQ-02,2026-08-23,building_inclination,0.000597,1,positive,0.0,0.000569,24,S20,建筑倾斜超限,变形过大,危险报警,simulated,SIMULATED-EXCAVAGUARD-V1,TRUE,
JQ-02,2026-08-24,building_inclination,0.000624,1,positive,0.0,0.000597,24,S20,建筑倾斜超限,变形过大,危险报警,simulated,SIMULATED-EXCAVAGUARD-V1,TRUE,
JQ-02,2026-08-25,building_inclination,0.000651,1,positive,0.0,0.000624,24,S20,建筑倾斜超限,变形过大,危险报警,simulated,SIMULATED-EXCAVAGUARD-V1,TRUE,
JQ-02,2026-08-26,building_inclination,0.000678,1,positive,0.0,0.000651,24,S20,建筑倾斜超限,变形过大,危险报警,simulated,SIMULATED-EXCAVAGUARD-V1,TRUE,
JQ-02,2026-08-27,building_inclination,0.000705,1,positive,0.0,0.000678,24,S20,建筑倾斜超限,变形过大,危险报警,simulated,SIMULATED-EXCAVAGUARD-V1,TRUE,
JQ-02,2026-08-28,building_inclination,0.000732,1,positive,0.0,0.000705,24,S20,建筑倾斜超限,变形过大,危险报警,simulated,SIMULATED-EXCAVAGUARD-V1,TRUE,
JQ-02,2026-08-29,building_inclination,0.000759,1,positive,0.0,0.000732,24,S20,建筑倾斜超限,变形过大,危险报警,simulated,SIMULATED-EXCAVAGUARD-V1,TRUE,
JQ-02,2026-08-30,building_inclination,0.000786,1,positive,0.0,0.000759,24,S20,建筑倾斜超限,变形过大,危险报警,simulated,SIMULATED-EXCAVAGUARD-V1,TRUE,
JQ-02,2026-08-31,building_inclination,0.000814,1,positive,0.0,0.000786,24,S20,建筑倾斜超限,变形过大,危险报警,simulated,SIMULATED-EXCAVAGUARD-V1,TRUE,
JQ-02,2026-09-01,building_inclination,0.000841,1,positive,0.0,0.000814,24,S20,建筑倾斜超限,变形过大,危险报警,simulated,SIMULATED-EXCAVAGUARD-V1,TRUE,
JQ-02,2026-09-02,building_inclination,0.000868,1,positive,0.0,0.000841,24,S20,建筑倾斜超限,变形过大,危险报警,simulated,SIMULATED-EXCAVAGUARD-V1,TRUE,
JQ-02,2026-09-03,building_inclination,0.000895,1,positive,0.0,0.000868,24,S20,建筑倾斜超限,变形过大,危险报警,simulated,SIMULATED-EXCAVAGUARD-V1,TRUE,
JQ-02,2026-09-04,building_inclination,0.000922,1,positive,0.0,0.000895,24,S20,建筑倾斜超限,变形过大,危险报警,simulated,SIMULATED-EXCAVAGUARD-V1,TRUE,
JQ-02,2026-09-05,building_inclination,0.000949,1,positive,0.0,0.000922,24,S20,建筑倾斜超限,变形过大,危险报警,simulated,SIMULATED-EXCAVAGUARD-V1,TRUE,
JQ-02,2026-09-06,building_inclination,0.000976,1,positive,0.0,0.000949,24,S20,建筑倾斜超限,变形过大,危险报警,simulated,SIMULATED-EXCAVAGUARD-V1,TRUE,
JQ-02,2026-09-07,building_inclination,0.001003,1,positive,0.0,0.000976,24,S20,建筑倾斜超限,变形过大,危险报警,simulated,SIMULATED-EXCAVAGUARD-V1,TRUE,
JQ-02,2026-09-08,building_inclination,0.001031,1,positive,0.0,0.001003,24,S20,建筑倾斜超限,变形过大,危险报警,simulated,SIMULATED-EXCAVAGUARD-V1,TRUE,
JQ-02,2026-09-09,building_inclination,0.001058,1,positive,0.0,0.001031,24,S20,建筑倾斜超限,变形过大,危险报警,simulated,SIMULATED-EXCAVAGUARD-V1,TRUE,
JQ-02,2026-09-10,building_inclination,0.001085,1,positive,0.0,0.001058,24,S20,建筑倾斜超限,变形过大,危险报警,simulated,SIMULATED-EXCAVAGUARD-V1,TRUE,
JQ-02,2026-09-11,building_inclination,0.001112,1,positive,0.0,0.001085,24,S20,建筑倾斜超限,变形过大,危险报警,simulated,SIMULATED-EXCAVAGUARD-V1,TRUE,
JQ-02,2026-09-12,building_inclination,0.001139,1,positive,0.0,0.001112,24,S20,建筑倾斜超限,变形过大,危险报警,simulated,SIMULATED-EXCAVAGUARD-V1,TRUE,
JQ-02,2026-09-13,building_inclination,0.001166,1,positive,0.0,0.001139,24,S20,建筑倾斜超限,变形过大,危险报警,simulated,SIMULATED-EXCAVAGUARD-V1,TRUE,
JQ-02,2026-09-14,building_inclination,0.001193,1,positive,0.0,0.001166,24,S20,建筑倾斜超限,变形过大,危险报警,simulated,SIMULATED-EXCAVAGUARD-V1,TRUE,
JQ-02,2026-09-15,building_inclination,0.00122,1,positive,0.0,0.001193,24,S20,建筑倾斜超限,变形过大,危险报警,simulated,SIMULATED-EXCAVAGUARD-V1,TRUE,
JQ-02,2026-09-16,building_inclination,0.001247,1,positive,0.0,0.00122,24,S20,建筑倾斜超限,变形过大,危险报警,simulated,SIMULATED-EXCAVAGUARD-V1,TRUE,
JQ-02,2026-09-17,building_inclination,0.001275,1,positive,0.0,0.001247,24,S20,建筑倾斜超限,变形过大,危险报警,simulated,SIMULATED-EXCAVAGUARD-V1,TRUE,
JQ-02,2026-09-18,building_inclination,0.001302,1,positive,0.0,0.001275,24,S20,建筑倾斜超限,变形过大,危险报警,simulated,SIMULATED-EXCAVAGUARD-V1,TRUE,
JQ-02,2026-09-19,building_inclination,0.001329,1,positive,0.0,0.001302,24,S20,建筑倾斜超限,变形过大,危险报警,simulated,SIMULATED-EXCAVAGUARD-V1,TRUE,
JQ-02,2026-09-20,building_inclination,0.001356,1,positive,0.0,0.001329,24,S20,建筑倾斜超限,变形过大,危险报警,simulated,SIMULATED-EXCAVAGUARD-V1,TRUE,
JQ-02,2026-09-21,building_inclination,0.001383,1,positive,0.0,0.001356,24,S20,建筑倾斜超限,变形过大,危险报警,simulated,SIMULATED-EXCAVAGUARD-V1,TRUE,
JQ-02,2026-09-22,building_inclination,0.00141,1,positive,0.0,0.001383,24,S20,建筑倾斜超限,变形过大,危险报警,simulated,SIMULATED-EXCAVAGUARD-V1,TRUE,
JQ-02,2026-09-23,building_inclination,0.001437,1,positive,0.0,0.00141,24,S20,建筑倾斜超限,变形过大,危险报警,simulated,SIMULATED-EXCAVAGUARD-V1,TRUE,
JQ-02,2026-09-24,building_inclination,0.001464,1,positive,0.0,0.001437,24,S20,建筑倾斜超限,变形过大,危险报警,simulated,SIMULATED-EXCAVAGUARD-V1,TRUE,
JQ-02,2026-09-25,building_inclination,0.001492,1,positive,0.0,0.001464,24,S20,建筑倾斜超限,变形过大,危险报警,simulated,SIMULATED-EXCAVAGUARD-V1,TRUE,
JQ-02,2026-09-26,building_inclination,0.001519,1,positive,0.0,0.001492,24,S20,建筑倾斜超限,变形过大,危险报警,simulated,SIMULATED-EXCAVAGUARD-V1,TRUE,
JQ-02,2026-09-27,building_inclination,0.001546,1,positive,0.0,0.001519,24,S20,建筑倾斜超限,变形过大,危险报警,simulated,SIMULATED-EXCAVAGUARD-V1,TRUE,
JQ-02,2026-09-28,building_inclination,0.001573,1,positive,0.0,0.001546,24,S20,建筑倾斜超限,变形过大,危险报警,simulated,SIMULATED-EXCAVAGUARD-V1,TRUE,
JQ-02,2026-09-29,building_inclination,0.0016,1,positive,0.0,0.001573,24,S20,建筑倾斜超限,变形过大,危险报警,simulated,SIMULATED-EXCAVAGUARD-V1,TRUE,
GX-01,2026-08-01,pipeline_settlement,-0.0,mm,negative,-0.0,,,S21,管线与道路沉降,变形过大,报警,simulated,SIMULATED-EXCAVAGUARD-V1,TRUE,
GX-01,2026-08-02,pipeline_settlement,-0.056,mm,negative,-0.0,-0.0,24,S21,管线与道路沉降,变形过大,报警,simulated,SIMULATED-EXCAVAGUARD-V1,TRUE,
GX-01,2026-08-03,pipeline_settlement,-0.112,mm,negative,-0.0,-0.056,24,S21,管线与道路沉降,变形过大,报警,simulated,SIMULATED-EXCAVAGUARD-V1,TRUE,
GX-01,2026-08-04,pipeline_settlement,-0.168,mm,negative,-0.0,-0.112,24,S21,管线与道路沉降,变形过大,报警,simulated,SIMULATED-EXCAVAGUARD-V1,TRUE,
GX-01,2026-08-05,pipeline_settlement,-0.224,mm,negative,-0.0,-0.168,24,S21,管线与道路沉降,变形过大,报警,simulated,SIMULATED-EXCAVAGUARD-V1,TRUE,
GX-01,2026-08-06,pipeline_settlement,-0.28,mm,negative,-0.0,-0.224,24,S21,管线与道路沉降,变形过大,报警,simulated,SIMULATED-EXCAVAGUARD-V1,TRUE,
GX-01,2026-08-07,pipeline_settlement,-0.336,mm,negative,-0.0,-0.28,24,S21,管线与道路沉降,变形过大,报警,simulated,SIMULATED-EXCAVAGUARD-V1,TRUE,
GX-01,2026-08-08,pipeline_settlement,-0.392,mm,negative,-0.0,-0.336,24,S21,管线与道路沉降,变形过大,报警,simulated,SIMULATED-EXCAVAGUARD-V1,TRUE,
GX-01,2026-08-09,pipeline_settlement,-0.447,mm,negative,-0.0,-0.392,24,S21,管线与道路沉降,变形过大,报警,simulated,SIMULATED-EXCAVAGUARD-V1,TRUE,
GX-01,2026-08-10,pipeline_settlement,-0.503,mm,negative,-0.0,-0.447,24,S21,管线与道路沉降,变形过大,报警,simulated,SIMULATED-EXCAVAGUARD-V1,TRUE,
GX-01,2026-08-11,pipeline_settlement,-0.559,mm,negative,-0.0,-0.503,24,S21,管线与道路沉降,变形过大,报警,simulated,SIMULATED-EXCAVAGUARD-V1,TRUE,
GX-01,2026-08-12,pipeline_settlement,-0.615,mm,negative,-0.0,-0.559,24,S21,管线与道路沉降,变形过大,报警,simulated,SIMULATED-EXCAVAGUARD-V1,TRUE,
GX-01,2026-08-13,pipeline_settlement,-0.671,mm,negative,-0.0,-0.615,24,S21,管线与道路沉降,变形过大,报警,simulated,SIMULATED-EXCAVAGUARD-V1,TRUE,
GX-01,2026-08-14,pipeline_settlement,-0.727,mm,negative,-0.0,-0.671,24,S21,管线与道路沉降,变形过大,报警,simulated,SIMULATED-EXCAVAGUARD-V1,TRUE,
GX-01,2026-08-15,pipeline_settlement,-0.783,mm,negative,-0.0,-0.727,24,S21,管线与道路沉降,变形过大,报警,simulated,SIMULATED-EXCAVAGUARD-V1,TRUE,
GX-01,2026-08-16,pipeline_settlement,-0.839,mm,negative,-0.0,-0.783,24,S21,管线与道路沉降,变形过大,报警,simulated,SIMULATED-EXCAVAGUARD-V1,TRUE,
GX-01,2026-08-17,pipeline_settlement,-0.895,mm,negative,-0.0,-0.839,24,S21,管线与道路沉降,变形过大,报警,simulated,SIMULATED-EXCAVAGUARD-V1,TRUE,
GX-01,2026-08-18,pipeline_settlement,-0.951,mm,negative,-0.0,-0.895,24,S21,管线与道路沉降,变形过大,报警,simulated,SIMULATED-EXCAVAGUARD-V1,TRUE,
GX-01,2026-08-19,pipeline_settlement,-1.007,mm,negative,-0.0,-0.951,24,S21,管线与道路沉降,变形过大,报警,simulated,SIMULATED-EXCAVAGUARD-V1,TRUE,
GX-01,2026-08-20,pipeline_settlement,-1.063,mm,negative,-0.0,-1.007,24,S21,管线与道路沉降,变形过大,报警,simulated,SIMULATED-EXCAVAGUARD-V1,TRUE,
GX-01,2026-08-21,pipeline_settlement,-1.119,mm,negative,-0.0,-1.063,24,S21,管线与道路沉降,变形过大,报警,simulated,SIMULATED-EXCAVAGUARD-V1,TRUE,
GX-01,2026-08-22,pipeline_settlement,-1.175,mm,negative,-0.0,-1.119,24,S21,管线与道路沉降,变形过大,报警,simulated,SIMULATED-EXCAVAGUARD-V1,TRUE,
GX-01,2026-08-23,pipeline_settlement,-1.231,mm,negative,-0.0,-1.175,24,S21,管线与道路沉降,变形过大,报警,simulated,SIMULATED-EXCAVAGUARD-V1,TRUE,
GX-01,2026-08-24,pipeline_settlement,-1.286,mm,negative,-0.0,-1.231,24,S21,管线与道路沉降,变形过大,报警,simulated,SIMULATED-EXCAVAGUARD-V1,TRUE,
GX-01,2026-08-25,pipeline_settlement,-1.342,mm,negative,-0.0,-1.286,24,S21,管线与道路沉降,变形过大,报警,simulated,SIMULATED-EXCAVAGUARD-V1,TRUE,
GX-01,2026-08-26,pipeline_settlement,-1.398,mm,negative,-0.0,-1.342,24,S21,管线与道路沉降,变形过大,报警,simulated,SIMULATED-EXCAVAGUARD-V1,TRUE,
GX-01,2026-08-27,pipeline_settlement,-1.454,mm,negative,-0.0,-1.398,24,S21,管线与道路沉降,变形过大,报警,simulated,SIMULATED-EXCAVAGUARD-V1,TRUE,
GX-01,2026-08-28,pipeline_settlement,-1.51,mm,negative,-0.0,-1.454,24,S21,管线与道路沉降,变形过大,报警,simulated,SIMULATED-EXCAVAGUARD-V1,TRUE,
GX-01,2026-08-29,pipeline_settlement,-1.566,mm,negative,-0.0,-1.51,24,S21,管线与道路沉降,变形过大,报警,simulated,SIMULATED-EXCAVAGUARD-V1,TRUE,
GX-01,2026-08-30,pipeline_settlement,-1.622,mm,negative,-0.0,-1.566,24,S21,管线与道路沉降,变形过大,报警,simulated,SIMULATED-EXCAVAGUARD-V1,TRUE,
GX-01,2026-08-31,pipeline_settlement,-1.678,mm,negative,-0.0,-1.622,24,S21,管线与道路沉降,变形过大,报警,simulated,SIMULATED-EXCAVAGUARD-V1,TRUE,
GX-01,2026-09-01,pipeline_settlement,-1.734,mm,negative,-0.0,-1.678,24,S21,管线与道路沉降,变形过大,报警,simulated,SIMULATED-EXCAVAGUARD-V1,TRUE,
GX-01,2026-09-02,pipeline_settlement,-1.79,mm,negative,-0.0,-1.734,24,S21,管线与道路沉降,变形过大,报警,simulated,SIMULATED-EXCAVAGUARD-V1,TRUE,
GX-01,2026-09-03,pipeline_settlement,-1.846,mm,negative,-0.0,-1.79,24,S21,管线与道路沉降,变形过大,报警,simulated,SIMULATED-EXCAVAGUARD-V1,TRUE,
GX-01,2026-09-04,pipeline_settlement,-1.902,mm,negative,-0.0,-1.846,24,S21,管线与道路沉降,变形过大,报警,simulated,SIMULATED-EXCAVAGUARD-V1,TRUE,
GX-01,2026-09-05,pipeline_settlement,-1.958,mm,negative,-0.0,-1.902,24,S21,管线与道路沉降,变形过大,报警,simulated,SIMULATED-EXCAVAGUARD-V1,TRUE,
GX-01,2026-09-06,pipeline_settlement,-2.014,mm,negative,-0.0,-1.958,24,S21,管线与道路沉降,变形过大,报警,simulated,SIMULATED-EXCAVAGUARD-V1,TRUE,
GX-01,2026-09-07,pipeline_settlement,-2.069,mm,negative,-0.0,-2.014,24,S21,管线与道路沉降,变形过大,报警,simulated,SIMULATED-EXCAVAGUARD-V1,TRUE,
GX-01,2026-09-08,pipeline_settlement,-2.125,mm,negative,-0.0,-2.069,24,S21,管线与道路沉降,变形过大,报警,simulated,SIMULATED-EXCAVAGUARD-V1,TRUE,
GX-01,2026-09-09,pipeline_settlement,-2.181,mm,negative,-0.0,-2.125,24,S21,管线与道路沉降,变形过大,报警,simulated,SIMULATED-EXCAVAGUARD-V1,TRUE,
GX-01,2026-09-10,pipeline_settlement,-2.237,mm,negative,-0.0,-2.181,24,S21,管线与道路沉降,变形过大,报警,simulated,SIMULATED-EXCAVAGUARD-V1,TRUE,
GX-01,2026-09-11,pipeline_settlement,-2.293,mm,negative,-0.0,-2.237,24,S21,管线与道路沉降,变形过大,报警,simulated,SIMULATED-EXCAVAGUARD-V1,TRUE,
GX-01,2026-09-12,pipeline_settlement,-2.349,mm,negative,-0.0,-2.293,24,S21,管线与道路沉降,变形过大,报警,simulated,SIMULATED-EXCAVAGUARD-V1,TRUE,
GX-01,2026-09-13,pipeline_settlement,-2.405,mm,negative,-0.0,-2.349,24,S21,管线与道路沉降,变形过大,报警,simulated,SIMULATED-EXCAVAGUARD-V1,TRUE,
GX-01,2026-09-14,pipeline_settlement,-2.461,mm,negative,-0.0,-2.405,24,S21,管线与道路沉降,变形过大,报警,simulated,SIMULATED-EXCAVAGUARD-V1,TRUE,
GX-01,2026-09-15,pipeline_settlement,-2.517,mm,negative,-0.0,-2.461,24,S21,管线与道路沉降,变形过大,报警,simulated,SIMULATED-EXCAVAGUARD-V1,TRUE,
GX-01,2026-09-16,pipeline_settlement,-2.573,mm,negative,-0.0,-2.517,24,S21,管线与道路沉降,变形过大,报警,simulated,SIMULATED-EXCAVAGUARD-V1,TRUE,
GX-01,2026-09-17,pipeline_settlement,-2.629,mm,negative,-0.0,-2.573,24,S21,管线与道路沉降,变形过大,报警,simulated,SIMULATED-EXCAVAGUARD-V1,TRUE,
GX-01,2026-09-18,pipeline_settlement,-2.685,mm,negative,-0.0,-2.629,24,S21,管线与道路沉降,变形过大,报警,simulated,SIMULATED-EXCAVAGUARD-V1,TRUE,
GX-01,2026-09-19,pipeline_settlement,-2.741,mm,negative,-0.0,-2.685,24,S21,管线与道路沉降,变形过大,报警,simulated,SIMULATED-EXCAVAGUARD-V1,TRUE,
GX-01,2026-09-20,pipeline_settlement,-2.797,mm,negative,-0.0,-2.741,24,S21,管线与道路沉降,变形过大,报警,simulated,SIMULATED-EXCAVAGUARD-V1,TRUE,
GX-01,2026-09-21,pipeline_settlement,-2.853,mm,negative,-0.0,-2.797,24,S21,管线与道路沉降,变形过大,报警,simulated,SIMULATED-EXCAVAGUARD-V1,TRUE,
GX-01,2026-09-22,pipeline_settlement,-2.908,mm,negative,-0.0,-2.853,24,S21,管线与道路沉降,变形过大,报警,simulated,SIMULATED-EXCAVAGUARD-V1,TRUE,
GX-01,2026-09-23,pipeline_settlement,-2.964,mm,negative,-0.0,-2.908,24,S21,管线与道路沉降,变形过大,报警,simulated,SIMULATED-EXCAVAGUARD-V1,TRUE,
GX-01,2026-09-24,pipeline_settlement,-3.02,mm,negative,-0.0,-2.964,24,S21,管线与道路沉降,变形过大,报警,simulated,SIMULATED-EXCAVAGUARD-V1,TRUE,
GX-01,2026-09-25,pipeline_settlement,-3.076,mm,negative,-0.0,-3.02,24,S21,管线与道路沉降,变形过大,报警,simulated,SIMULATED-EXCAVAGUARD-V1,TRUE,
GX-01,2026-09-26,pipeline_settlement,-3.132,mm,negative,-0.0,-3.076,24,S21,管线与道路沉降,变形过大,报警,simulated,SIMULATED-EXCAVAGUARD-V1,TRUE,
GX-01,2026-09-27,pipeline_settlement,-3.188,mm,negative,-0.0,-3.132,24,S21,管线与道路沉降,变形过大,报警,simulated,SIMULATED-EXCAVAGUARD-V1,TRUE,
GX-01,2026-09-28,pipeline_settlement,-3.244,mm,negative,-0.0,-3.188,24,S21,管线与道路沉降,变形过大,报警,simulated,SIMULATED-EXCAVAGUARD-V1,TRUE,
GX-01,2026-09-29,pipeline_settlement,-3.3,mm,negative,-0.0,-3.244,24,S21,管线与道路沉降,变形过大,报警,simulated,SIMULATED-EXCAVAGUARD-V1,TRUE,
DL-01,2026-08-01,road_settlement,-0.0,mm,negative,-0.0,,,S21,管线与道路沉降,变形过大,报警,simulated,SIMULATED-EXCAVAGUARD-V1,TRUE,
DL-01,2026-08-02,road_settlement,-0.059,mm,negative,-0.0,-0.0,24,S21,管线与道路沉降,变形过大,报警,simulated,SIMULATED-EXCAVAGUARD-V1,TRUE,
DL-01,2026-08-03,road_settlement,-0.119,mm,negative,-0.0,-0.059,24,S21,管线与道路沉降,变形过大,报警,simulated,SIMULATED-EXCAVAGUARD-V1,TRUE,
DL-01,2026-08-04,road_settlement,-0.178,mm,negative,-0.0,-0.119,24,S21,管线与道路沉降,变形过大,报警,simulated,SIMULATED-EXCAVAGUARD-V1,TRUE,
DL-01,2026-08-05,road_settlement,-0.237,mm,negative,-0.0,-0.178,24,S21,管线与道路沉降,变形过大,报警,simulated,SIMULATED-EXCAVAGUARD-V1,TRUE,
DL-01,2026-08-06,road_settlement,-0.297,mm,negative,-0.0,-0.237,24,S21,管线与道路沉降,变形过大,报警,simulated,SIMULATED-EXCAVAGUARD-V1,TRUE,
DL-01,2026-08-07,road_settlement,-0.356,mm,negative,-0.0,-0.297,24,S21,管线与道路沉降,变形过大,报警,simulated,SIMULATED-EXCAVAGUARD-V1,TRUE,
DL-01,2026-08-08,road_settlement,-0.415,mm,negative,-0.0,-0.356,24,S21,管线与道路沉降,变形过大,报警,simulated,SIMULATED-EXCAVAGUARD-V1,TRUE,
DL-01,2026-08-09,road_settlement,-0.475,mm,negative,-0.0,-0.415,24,S21,管线与道路沉降,变形过大,报警,simulated,SIMULATED-EXCAVAGUARD-V1,TRUE,
DL-01,2026-08-10,road_settlement,-0.534,mm,negative,-0.0,-0.475,24,S21,管线与道路沉降,变形过大,报警,simulated,SIMULATED-EXCAVAGUARD-V1,TRUE,
DL-01,2026-08-11,road_settlement,-0.593,mm,negative,-0.0,-0.534,24,S21,管线与道路沉降,变形过大,报警,simulated,SIMULATED-EXCAVAGUARD-V1,TRUE,
DL-01,2026-08-12,road_settlement,-0.653,mm,negative,-0.0,-0.593,24,S21,管线与道路沉降,变形过大,报警,simulated,SIMULATED-EXCAVAGUARD-V1,TRUE,
DL-01,2026-08-13,road_settlement,-0.712,mm,negative,-0.0,-0.653,24,S21,管线与道路沉降,变形过大,报警,simulated,SIMULATED-EXCAVAGUARD-V1,TRUE,
DL-01,2026-08-14,road_settlement,-0.771,mm,negative,-0.0,-0.712,24,S21,管线与道路沉降,变形过大,报警,simulated,SIMULATED-EXCAVAGUARD-V1,TRUE,
DL-01,2026-08-15,road_settlement,-0.831,mm,negative,-0.0,-0.771,24,S21,管线与道路沉降,变形过大,报警,simulated,SIMULATED-EXCAVAGUARD-V1,TRUE,
DL-01,2026-08-16,road_settlement,-0.89,mm,negative,-0.0,-0.831,24,S21,管线与道路沉降,变形过大,报警,simulated,SIMULATED-EXCAVAGUARD-V1,TRUE,
DL-01,2026-08-17,road_settlement,-0.949,mm,negative,-0.0,-0.89,24,S21,管线与道路沉降,变形过大,报警,simulated,SIMULATED-EXCAVAGUARD-V1,TRUE,
DL-01,2026-08-18,road_settlement,-1.008,mm,negative,-0.0,-0.949,24,S21,管线与道路沉降,变形过大,报警,simulated,SIMULATED-EXCAVAGUARD-V1,TRUE,
DL-01,2026-08-19,road_settlement,-1.068,mm,negative,-0.0,-1.008,24,S21,管线与道路沉降,变形过大,报警,simulated,SIMULATED-EXCAVAGUARD-V1,TRUE,
DL-01,2026-08-20,road_settlement,-1.127,mm,negative,-0.0,-1.068,24,S21,管线与道路沉降,变形过大,报警,simulated,SIMULATED-EXCAVAGUARD-V1,TRUE,
DL-01,2026-08-21,road_settlement,-1.186,mm,negative,-0.0,-1.127,24,S21,管线与道路沉降,变形过大,报警,simulated,SIMULATED-EXCAVAGUARD-V1,TRUE,
DL-01,2026-08-22,road_settlement,-1.246,mm,negative,-0.0,-1.186,24,S21,管线与道路沉降,变形过大,报警,simulated,SIMULATED-EXCAVAGUARD-V1,TRUE,
DL-01,2026-08-23,road_settlement,-1.305,mm,negative,-0.0,-1.246,24,S21,管线与道路沉降,变形过大,报警,simulated,SIMULATED-EXCAVAGUARD-V1,TRUE,
DL-01,2026-08-24,road_settlement,-1.364,mm,negative,-0.0,-1.305,24,S21,管线与道路沉降,变形过大,报警,simulated,SIMULATED-EXCAVAGUARD-V1,TRUE,
DL-01,2026-08-25,road_settlement,-1.424,mm,negative,-0.0,-1.364,24,S21,管线与道路沉降,变形过大,报警,simulated,SIMULATED-EXCAVAGUARD-V1,TRUE,
DL-01,2026-08-26,road_settlement,-1.483,mm,negative,-0.0,-1.424,24,S21,管线与道路沉降,变形过大,报警,simulated,SIMULATED-EXCAVAGUARD-V1,TRUE,
DL-01,2026-08-27,road_settlement,-1.542,mm,negative,-0.0,-1.483,24,S21,管线与道路沉降,变形过大,报警,simulated,SIMULATED-EXCAVAGUARD-V1,TRUE,
DL-01,2026-08-28,road_settlement,-1.602,mm,negative,-0.0,-1.542,24,S21,管线与道路沉降,变形过大,报警,simulated,SIMULATED-EXCAVAGUARD-V1,TRUE,
DL-01,2026-08-29,road_settlement,-1.661,mm,negative,-0.0,-1.602,24,S21,管线与道路沉降,变形过大,报警,simulated,SIMULATED-EXCAVAGUARD-V1,TRUE,
DL-01,2026-08-30,road_settlement,-1.72,mm,negative,-0.0,-1.661,24,S21,管线与道路沉降,变形过大,报警,simulated,SIMULATED-EXCAVAGUARD-V1,TRUE,
DL-01,2026-08-31,road_settlement,-1.78,mm,negative,-0.0,-1.72,24,S21,管线与道路沉降,变形过大,报警,simulated,SIMULATED-EXCAVAGUARD-V1,TRUE,
DL-01,2026-09-01,road_settlement,-1.839,mm,negative,-0.0,-1.78,24,S21,管线与道路沉降,变形过大,报警,simulated,SIMULATED-EXCAVAGUARD-V1,TRUE,
DL-01,2026-09-02,road_settlement,-1.898,mm,negative,-0.0,-1.839,24,S21,管线与道路沉降,变形过大,报警,simulated,SIMULATED-EXCAVAGUARD-V1,TRUE,
DL-01,2026-09-03,road_settlement,-1.958,mm,negative,-0.0,-1.898,24,S21,管线与道路沉降,变形过大,报警,simulated,SIMULATED-EXCAVAGUARD-V1,TRUE,
DL-01,2026-09-04,road_settlement,-2.017,mm,negative,-0.0,-1.958,24,S21,管线与道路沉降,变形过大,报警,simulated,SIMULATED-EXCAVAGUARD-V1,TRUE,
DL-01,2026-09-05,road_settlement,-2.076,mm,negative,-0.0,-2.017,24,S21,管线与道路沉降,变形过大,报警,simulated,SIMULATED-EXCAVAGUARD-V1,TRUE,
DL-01,2026-09-06,road_settlement,-2.136,mm,negative,-0.0,-2.076,24,S21,管线与道路沉降,变形过大,报警,simulated,SIMULATED-EXCAVAGUARD-V1,TRUE,
DL-01,2026-09-07,road_settlement,-2.195,mm,negative,-0.0,-2.136,24,S21,管线与道路沉降,变形过大,报警,simulated,SIMULATED-EXCAVAGUARD-V1,TRUE,
DL-01,2026-09-08,road_settlement,-2.254,mm,negative,-0.0,-2.195,24,S21,管线与道路沉降,变形过大,报警,simulated,SIMULATED-EXCAVAGUARD-V1,TRUE,
DL-01,2026-09-09,road_settlement,-2.314,mm,negative,-0.0,-2.254,24,S21,管线与道路沉降,变形过大,报警,simulated,SIMULATED-EXCAVAGUARD-V1,TRUE,
DL-01,2026-09-10,road_settlement,-2.373,mm,negative,-0.0,-2.314,24,S21,管线与道路沉降,变形过大,报警,simulated,SIMULATED-EXCAVAGUARD-V1,TRUE,
DL-01,2026-09-11,road_settlement,-2.432,mm,negative,-0.0,-2.373,24,S21,管线与道路沉降,变形过大,报警,simulated,SIMULATED-EXCAVAGUARD-V1,TRUE,
DL-01,2026-09-12,road_settlement,-2.492,mm,negative,-0.0,-2.432,24,S21,管线与道路沉降,变形过大,报警,simulated,SIMULATED-EXCAVAGUARD-V1,TRUE,
DL-01,2026-09-13,road_settlement,-2.551,mm,negative,-0.0,-2.492,24,S21,管线与道路沉降,变形过大,报警,simulated,SIMULATED-EXCAVAGUARD-V1,TRUE,
DL-01,2026-09-14,road_settlement,-2.61,mm,negative,-0.0,-2.551,24,S21,管线与道路沉降,变形过大,报警,simulated,SIMULATED-EXCAVAGUARD-V1,TRUE,
DL-01,2026-09-15,road_settlement,-2.669,mm,negative,-0.0,-2.61,24,S21,管线与道路沉降,变形过大,报警,simulated,SIMULATED-EXCAVAGUARD-V1,TRUE,
DL-01,2026-09-16,road_settlement,-2.729,mm,negative,-0.0,-2.669,24,S21,管线与道路沉降,变形过大,报警,simulated,SIMULATED-EXCAVAGUARD-V1,TRUE,
DL-01,2026-09-17,road_settlement,-2.788,mm,negative,-0.0,-2.729,24,S21,管线与道路沉降,变形过大,报警,simulated,SIMULATED-EXCAVAGUARD-V1,TRUE,
DL-01,2026-09-18,road_settlement,-2.847,mm,negative,-0.0,-2.788,24,S21,管线与道路沉降,变形过大,报警,simulated,SIMULATED-EXCAVAGUARD-V1,TRUE,
DL-01,2026-09-19,road_settlement,-2.907,mm,negative,-0.0,-2.847,24,S21,管线与道路沉降,变形过大,报警,simulated,SIMULATED-EXCAVAGUARD-V1,TRUE,
DL-01,2026-09-20,road_settlement,-2.966,mm,negative,-0.0,-2.907,24,S21,管线与道路沉降,变形过大,报警,simulated,SIMULATED-EXCAVAGUARD-V1,TRUE,
DL-01,2026-09-21,road_settlement,-3.025,mm,negative,-0.0,-2.966,24,S21,管线与道路沉降,变形过大,报警,simulated,SIMULATED-EXCAVAGUARD-V1,TRUE,
DL-01,2026-09-22,road_settlement,-3.085,mm,negative,-0.0,-3.025,24,S21,管线与道路沉降,变形过大,报警,simulated,SIMULATED-EXCAVAGUARD-V1,TRUE,
DL-01,2026-09-23,road_settlement,-3.144,mm,negative,-0.0,-3.085,24,S21,管线与道路沉降,变形过大,报警,simulated,SIMULATED-EXCAVAGUARD-V1,TRUE,
DL-01,2026-09-24,road_settlement,-3.203,mm,negative,-0.0,-3.144,24,S21,管线与道路沉降,变形过大,报警,simulated,SIMULATED-EXCAVAGUARD-V1,TRUE,
DL-01,2026-09-25,road_settlement,-3.263,mm,negative,-0.0,-3.203,24,S21,管线与道路沉降,变形过大,报警,simulated,SIMULATED-EXCAVAGUARD-V1,TRUE,
DL-01,2026-09-26,road_settlement,-3.322,mm,negative,-0.0,-3.263,24,S21,管线与道路沉降,变形过大,报警,simulated,SIMULATED-EXCAVAGUARD-V1,TRUE,
DL-01,2026-09-27,road_settlement,-3.381,mm,negative,-0.0,-3.322,24,S21,管线与道路沉降,变形过大,报警,simulated,SIMULATED-EXCAVAGUARD-V1,TRUE,
DL-01,2026-09-28,road_settlement,-3.441,mm,negative,-0.0,-3.381,24,S21,管线与道路沉降,变形过大,报警,simulated,SIMULATED-EXCAVAGUARD-V1,TRUE,
DL-01,2026-09-29,road_settlement,-3.5,mm,negative,-0.0,-3.441,24,S21,管线与道路沉降,变形过大,报警,simulated,SIMULATED-EXCAVAGUARD-V1,TRUE,
TL-01,2026-08-01,earth_pressure,0.0,kPa,positive,0.0,,,S22,土压力与内力超限,支护受力异常,报警,simulated,SIMULATED-EXCAVAGUARD-V1,TRUE,
TL-01,2026-08-02,earth_pressure,7.295,kPa,positive,0.0,0.0,24,S22,土压力与内力超限,支护受力异常,报警,simulated,SIMULATED-EXCAVAGUARD-V1,TRUE,
TL-01,2026-08-03,earth_pressure,14.197,kPa,positive,0.0,7.295,24,S22,土压力与内力超限,支护受力异常,报警,simulated,SIMULATED-EXCAVAGUARD-V1,TRUE,
TL-01,2026-08-04,earth_pressure,20.725,kPa,positive,0.0,14.197,24,S22,土压力与内力超限,支护受力异常,报警,simulated,SIMULATED-EXCAVAGUARD-V1,TRUE,
TL-01,2026-08-05,earth_pressure,26.9,kPa,positive,0.0,20.725,24,S22,土压力与内力超限,支护受力异常,报警,simulated,SIMULATED-EXCAVAGUARD-V1,TRUE,
TL-01,2026-08-06,earth_pressure,32.742,kPa,positive,0.0,26.9,24,S22,土压力与内力超限,支护受力异常,报警,simulated,SIMULATED-EXCAVAGUARD-V1,TRUE,
TL-01,2026-08-07,earth_pressure,38.268,kPa,positive,0.0,32.742,24,S22,土压力与内力超限,支护受力异常,报警,simulated,SIMULATED-EXCAVAGUARD-V1,TRUE,
TL-01,2026-08-08,earth_pressure,43.496,kPa,positive,0.0,38.268,24,S22,土压力与内力超限,支护受力异常,报警,simulated,SIMULATED-EXCAVAGUARD-V1,TRUE,
TL-01,2026-08-09,earth_pressure,48.441,kPa,positive,0.0,43.496,24,S22,土压力与内力超限,支护受力异常,报警,simulated,SIMULATED-EXCAVAGUARD-V1,TRUE,
TL-01,2026-08-10,earth_pressure,53.118,kPa,positive,0.0,48.441,24,S22,土压力与内力超限,支护受力异常,报警,simulated,SIMULATED-EXCAVAGUARD-V1,TRUE,
TL-01,2026-08-11,earth_pressure,57.543,kPa,positive,0.0,53.118,24,S22,土压力与内力超限,支护受力异常,报警,simulated,SIMULATED-EXCAVAGUARD-V1,TRUE,
TL-01,2026-08-12,earth_pressure,61.729,kPa,positive,0.0,57.543,24,S22,土压力与内力超限,支护受力异常,报警,simulated,SIMULATED-EXCAVAGUARD-V1,TRUE,
TL-01,2026-08-13,earth_pressure,65.689,kPa,positive,0.0,61.729,24,S22,土压力与内力超限,支护受力异常,报警,simulated,SIMULATED-EXCAVAGUARD-V1,TRUE,
TL-01,2026-08-14,earth_pressure,69.434,kPa,positive,0.0,65.689,24,S22,土压力与内力超限,支护受力异常,报警,simulated,SIMULATED-EXCAVAGUARD-V1,TRUE,
TL-01,2026-08-15,earth_pressure,72.978,kPa,positive,0.0,69.434,24,S22,土压力与内力超限,支护受力异常,报警,simulated,SIMULATED-EXCAVAGUARD-V1,TRUE,
TL-01,2026-08-16,earth_pressure,76.329,kPa,positive,0.0,72.978,24,S22,土压力与内力超限,支护受力异常,报警,simulated,SIMULATED-EXCAVAGUARD-V1,TRUE,
TL-01,2026-08-17,earth_pressure,79.5,kPa,positive,0.0,76.329,24,S22,土压力与内力超限,支护受力异常,报警,simulated,SIMULATED-EXCAVAGUARD-V1,TRUE,
TL-01,2026-08-18,earth_pressure,82.499,kPa,positive,0.0,79.5,24,S22,土压力与内力超限,支护受力异常,报警,simulated,SIMULATED-EXCAVAGUARD-V1,TRUE,
TL-01,2026-08-19,earth_pressure,85.336,kPa,positive,0.0,82.499,24,S22,土压力与内力超限,支护受力异常,报警,simulated,SIMULATED-EXCAVAGUARD-V1,TRUE,
TL-01,2026-08-20,earth_pressure,88.02,kPa,positive,0.0,85.336,24,S22,土压力与内力超限,支护受力异常,报警,simulated,SIMULATED-EXCAVAGUARD-V1,TRUE,
TL-01,2026-08-21,earth_pressure,90.559,kPa,positive,0.0,88.02,24,S22,土压力与内力超限,支护受力异常,报警,simulated,SIMULATED-EXCAVAGUARD-V1,TRUE,
TL-01,2026-08-22,earth_pressure,92.961,kPa,positive,0.0,90.559,24,S22,土压力与内力超限,支护受力异常,报警,simulated,SIMULATED-EXCAVAGUARD-V1,TRUE,
TL-01,2026-08-23,earth_pressure,95.232,kPa,positive,0.0,92.961,24,S22,土压力与内力超限,支护受力异常,报警,simulated,SIMULATED-EXCAVAGUARD-V1,TRUE,
TL-01,2026-08-24,earth_pressure,97.381,kPa,positive,0.0,95.232,24,S22,土压力与内力超限,支护受力异常,报警,simulated,SIMULATED-EXCAVAGUARD-V1,TRUE,
TL-01,2026-08-25,earth_pressure,99.414,kPa,positive,0.0,97.381,24,S22,土压力与内力超限,支护受力异常,报警,simulated,SIMULATED-EXCAVAGUARD-V1,TRUE,
TL-01,2026-08-26,earth_pressure,101.337,kPa,positive,0.0,99.414,24,S22,土压力与内力超限,支护受力异常,报警,simulated,SIMULATED-EXCAVAGUARD-V1,TRUE,
TL-01,2026-08-27,earth_pressure,103.157,kPa,positive,0.0,101.337,24,S22,土压力与内力超限,支护受力异常,报警,simulated,SIMULATED-EXCAVAGUARD-V1,TRUE,
TL-01,2026-08-28,earth_pressure,104.877,kPa,positive,0.0,103.157,24,S22,土压力与内力超限,支护受力异常,报警,simulated,SIMULATED-EXCAVAGUARD-V1,TRUE,
TL-01,2026-08-29,earth_pressure,106.505,kPa,positive,0.0,104.877,24,S22,土压力与内力超限,支护受力异常,报警,simulated,SIMULATED-EXCAVAGUARD-V1,TRUE,
TL-01,2026-08-30,earth_pressure,108.045,kPa,positive,0.0,106.505,24,S22,土压力与内力超限,支护受力异常,报警,simulated,SIMULATED-EXCAVAGUARD-V1,TRUE,
TL-01,2026-08-31,earth_pressure,109.502,kPa,positive,0.0,108.045,24,S22,土压力与内力超限,支护受力异常,报警,simulated,SIMULATED-EXCAVAGUARD-V1,TRUE,
TL-01,2026-09-01,earth_pressure,110.88,kPa,positive,0.0,109.502,24,S22,土压力与内力超限,支护受力异常,报警,simulated,SIMULATED-EXCAVAGUARD-V1,TRUE,
TL-01,2026-09-02,earth_pressure,112.183,kPa,positive,0.0,110.88,24,S22,土压力与内力超限,支护受力异常,报警,simulated,SIMULATED-EXCAVAGUARD-V1,TRUE,
TL-01,2026-09-03,earth_pressure,113.416,kPa,positive,0.0,112.183,24,S22,土压力与内力超限,支护受力异常,报警,simulated,SIMULATED-EXCAVAGUARD-V1,TRUE,
TL-01,2026-09-04,earth_pressure,114.583,kPa,positive,0.0,113.416,24,S22,土压力与内力超限,支护受力异常,报警,simulated,SIMULATED-EXCAVAGUARD-V1,TRUE,
TL-01,2026-09-05,earth_pressure,115.686,kPa,positive,0.0,114.583,24,S22,土压力与内力超限,支护受力异常,报警,simulated,SIMULATED-EXCAVAGUARD-V1,TRUE,
TL-01,2026-09-06,earth_pressure,116.73,kPa,positive,0.0,115.686,24,S22,土压力与内力超限,支护受力异常,报警,simulated,SIMULATED-EXCAVAGUARD-V1,TRUE,
TL-01,2026-09-07,earth_pressure,117.717,kPa,positive,0.0,116.73,24,S22,土压力与内力超限,支护受力异常,报警,simulated,SIMULATED-EXCAVAGUARD-V1,TRUE,
TL-01,2026-09-08,earth_pressure,118.651,kPa,positive,0.0,117.717,24,S22,土压力与内力超限,支护受力异常,报警,simulated,SIMULATED-EXCAVAGUARD-V1,TRUE,
TL-01,2026-09-09,earth_pressure,119.535,kPa,positive,0.0,118.651,24,S22,土压力与内力超限,支护受力异常,报警,simulated,SIMULATED-EXCAVAGUARD-V1,TRUE,
TL-01,2026-09-10,earth_pressure,120.37,kPa,positive,0.0,119.535,24,S22,土压力与内力超限,支护受力异常,报警,simulated,SIMULATED-EXCAVAGUARD-V1,TRUE,
TL-01,2026-09-11,earth_pressure,121.161,kPa,positive,0.0,120.37,24,S22,土压力与内力超限,支护受力异常,报警,simulated,SIMULATED-EXCAVAGUARD-V1,TRUE,
TL-01,2026-09-12,earth_pressure,121.909,kPa,positive,0.0,121.161,24,S22,土压力与内力超限,支护受力异常,报警,simulated,SIMULATED-EXCAVAGUARD-V1,TRUE,
TL-01,2026-09-13,earth_pressure,122.616,kPa,positive,0.0,121.909,24,S22,土压力与内力超限,支护受力异常,报警,simulated,SIMULATED-EXCAVAGUARD-V1,TRUE,
TL-01,2026-09-14,earth_pressure,123.285,kPa,positive,0.0,122.616,24,S22,土压力与内力超限,支护受力异常,报警,simulated,SIMULATED-EXCAVAGUARD-V1,TRUE,
TL-01,2026-09-15,earth_pressure,123.919,kPa,positive,0.0,123.285,24,S22,土压力与内力超限,支护受力异常,报警,simulated,SIMULATED-EXCAVAGUARD-V1,TRUE,
TL-01,2026-09-16,earth_pressure,124.517,kPa,positive,0.0,123.919,24,S22,土压力与内力超限,支护受力异常,报警,simulated,SIMULATED-EXCAVAGUARD-V1,TRUE,
TL-01,2026-09-17,earth_pressure,125.084,kPa,positive,0.0,124.517,24,S22,土压力与内力超限,支护受力异常,报警,simulated,SIMULATED-EXCAVAGUARD-V1,TRUE,
TL-01,2026-09-18,earth_pressure,125.62,kPa,positive,0.0,125.084,24,S22,土压力与内力超限,支护受力异常,报警,simulated,SIMULATED-EXCAVAGUARD-V1,TRUE,
TL-01,2026-09-19,earth_pressure,126.127,kPa,positive,0.0,125.62,24,S22,土压力与内力超限,支护受力异常,报警,simulated,SIMULATED-EXCAVAGUARD-V1,TRUE,
TL-01,2026-09-20,earth_pressure,126.606,kPa,positive,0.0,126.127,24,S22,土压力与内力超限,支护受力异常,报警,simulated,SIMULATED-EXCAVAGUARD-V1,TRUE,
TL-01,2026-09-21,earth_pressure,127.06,kPa,positive,0.0,126.606,24,S22,土压力与内力超限,支护受力异常,报警,simulated,SIMULATED-EXCAVAGUARD-V1,TRUE,
TL-01,2026-09-22,earth_pressure,127.489,kPa,positive,0.0,127.06,24,S22,土压力与内力超限,支护受力异常,报警,simulated,SIMULATED-EXCAVAGUARD-V1,TRUE,
TL-01,2026-09-23,earth_pressure,127.895,kPa,positive,0.0,127.489,24,S22,土压力与内力超限,支护受力异常,报警,simulated,SIMULATED-EXCAVAGUARD-V1,TRUE,
TL-01,2026-09-24,earth_pressure,128.279,kPa,positive,0.0,127.895,24,S22,土压力与内力超限,支护受力异常,报警,simulated,SIMULATED-EXCAVAGUARD-V1,TRUE,
TL-01,2026-09-25,earth_pressure,128.642,kPa,positive,0.0,128.279,24,S22,土压力与内力超限,支护受力异常,报警,simulated,SIMULATED-EXCAVAGUARD-V1,TRUE,
TL-01,2026-09-26,earth_pressure,128.986,kPa,positive,0.0,128.642,24,S22,土压力与内力超限,支护受力异常,报警,simulated,SIMULATED-EXCAVAGUARD-V1,TRUE,
TL-01,2026-09-27,earth_pressure,129.311,kPa,positive,0.0,128.986,24,S22,土压力与内力超限,支护受力异常,报警,simulated,SIMULATED-EXCAVAGUARD-V1,TRUE,
TL-01,2026-09-28,earth_pressure,129.618,kPa,positive,0.0,129.311,24,S22,土压力与内力超限,支护受力异常,报警,simulated,SIMULATED-EXCAVAGUARD-V1,TRUE,
TL-01,2026-09-29,earth_pressure,129.909,kPa,positive,0.0,129.618,24,S22,土压力与内力超限,支护受力异常,报警,simulated,SIMULATED-EXCAVAGUARD-V1,TRUE,
KX-01,2026-08-01,pore_pressure,0.0,kPa,positive,0.0,,,S22,土压力与内力超限,支护受力异常,报警,simulated,SIMULATED-EXCAVAGUARD-V1,TRUE,
KX-01,2026-08-02,pore_pressure,3.675,kPa,positive,0.0,0.0,24,S22,土压力与内力超限,支护受力异常,报警,simulated,SIMULATED-EXCAVAGUARD-V1,TRUE,
KX-01,2026-08-03,pore_pressure,7.151,kPa,positive,0.0,3.675,24,S22,土压力与内力超限,支护受力异常,报警,simulated,SIMULATED-EXCAVAGUARD-V1,TRUE,
KX-01,2026-08-04,pore_pressure,10.439,kPa,positive,0.0,7.151,24,S22,土压力与内力超限,支护受力异常,报警,simulated,SIMULATED-EXCAVAGUARD-V1,TRUE,
KX-01,2026-08-05,pore_pressure,13.55,kPa,positive,0.0,10.439,24,S22,土压力与内力超限,支护受力异常,报警,simulated,SIMULATED-EXCAVAGUARD-V1,TRUE,
KX-01,2026-08-06,pore_pressure,16.492,kPa,positive,0.0,13.55,24,S22,土压力与内力超限,支护受力异常,报警,simulated,SIMULATED-EXCAVAGUARD-V1,TRUE,
KX-01,2026-08-07,pore_pressure,19.276,kPa,positive,0.0,16.492,24,S22,土压力与内力超限,支护受力异常,报警,simulated,SIMULATED-EXCAVAGUARD-V1,TRUE,
KX-01,2026-08-08,pore_pressure,21.909,kPa,positive,0.0,19.276,24,S22,土压力与内力超限,支护受力异常,报警,simulated,SIMULATED-EXCAVAGUARD-V1,TRUE,
KX-01,2026-08-09,pore_pressure,24.4,kPa,positive,0.0,21.909,24,S22,土压力与内力超限,支护受力异常,报警,simulated,SIMULATED-EXCAVAGUARD-V1,TRUE,
KX-01,2026-08-10,pore_pressure,26.756,kPa,positive,0.0,24.4,24,S22,土压力与内力超限,支护受力异常,报警,simulated,SIMULATED-EXCAVAGUARD-V1,TRUE,
KX-01,2026-08-11,pore_pressure,28.985,kPa,positive,0.0,26.756,24,S22,土压力与内力超限,支护受力异常,报警,simulated,SIMULATED-EXCAVAGUARD-V1,TRUE,
KX-01,2026-08-12,pore_pressure,31.093,kPa,positive,0.0,28.985,24,S22,土压力与内力超限,支护受力异常,报警,simulated,SIMULATED-EXCAVAGUARD-V1,TRUE,
KX-01,2026-08-13,pore_pressure,33.088,kPa,positive,0.0,31.093,24,S22,土压力与内力超限,支护受力异常,报警,simulated,SIMULATED-EXCAVAGUARD-V1,TRUE,
KX-01,2026-08-14,pore_pressure,34.974,kPa,positive,0.0,33.088,24,S22,土压力与内力超限,支护受力异常,报警,simulated,SIMULATED-EXCAVAGUARD-V1,TRUE,
KX-01,2026-08-15,pore_pressure,36.759,kPa,positive,0.0,34.974,24,S22,土压力与内力超限,支护受力异常,报警,simulated,SIMULATED-EXCAVAGUARD-V1,TRUE,
KX-01,2026-08-16,pore_pressure,38.447,kPa,positive,0.0,36.759,24,S22,土压力与内力超限,支护受力异常,报警,simulated,SIMULATED-EXCAVAGUARD-V1,TRUE,
KX-01,2026-08-17,pore_pressure,40.044,kPa,positive,0.0,38.447,24,S22,土压力与内力超限,支护受力异常,报警,simulated,SIMULATED-EXCAVAGUARD-V1,TRUE,
KX-01,2026-08-18,pore_pressure,41.555,kPa,positive,0.0,40.044,24,S22,土压力与内力超限,支护受力异常,报警,simulated,SIMULATED-EXCAVAGUARD-V1,TRUE,
KX-01,2026-08-19,pore_pressure,42.984,kPa,positive,0.0,41.555,24,S22,土压力与内力超限,支护受力异常,报警,simulated,SIMULATED-EXCAVAGUARD-V1,TRUE,
KX-01,2026-08-20,pore_pressure,44.336,kPa,positive,0.0,42.984,24,S22,土压力与内力超限,支护受力异常,报警,simulated,SIMULATED-EXCAVAGUARD-V1,TRUE,
KX-01,2026-08-21,pore_pressure,45.615,kPa,positive,0.0,44.336,24,S22,土压力与内力超限,支护受力异常,报警,simulated,SIMULATED-EXCAVAGUARD-V1,TRUE,
KX-01,2026-08-22,pore_pressure,46.825,kPa,positive,0.0,45.615,24,S22,土压力与内力超限,支护受力异常,报警,simulated,SIMULATED-EXCAVAGUARD-V1,TRUE,
KX-01,2026-08-23,pore_pressure,47.969,kPa,positive,0.0,46.825,24,S22,土压力与内力超限,支护受力异常,报警,simulated,SIMULATED-EXCAVAGUARD-V1,TRUE,
KX-01,2026-08-24,pore_pressure,49.051,kPa,positive,0.0,47.969,24,S22,土压力与内力超限,支护受力异常,报警,simulated,SIMULATED-EXCAVAGUARD-V1,TRUE,
KX-01,2026-08-25,pore_pressure,50.075,kPa,positive,0.0,49.051,24,S22,土压力与内力超限,支护受力异常,报警,simulated,SIMULATED-EXCAVAGUARD-V1,TRUE,
KX-01,2026-08-26,pore_pressure,51.044,kPa,positive,0.0,50.075,24,S22,土压力与内力超限,支护受力异常,报警,simulated,SIMULATED-EXCAVAGUARD-V1,TRUE,
KX-01,2026-08-27,pore_pressure,51.96,kPa,positive,0.0,51.044,24,S22,土压力与内力超限,支护受力异常,报警,simulated,SIMULATED-EXCAVAGUARD-V1,TRUE,
KX-01,2026-08-28,pore_pressure,52.827,kPa,positive,0.0,51.96,24,S22,土压力与内力超限,支护受力异常,报警,simulated,SIMULATED-EXCAVAGUARD-V1,TRUE,
KX-01,2026-08-29,pore_pressure,53.647,kPa,positive,0.0,52.827,24,S22,土压力与内力超限,支护受力异常,报警,simulated,SIMULATED-EXCAVAGUARD-V1,TRUE,
KX-01,2026-08-30,pore_pressure,54.423,kPa,positive,0.0,53.647,24,S22,土压力与内力超限,支护受力异常,报警,simulated,SIMULATED-EXCAVAGUARD-V1,TRUE,
KX-01,2026-08-31,pore_pressure,55.156,kPa,positive,0.0,54.423,24,S22,土压力与内力超限,支护受力异常,报警,simulated,SIMULATED-EXCAVAGUARD-V1,TRUE,
KX-01,2026-09-01,pore_pressure,55.851,kPa,positive,0.0,55.156,24,S22,土压力与内力超限,支护受力异常,报警,simulated,SIMULATED-EXCAVAGUARD-V1,TRUE,
KX-01,2026-09-02,pore_pressure,56.507,kPa,positive,0.0,55.851,24,S22,土压力与内力超限,支护受力异常,报警,simulated,SIMULATED-EXCAVAGUARD-V1,TRUE,
KX-01,2026-09-03,pore_pressure,57.128,kPa,positive,0.0,56.507,24,S22,土压力与内力超限,支护受力异常,报警,simulated,SIMULATED-EXCAVAGUARD-V1,TRUE,
KX-01,2026-09-04,pore_pressure,57.716,kPa,positive,0.0,57.128,24,S22,土压力与内力超限,支护受力异常,报警,simulated,SIMULATED-EXCAVAGUARD-V1,TRUE,
KX-01,2026-09-05,pore_pressure,58.271,kPa,positive,0.0,57.716,24,S22,土压力与内力超限,支护受力异常,报警,simulated,SIMULATED-EXCAVAGUARD-V1,TRUE,
KX-01,2026-09-06,pore_pressure,58.797,kPa,positive,0.0,58.271,24,S22,土压力与内力超限,支护受力异常,报警,simulated,SIMULATED-EXCAVAGUARD-V1,TRUE,
KX-01,2026-09-07,pore_pressure,59.295,kPa,positive,0.0,58.797,24,S22,土压力与内力超限,支护受力异常,报警,simulated,SIMULATED-EXCAVAGUARD-V1,TRUE,
KX-01,2026-09-08,pore_pressure,59.765,kPa,positive,0.0,59.295,24,S22,土压力与内力超限,支护受力异常,报警,simulated,SIMULATED-EXCAVAGUARD-V1,TRUE,
KX-01,2026-09-09,pore_pressure,60.21,kPa,positive,0.0,59.765,24,S22,土压力与内力超限,支护受力异常,报警,simulated,SIMULATED-EXCAVAGUARD-V1,TRUE,
KX-01,2026-09-10,pore_pressure,60.631,kPa,positive,0.0,60.21,24,S22,土压力与内力超限,支护受力异常,报警,simulated,SIMULATED-EXCAVAGUARD-V1,TRUE,
KX-01,2026-09-11,pore_pressure,61.029,kPa,positive,0.0,60.631,24,S22,土压力与内力超限,支护受力异常,报警,simulated,SIMULATED-EXCAVAGUARD-V1,TRUE,
KX-01,2026-09-12,pore_pressure,61.406,kPa,positive,0.0,61.029,24,S22,土压力与内力超限,支护受力异常,报警,simulated,SIMULATED-EXCAVAGUARD-V1,TRUE,
KX-01,2026-09-13,pore_pressure,61.762,kPa,positive,0.0,61.406,24,S22,土压力与内力超限,支护受力异常,报警,simulated,SIMULATED-EXCAVAGUARD-V1,TRUE,
KX-01,2026-09-14,pore_pressure,62.099,kPa,positive,0.0,61.762,24,S22,土压力与内力超限,支护受力异常,报警,simulated,SIMULATED-EXCAVAGUARD-V1,TRUE,
KX-01,2026-09-15,pore_pressure,62.418,kPa,positive,0.0,62.099,24,S22,土压力与内力超限,支护受力异常,报警,simulated,SIMULATED-EXCAVAGUARD-V1,TRUE,
KX-01,2026-09-16,pore_pressure,62.72,kPa,positive,0.0,62.418,24,S22,土压力与内力超限,支护受力异常,报警,simulated,SIMULATED-EXCAVAGUARD-V1,TRUE,
KX-01,2026-09-17,pore_pressure,63.005,kPa,positive,0.0,62.72,24,S22,土压力与内力超限,支护受力异常,报警,simulated,SIMULATED-EXCAVAGUARD-V1,TRUE,
KX-01,2026-09-18,pore_pressure,63.275,kPa,positive,0.0,63.005,24,S22,土压力与内力超限,支护受力异常,报警,simulated,SIMULATED-EXCAVAGUARD-V1,TRUE,
KX-01,2026-09-19,pore_pressure,63.53,kPa,positive,0.0,63.275,24,S22,土压力与内力超限,支护受力异常,报警,simulated,SIMULATED-EXCAVAGUARD-V1,TRUE,
KX-01,2026-09-20,pore_pressure,63.772,kPa,positive,0.0,63.53,24,S22,土压力与内力超限,支护受力异常,报警,simulated,SIMULATED-EXCAVAGUARD-V1,TRUE,
KX-01,2026-09-21,pore_pressure,64.0,kPa,positive,0.0,63.772,24,S22,土压力与内力超限,支护受力异常,报警,simulated,SIMULATED-EXCAVAGUARD-V1,TRUE,
KX-01,2026-09-22,pore_pressure,64.217,kPa,positive,0.0,64.0,24,S22,土压力与内力超限,支护受力异常,报警,simulated,SIMULATED-EXCAVAGUARD-V1,TRUE,
KX-01,2026-09-23,pore_pressure,64.421,kPa,positive,0.0,64.217,24,S22,土压力与内力超限,支护受力异常,报警,simulated,SIMULATED-EXCAVAGUARD-V1,TRUE,
KX-01,2026-09-24,pore_pressure,64.614,kPa,positive,0.0,64.421,24,S22,土压力与内力超限,支护受力异常,报警,simulated,SIMULATED-EXCAVAGUARD-V1,TRUE,
KX-01,2026-09-25,pore_pressure,64.797,kPa,positive,0.0,64.614,24,S22,土压力与内力超限,支护受力异常,报警,simulated,SIMULATED-EXCAVAGUARD-V1,TRUE,
KX-01,2026-09-26,pore_pressure,64.971,kPa,positive,0.0,64.797,24,S22,土压力与内力超限,支护受力异常,报警,simulated,SIMULATED-EXCAVAGUARD-V1,TRUE,
KX-01,2026-09-27,pore_pressure,65.134,kPa,positive,0.0,64.971,24,S22,土压力与内力超限,支护受力异常,报警,simulated,SIMULATED-EXCAVAGUARD-V1,TRUE,
KX-01,2026-09-28,pore_pressure,65.289,kPa,positive,0.0,65.134,24,S22,土压力与内力超限,支护受力异常,报警,simulated,SIMULATED-EXCAVAGUARD-V1,TRUE,
KX-01,2026-09-29,pore_pressure,65.436,kPa,positive,0.0,65.289,24,S22,土压力与内力超限,支护受力异常,报警,simulated,SIMULATED-EXCAVAGUARD-V1,TRUE,
QL-01,2026-08-01,wall_internal_force,0.0,kN,positive,0.0,,,S22,土压力与内力超限,支护受力异常,报警,simulated,SIMULATED-EXCAVAGUARD-V1,TRUE,
QL-01,2026-08-02,wall_internal_force,17.833,kN,positive,0.0,0.0,24,S22,土压力与内力超限,支护受力异常,报警,simulated,SIMULATED-EXCAVAGUARD-V1,TRUE,
QL-01,2026-08-03,wall_internal_force,34.703,kN,positive,0.0,17.833,24,S22,土压力与内力超限,支护受力异常,报警,simulated,SIMULATED-EXCAVAGUARD-V1,TRUE,
QL-01,2026-08-04,wall_internal_force,50.661,kN,positive,0.0,34.703,24,S22,土压力与内力超限,支护受力异常,报警,simulated,SIMULATED-EXCAVAGUARD-V1,TRUE,
QL-01,2026-08-05,wall_internal_force,65.757,kN,positive,0.0,50.661,24,S22,土压力与内力超限,支护受力异常,报警,simulated,SIMULATED-EXCAVAGUARD-V1,TRUE,
QL-01,2026-08-06,wall_internal_force,80.037,kN,positive,0.0,65.757,24,S22,土压力与内力超限,支护受力异常,报警,simulated,SIMULATED-EXCAVAGUARD-V1,TRUE,
QL-01,2026-08-07,wall_internal_force,93.545,kN,positive,0.0,80.037,24,S22,土压力与内力超限,支护受力异常,报警,simulated,SIMULATED-EXCAVAGUARD-V1,TRUE,
QL-01,2026-08-08,wall_internal_force,106.323,kN,positive,0.0,93.545,24,S22,土压力与内力超限,支护受力异常,报警,simulated,SIMULATED-EXCAVAGUARD-V1,TRUE,
QL-01,2026-08-09,wall_internal_force,118.41,kN,positive,0.0,106.323,24,S22,土压力与内力超限,支护受力异常,报警,simulated,SIMULATED-EXCAVAGUARD-V1,TRUE,
QL-01,2026-08-10,wall_internal_force,129.845,kN,positive,0.0,118.41,24,S22,土压力与内力超限,支护受力异常,报警,simulated,SIMULATED-EXCAVAGUARD-V1,TRUE,
QL-01,2026-08-11,wall_internal_force,140.661,kN,positive,0.0,129.845,24,S22,土压力与内力超限,支护受力异常,报警,simulated,SIMULATED-EXCAVAGUARD-V1,TRUE,
QL-01,2026-08-12,wall_internal_force,150.893,kN,positive,0.0,140.661,24,S22,土压力与内力超限,支护受力异常,报警,simulated,SIMULATED-EXCAVAGUARD-V1,TRUE,
QL-01,2026-08-13,wall_internal_force,160.572,kN,positive,0.0,150.893,24,S22,土压力与内力超限,支护受力异常,报警,simulated,SIMULATED-EXCAVAGUARD-V1,TRUE,
QL-01,2026-08-14,wall_internal_force,169.728,kN,positive,0.0,160.572,24,S22,土压力与内力超限,支护受力异常,报警,simulated,SIMULATED-EXCAVAGUARD-V1,TRUE,
QL-01,2026-08-15,wall_internal_force,178.389,kN,positive,0.0,169.728,24,S22,土压力与内力超限,支护受力异常,报警,simulated,SIMULATED-EXCAVAGUARD-V1,TRUE,
QL-01,2026-08-16,wall_internal_force,186.583,kN,positive,0.0,178.389,24,S22,土压力与内力超限,支护受力异常,报警,simulated,SIMULATED-EXCAVAGUARD-V1,TRUE,
QL-01,2026-08-17,wall_internal_force,194.333,kN,positive,0.0,186.583,24,S22,土压力与内力超限,支护受力异常,报警,simulated,SIMULATED-EXCAVAGUARD-V1,TRUE,
QL-01,2026-08-18,wall_internal_force,201.664,kN,positive,0.0,194.333,24,S22,土压力与内力超限,支护受力异常,报警,simulated,SIMULATED-EXCAVAGUARD-V1,TRUE,
QL-01,2026-08-19,wall_internal_force,208.6,kN,positive,0.0,201.664,24,S22,土压力与内力超限,支护受力异常,报警,simulated,SIMULATED-EXCAVAGUARD-V1,TRUE,
QL-01,2026-08-20,wall_internal_force,215.16,kN,positive,0.0,208.6,24,S22,土压力与内力超限,支护受力异常,报警,simulated,SIMULATED-EXCAVAGUARD-V1,TRUE,
QL-01,2026-08-21,wall_internal_force,221.366,kN,positive,0.0,215.16,24,S22,土压力与内力超限,支护受力异常,报警,simulated,SIMULATED-EXCAVAGUARD-V1,TRUE,
QL-01,2026-08-22,wall_internal_force,227.237,kN,positive,0.0,221.366,24,S22,土压力与内力超限,支护受力异常,报警,simulated,SIMULATED-EXCAVAGUARD-V1,TRUE,
QL-01,2026-08-23,wall_internal_force,232.79,kN,positive,0.0,227.237,24,S22,土压力与内力超限,支护受力异常,报警,simulated,SIMULATED-EXCAVAGUARD-V1,TRUE,
QL-01,2026-08-24,wall_internal_force,238.044,kN,positive,0.0,232.79,24,S22,土压力与内力超限,支护受力异常,报警,simulated,SIMULATED-EXCAVAGUARD-V1,TRUE,
QL-01,2026-08-25,wall_internal_force,243.013,kN,positive,0.0,238.044,24,S22,土压力与内力超限,支护受力异常,报警,simulated,SIMULATED-EXCAVAGUARD-V1,TRUE,
QL-01,2026-08-26,wall_internal_force,247.714,kN,positive,0.0,243.013,24,S22,土压力与内力超限,支护受力异常,报警,simulated,SIMULATED-EXCAVAGUARD-V1,TRUE,
QL-01,2026-08-27,wall_internal_force,252.161,kN,positive,0.0,247.714,24,S22,土压力与内力超限,支护受力异常,报警,simulated,SIMULATED-EXCAVAGUARD-V1,TRUE,
QL-01,2026-08-28,wall_internal_force,256.367,kN,positive,0.0,252.161,24,S22,土压力与内力超限,支护受力异常,报警,simulated,SIMULATED-EXCAVAGUARD-V1,TRUE,
QL-01,2026-08-29,wall_internal_force,260.346,kN,positive,0.0,256.367,24,S22,土压力与内力超限,支护受力异常,报警,simulated,SIMULATED-EXCAVAGUARD-V1,TRUE,
QL-01,2026-08-30,wall_internal_force,264.11,kN,positive,0.0,260.346,24,S22,土压力与内力超限,支护受力异常,报警,simulated,SIMULATED-EXCAVAGUARD-V1,TRUE,
QL-01,2026-08-31,wall_internal_force,267.671,kN,positive,0.0,264.11,24,S22,土压力与内力超限,支护受力异常,报警,simulated,SIMULATED-EXCAVAGUARD-V1,TRUE,
QL-01,2026-09-01,wall_internal_force,271.039,kN,positive,0.0,267.671,24,S22,土压力与内力超限,支护受力异常,报警,simulated,SIMULATED-EXCAVAGUARD-V1,TRUE,
QL-01,2026-09-02,wall_internal_force,274.226,kN,positive,0.0,271.039,24,S22,土压力与内力超限,支护受力异常,报警,simulated,SIMULATED-EXCAVAGUARD-V1,TRUE,
QL-01,2026-09-03,wall_internal_force,277.24,kN,positive,0.0,274.226,24,S22,土压力与内力超限,支护受力异常,报警,simulated,SIMULATED-EXCAVAGUARD-V1,TRUE,
QL-01,2026-09-04,wall_internal_force,280.091,kN,positive,0.0,277.24,24,S22,土压力与内力超限,支护受力异常,报警,simulated,SIMULATED-EXCAVAGUARD-V1,TRUE,
QL-01,2026-09-05,wall_internal_force,282.788,kN,positive,0.0,280.091,24,S22,土压力与内力超限,支护受力异常,报警,simulated,SIMULATED-EXCAVAGUARD-V1,TRUE,
QL-01,2026-09-06,wall_internal_force,285.339,kN,positive,0.0,282.788,24,S22,土压力与内力超限,支护受力异常,报警,simulated,SIMULATED-EXCAVAGUARD-V1,TRUE,
QL-01,2026-09-07,wall_internal_force,287.753,kN,positive,0.0,285.339,24,S22,土压力与内力超限,支护受力异常,报警,simulated,SIMULATED-EXCAVAGUARD-V1,TRUE,
QL-01,2026-09-08,wall_internal_force,290.036,kN,positive,0.0,287.753,24,S22,土压力与内力超限,支护受力异常,报警,simulated,SIMULATED-EXCAVAGUARD-V1,TRUE,
QL-01,2026-09-09,wall_internal_force,292.196,kN,positive,0.0,290.036,24,S22,土压力与内力超限,支护受力异常,报警,simulated,SIMULATED-EXCAVAGUARD-V1,TRUE,
QL-01,2026-09-10,wall_internal_force,294.239,kN,positive,0.0,292.196,24,S22,土压力与内力超限,支护受力异常,报警,simulated,SIMULATED-EXCAVAGUARD-V1,TRUE,
QL-01,2026-09-11,wall_internal_force,296.171,kN,positive,0.0,294.239,24,S22,土压力与内力超限,支护受力异常,报警,simulated,SIMULATED-EXCAVAGUARD-V1,TRUE,
QL-01,2026-09-12,wall_internal_force,297.999,kN,positive,0.0,296.171,24,S22,土压力与内力超限,支护受力异常,报警,simulated,SIMULATED-EXCAVAGUARD-V1,TRUE,
QL-01,2026-09-13,wall_internal_force,299.729,kN,positive,0.0,297.999,24,S22,土压力与内力超限,支护受力异常,报警,simulated,SIMULATED-EXCAVAGUARD-V1,TRUE,
QL-01,2026-09-14,wall_internal_force,301.364,kN,positive,0.0,299.729,24,S22,土压力与内力超限,支护受力异常,报警,simulated,SIMULATED-EXCAVAGUARD-V1,TRUE,
QL-01,2026-09-15,wall_internal_force,302.912,kN,positive,0.0,301.364,24,S22,土压力与内力超限,支护受力异常,报警,simulated,SIMULATED-EXCAVAGUARD-V1,TRUE,
QL-01,2026-09-16,wall_internal_force,304.376,kN,positive,0.0,302.912,24,S22,土压力与内力超限,支护受力异常,报警,simulated,SIMULATED-EXCAVAGUARD-V1,TRUE,
QL-01,2026-09-17,wall_internal_force,305.761,kN,positive,0.0,304.376,24,S22,土压力与内力超限,支护受力异常,报警,simulated,SIMULATED-EXCAVAGUARD-V1,TRUE,
QL-01,2026-09-18,wall_internal_force,307.07,kN,positive,0.0,305.761,24,S22,土压力与内力超限,支护受力异常,报警,simulated,SIMULATED-EXCAVAGUARD-V1,TRUE,
QL-01,2026-09-19,wall_internal_force,308.31,kN,positive,0.0,307.07,24,S22,土压力与内力超限,支护受力异常,报警,simulated,SIMULATED-EXCAVAGUARD-V1,TRUE,
QL-01,2026-09-20,wall_internal_force,309.482,kN,positive,0.0,308.31,24,S22,土压力与内力超限,支护受力异常,报警,simulated,SIMULATED-EXCAVAGUARD-V1,TRUE,
QL-01,2026-09-21,wall_internal_force,310.591,kN,positive,0.0,309.482,24,S22,土压力与内力超限,支护受力异常,报警,simulated,SIMULATED-EXCAVAGUARD-V1,TRUE,
QL-01,2026-09-22,wall_internal_force,311.639,kN,positive,0.0,310.591,24,S22,土压力与内力超限,支护受力异常,报警,simulated,SIMULATED-EXCAVAGUARD-V1,TRUE,
QL-01,2026-09-23,wall_internal_force,312.632,kN,positive,0.0,311.639,24,S22,土压力与内力超限,支护受力异常,报警,simulated,SIMULATED-EXCAVAGUARD-V1,TRUE,
QL-01,2026-09-24,wall_internal_force,313.57,kN,positive,0.0,312.632,24,S22,土压力与内力超限,支护受力异常,报警,simulated,SIMULATED-EXCAVAGUARD-V1,TRUE,
QL-01,2026-09-25,wall_internal_force,314.458,kN,positive,0.0,313.57,24,S22,土压力与内力超限,支护受力异常,报警,simulated,SIMULATED-EXCAVAGUARD-V1,TRUE,
QL-01,2026-09-26,wall_internal_force,315.298,kN,positive,0.0,314.458,24,S22,土压力与内力超限,支护受力异常,报警,simulated,SIMULATED-EXCAVAGUARD-V1,TRUE,
QL-01,2026-09-27,wall_internal_force,316.093,kN,positive,0.0,315.298,24,S22,土压力与内力超限,支护受力异常,报警,simulated,SIMULATED-EXCAVAGUARD-V1,TRUE,
QL-01,2026-09-28,wall_internal_force,316.844,kN,positive,0.0,316.093,24,S22,土压力与内力超限,支护受力异常,报警,simulated,SIMULATED-EXCAVAGUARD-V1,TRUE,
QL-01,2026-09-29,wall_internal_force,317.555,kN,positive,0.0,316.844,24,S22,土压力与内力超限,支护受力异常,报警,simulated,SIMULATED-EXCAVAGUARD-V1,TRUE,
JZ-01,2026-08-01,building_settlement,0.0,mm,negative,0.0,,,S23,建筑沉降速率超限,变形过大,危险报警,simulated,SIMULATED-EXCAVAGUARD-V1,TRUE,
JZ-01,2026-08-02,building_settlement,-0.05,mm,negative,0.0,0.0,24,S23,建筑沉降速率超限,变形过大,危险报警,simulated,SIMULATED-EXCAVAGUARD-V1,TRUE,
JZ-01,2026-08-03,building_settlement,-0.1,mm,negative,0.0,-0.05,24,S23,建筑沉降速率超限,变形过大,危险报警,simulated,SIMULATED-EXCAVAGUARD-V1,TRUE,
JZ-01,2026-08-04,building_settlement,-0.15,mm,negative,0.0,-0.1,24,S23,建筑沉降速率超限,变形过大,危险报警,simulated,SIMULATED-EXCAVAGUARD-V1,TRUE,
JZ-01,2026-08-05,building_settlement,-0.2,mm,negative,0.0,-0.15,24,S23,建筑沉降速率超限,变形过大,危险报警,simulated,SIMULATED-EXCAVAGUARD-V1,TRUE,
JZ-01,2026-08-06,building_settlement,-0.25,mm,negative,0.0,-0.2,24,S23,建筑沉降速率超限,变形过大,危险报警,simulated,SIMULATED-EXCAVAGUARD-V1,TRUE,
JZ-01,2026-08-07,building_settlement,-0.3,mm,negative,0.0,-0.25,24,S23,建筑沉降速率超限,变形过大,危险报警,simulated,SIMULATED-EXCAVAGUARD-V1,TRUE,
JZ-01,2026-08-08,building_settlement,-0.35,mm,negative,0.0,-0.3,24,S23,建筑沉降速率超限,变形过大,危险报警,simulated,SIMULATED-EXCAVAGUARD-V1,TRUE,
JZ-01,2026-08-09,building_settlement,-0.4,mm,negative,0.0,-0.35,24,S23,建筑沉降速率超限,变形过大,危险报警,simulated,SIMULATED-EXCAVAGUARD-V1,TRUE,
JZ-01,2026-08-10,building_settlement,-0.45,mm,negative,0.0,-0.4,24,S23,建筑沉降速率超限,变形过大,危险报警,simulated,SIMULATED-EXCAVAGUARD-V1,TRUE,
JZ-01,2026-08-11,building_settlement,-0.5,mm,negative,0.0,-0.45,24,S23,建筑沉降速率超限,变形过大,危险报警,simulated,SIMULATED-EXCAVAGUARD-V1,TRUE,
JZ-01,2026-08-12,building_settlement,-0.55,mm,negative,0.0,-0.5,24,S23,建筑沉降速率超限,变形过大,危险报警,simulated,SIMULATED-EXCAVAGUARD-V1,TRUE,
JZ-01,2026-08-13,building_settlement,-0.6,mm,negative,0.0,-0.55,24,S23,建筑沉降速率超限,变形过大,危险报警,simulated,SIMULATED-EXCAVAGUARD-V1,TRUE,
JZ-01,2026-08-14,building_settlement,-0.65,mm,negative,0.0,-0.6,24,S23,建筑沉降速率超限,变形过大,危险报警,simulated,SIMULATED-EXCAVAGUARD-V1,TRUE,
JZ-01,2026-08-15,building_settlement,-0.7,mm,negative,0.0,-0.65,24,S23,建筑沉降速率超限,变形过大,危险报警,simulated,SIMULATED-EXCAVAGUARD-V1,TRUE,
JZ-01,2026-08-16,building_settlement,-0.75,mm,negative,0.0,-0.7,24,S23,建筑沉降速率超限,变形过大,危险报警,simulated,SIMULATED-EXCAVAGUARD-V1,TRUE,
JZ-01,2026-08-17,building_settlement,-0.8,mm,negative,0.0,-0.75,24,S23,建筑沉降速率超限,变形过大,危险报警,simulated,SIMULATED-EXCAVAGUARD-V1,TRUE,
JZ-01,2026-08-18,building_settlement,-0.85,mm,negative,0.0,-0.8,24,S23,建筑沉降速率超限,变形过大,危险报警,simulated,SIMULATED-EXCAVAGUARD-V1,TRUE,
JZ-01,2026-08-19,building_settlement,-0.9,mm,negative,0.0,-0.85,24,S23,建筑沉降速率超限,变形过大,危险报警,simulated,SIMULATED-EXCAVAGUARD-V1,TRUE,
JZ-01,2026-08-20,building_settlement,-0.95,mm,negative,0.0,-0.9,24,S23,建筑沉降速率超限,变形过大,危险报警,simulated,SIMULATED-EXCAVAGUARD-V1,TRUE,
JZ-01,2026-08-21,building_settlement,-1.0,mm,negative,0.0,-0.95,24,S23,建筑沉降速率超限,变形过大,危险报警,simulated,SIMULATED-EXCAVAGUARD-V1,TRUE,
JZ-01,2026-08-22,building_settlement,-1.05,mm,negative,0.0,-1.0,24,S23,建筑沉降速率超限,变形过大,危险报警,simulated,SIMULATED-EXCAVAGUARD-V1,TRUE,
JZ-01,2026-08-23,building_settlement,-1.1,mm,negative,0.0,-1.05,24,S23,建筑沉降速率超限,变形过大,危险报警,simulated,SIMULATED-EXCAVAGUARD-V1,TRUE,
JZ-01,2026-08-24,building_settlement,-1.15,mm,negative,0.0,-1.1,24,S23,建筑沉降速率超限,变形过大,危险报警,simulated,SIMULATED-EXCAVAGUARD-V1,TRUE,
JZ-01,2026-08-25,building_settlement,-1.2,mm,negative,0.0,-1.15,24,S23,建筑沉降速率超限,变形过大,危险报警,simulated,SIMULATED-EXCAVAGUARD-V1,TRUE,
JZ-01,2026-08-26,building_settlement,-1.25,mm,negative,0.0,-1.2,24,S23,建筑沉降速率超限,变形过大,危险报警,simulated,SIMULATED-EXCAVAGUARD-V1,TRUE,
JZ-01,2026-08-27,building_settlement,-1.3,mm,negative,0.0,-1.25,24,S23,建筑沉降速率超限,变形过大,危险报警,simulated,SIMULATED-EXCAVAGUARD-V1,TRUE,
JZ-01,2026-08-28,building_settlement,-1.35,mm,negative,0.0,-1.3,24,S23,建筑沉降速率超限,变形过大,危险报警,simulated,SIMULATED-EXCAVAGUARD-V1,TRUE,
JZ-01,2026-08-29,building_settlement,-1.4,mm,negative,0.0,-1.35,24,S23,建筑沉降速率超限,变形过大,危险报警,simulated,SIMULATED-EXCAVAGUARD-V1,TRUE,
JZ-01,2026-08-30,building_settlement,-1.45,mm,negative,0.0,-1.4,24,S23,建筑沉降速率超限,变形过大,危险报警,simulated,SIMULATED-EXCAVAGUARD-V1,TRUE,
JZ-01,2026-08-31,building_settlement,-1.5,mm,negative,0.0,-1.45,24,S23,建筑沉降速率超限,变形过大,危险报警,simulated,SIMULATED-EXCAVAGUARD-V1,TRUE,
JZ-01,2026-09-01,building_settlement,-1.55,mm,negative,0.0,-1.5,24,S23,建筑沉降速率超限,变形过大,危险报警,simulated,SIMULATED-EXCAVAGUARD-V1,TRUE,
JZ-01,2026-09-02,building_settlement,-1.6,mm,negative,0.0,-1.55,24,S23,建筑沉降速率超限,变形过大,危险报警,simulated,SIMULATED-EXCAVAGUARD-V1,TRUE,
JZ-01,2026-09-03,building_settlement,-1.65,mm,negative,0.0,-1.6,24,S23,建筑沉降速率超限,变形过大,危险报警,simulated,SIMULATED-EXCAVAGUARD-V1,TRUE,
JZ-01,2026-09-04,building_settlement,-1.7,mm,negative,0.0,-1.65,24,S23,建筑沉降速率超限,变形过大,危险报警,simulated,SIMULATED-EXCAVAGUARD-V1,TRUE,
JZ-01,2026-09-05,building_settlement,-1.75,mm,negative,0.0,-1.7,24,S23,建筑沉降速率超限,变形过大,危险报警,simulated,SIMULATED-EXCAVAGUARD-V1,TRUE,
JZ-01,2026-09-06,building_settlement,-1.8,mm,negative,0.0,-1.75,24,S23,建筑沉降速率超限,变形过大,危险报警,simulated,SIMULATED-EXCAVAGUARD-V1,TRUE,
JZ-01,2026-09-07,building_settlement,-1.85,mm,negative,0.0,-1.8,24,S23,建筑沉降速率超限,变形过大,危险报警,simulated,SIMULATED-EXCAVAGUARD-V1,TRUE,
JZ-01,2026-09-08,building_settlement,-1.9,mm,negative,0.0,-1.85,24,S23,建筑沉降速率超限,变形过大,危险报警,simulated,SIMULATED-EXCAVAGUARD-V1,TRUE,
JZ-01,2026-09-09,building_settlement,-1.95,mm,negative,0.0,-1.9,24,S23,建筑沉降速率超限,变形过大,危险报警,simulated,SIMULATED-EXCAVAGUARD-V1,TRUE,
JZ-01,2026-09-10,building_settlement,-2.0,mm,negative,0.0,-1.95,24,S23,建筑沉降速率超限,变形过大,危险报警,simulated,SIMULATED-EXCAVAGUARD-V1,TRUE,
JZ-01,2026-09-11,building_settlement,-2.05,mm,negative,0.0,-2.0,24,S23,建筑沉降速率超限,变形过大,危险报警,simulated,SIMULATED-EXCAVAGUARD-V1,TRUE,
JZ-01,2026-09-12,building_settlement,-2.1,mm,negative,0.0,-2.05,24,S23,建筑沉降速率超限,变形过大,危险报警,simulated,SIMULATED-EXCAVAGUARD-V1,TRUE,
JZ-01,2026-09-13,building_settlement,-2.15,mm,negative,0.0,-2.1,24,S23,建筑沉降速率超限,变形过大,危险报警,simulated,SIMULATED-EXCAVAGUARD-V1,TRUE,
JZ-01,2026-09-14,building_settlement,-2.2,mm,negative,0.0,-2.15,24,S23,建筑沉降速率超限,变形过大,危险报警,simulated,SIMULATED-EXCAVAGUARD-V1,TRUE,
JZ-01,2026-09-15,building_settlement,-2.25,mm,negative,0.0,-2.2,24,S23,建筑沉降速率超限,变形过大,危险报警,simulated,SIMULATED-EXCAVAGUARD-V1,TRUE,
JZ-01,2026-09-16,building_settlement,-2.3,mm,negative,0.0,-2.25,24,S23,建筑沉降速率超限,变形过大,危险报警,simulated,SIMULATED-EXCAVAGUARD-V1,TRUE,
JZ-01,2026-09-17,building_settlement,-2.35,mm,negative,0.0,-2.3,24,S23,建筑沉降速率超限,变形过大,危险报警,simulated,SIMULATED-EXCAVAGUARD-V1,TRUE,
JZ-01,2026-09-18,building_settlement,-2.4,mm,negative,0.0,-2.35,24,S23,建筑沉降速率超限,变形过大,危险报警,simulated,SIMULATED-EXCAVAGUARD-V1,TRUE,
JZ-01,2026-09-19,building_settlement,-2.45,mm,negative,0.0,-2.4,24,S23,建筑沉降速率超限,变形过大,危险报警,simulated,SIMULATED-EXCAVAGUARD-V1,TRUE,
JZ-01,2026-09-20,building_settlement,-2.5,mm,negative,0.0,-2.45,24,S23,建筑沉降速率超限,变形过大,危险报警,simulated,SIMULATED-EXCAVAGUARD-V1,TRUE,
JZ-01,2026-09-21,building_settlement,-2.55,mm,negative,0.0,-2.5,24,S23,建筑沉降速率超限,变形过大,危险报警,simulated,SIMULATED-EXCAVAGUARD-V1,TRUE,
JZ-01,2026-09-22,building_settlement,-2.6,mm,negative,0.0,-2.55,24,S23,建筑沉降速率超限,变形过大,危险报警,simulated,SIMULATED-EXCAVAGUARD-V1,TRUE,
JZ-01,2026-09-23,building_settlement,-2.65,mm,negative,0.0,-2.6,24,S23,建筑沉降速率超限,变形过大,危险报警,simulated,SIMULATED-EXCAVAGUARD-V1,TRUE,
JZ-01,2026-09-24,building_settlement,-2.7,mm,negative,0.0,-2.65,24,S23,建筑沉降速率超限,变形过大,危险报警,simulated,SIMULATED-EXCAVAGUARD-V1,TRUE,
JZ-01,2026-09-25,building_settlement,-2.75,mm,negative,0.0,-2.7,24,S23,建筑沉降速率超限,变形过大,危险报警,simulated,SIMULATED-EXCAVAGUARD-V1,TRUE,
JZ-01,2026-09-26,building_settlement,-2.8,mm,negative,0.0,-2.75,24,S23,建筑沉降速率超限,变形过大,危险报警,simulated,SIMULATED-EXCAVAGUARD-V1,TRUE,
JZ-01,2026-09-27,building_settlement,-5.2,mm,negative,0.0,-2.8,24,S23,建筑沉降速率超限,变形过大,危险报警,simulated,SIMULATED-EXCAVAGUARD-V1,TRUE,
JZ-01,2026-09-28,building_settlement,-7.6,mm,negative,0.0,-5.2,24,S23,建筑沉降速率超限,变形过大,危险报警,simulated,SIMULATED-EXCAVAGUARD-V1,TRUE,
JZ-01,2026-09-29,building_settlement,-10.0,mm,negative,0.0,-7.6,24,S23,建筑沉降速率超限,变形过大,危险报警,simulated,SIMULATED-EXCAVAGUARD-V1,TRUE,
JZ-02,2026-08-01,building_settlement,0.0,mm,negative,0.0,,,S23,建筑沉降速率超限,变形过大,危险报警,simulated,SIMULATED-EXCAVAGUARD-V1,TRUE,
JZ-02,2026-08-02,building_settlement,-0.05,mm,negative,0.0,0.0,24,S23,建筑沉降速率超限,变形过大,危险报警,simulated,SIMULATED-EXCAVAGUARD-V1,TRUE,
JZ-02,2026-08-03,building_settlement,-0.1,mm,negative,0.0,-0.05,24,S23,建筑沉降速率超限,变形过大,危险报警,simulated,SIMULATED-EXCAVAGUARD-V1,TRUE,
JZ-02,2026-08-04,building_settlement,-0.15,mm,negative,0.0,-0.1,24,S23,建筑沉降速率超限,变形过大,危险报警,simulated,SIMULATED-EXCAVAGUARD-V1,TRUE,
JZ-02,2026-08-05,building_settlement,-0.2,mm,negative,0.0,-0.15,24,S23,建筑沉降速率超限,变形过大,危险报警,simulated,SIMULATED-EXCAVAGUARD-V1,TRUE,
JZ-02,2026-08-06,building_settlement,-0.25,mm,negative,0.0,-0.2,24,S23,建筑沉降速率超限,变形过大,危险报警,simulated,SIMULATED-EXCAVAGUARD-V1,TRUE,
JZ-02,2026-08-07,building_settlement,-0.3,mm,negative,0.0,-0.25,24,S23,建筑沉降速率超限,变形过大,危险报警,simulated,SIMULATED-EXCAVAGUARD-V1,TRUE,
JZ-02,2026-08-08,building_settlement,-0.35,mm,negative,0.0,-0.3,24,S23,建筑沉降速率超限,变形过大,危险报警,simulated,SIMULATED-EXCAVAGUARD-V1,TRUE,
JZ-02,2026-08-09,building_settlement,-0.4,mm,negative,0.0,-0.35,24,S23,建筑沉降速率超限,变形过大,危险报警,simulated,SIMULATED-EXCAVAGUARD-V1,TRUE,
JZ-02,2026-08-10,building_settlement,-0.45,mm,negative,0.0,-0.4,24,S23,建筑沉降速率超限,变形过大,危险报警,simulated,SIMULATED-EXCAVAGUARD-V1,TRUE,
JZ-02,2026-08-11,building_settlement,-0.5,mm,negative,0.0,-0.45,24,S23,建筑沉降速率超限,变形过大,危险报警,simulated,SIMULATED-EXCAVAGUARD-V1,TRUE,
JZ-02,2026-08-12,building_settlement,-0.55,mm,negative,0.0,-0.5,24,S23,建筑沉降速率超限,变形过大,危险报警,simulated,SIMULATED-EXCAVAGUARD-V1,TRUE,
JZ-02,2026-08-13,building_settlement,-0.6,mm,negative,0.0,-0.55,24,S23,建筑沉降速率超限,变形过大,危险报警,simulated,SIMULATED-EXCAVAGUARD-V1,TRUE,
JZ-02,2026-08-14,building_settlement,-0.65,mm,negative,0.0,-0.6,24,S23,建筑沉降速率超限,变形过大,危险报警,simulated,SIMULATED-EXCAVAGUARD-V1,TRUE,
JZ-02,2026-08-15,building_settlement,-0.7,mm,negative,0.0,-0.65,24,S23,建筑沉降速率超限,变形过大,危险报警,simulated,SIMULATED-EXCAVAGUARD-V1,TRUE,
JZ-02,2026-08-16,building_settlement,-0.75,mm,negative,0.0,-0.7,24,S23,建筑沉降速率超限,变形过大,危险报警,simulated,SIMULATED-EXCAVAGUARD-V1,TRUE,
JZ-02,2026-08-17,building_settlement,-0.8,mm,negative,0.0,-0.75,24,S23,建筑沉降速率超限,变形过大,危险报警,simulated,SIMULATED-EXCAVAGUARD-V1,TRUE,
JZ-02,2026-08-18,building_settlement,-0.85,mm,negative,0.0,-0.8,24,S23,建筑沉降速率超限,变形过大,危险报警,simulated,SIMULATED-EXCAVAGUARD-V1,TRUE,
JZ-02,2026-08-19,building_settlement,-0.9,mm,negative,0.0,-0.85,24,S23,建筑沉降速率超限,变形过大,危险报警,simulated,SIMULATED-EXCAVAGUARD-V1,TRUE,
JZ-02,2026-08-20,building_settlement,-0.95,mm,negative,0.0,-0.9,24,S23,建筑沉降速率超限,变形过大,危险报警,simulated,SIMULATED-EXCAVAGUARD-V1,TRUE,
JZ-02,2026-08-21,building_settlement,-1.0,mm,negative,0.0,-0.95,24,S23,建筑沉降速率超限,变形过大,危险报警,simulated,SIMULATED-EXCAVAGUARD-V1,TRUE,
JZ-02,2026-08-22,building_settlement,-1.05,mm,negative,0.0,-1.0,24,S23,建筑沉降速率超限,变形过大,危险报警,simulated,SIMULATED-EXCAVAGUARD-V1,TRUE,
JZ-02,2026-08-23,building_settlement,-1.1,mm,negative,0.0,-1.05,24,S23,建筑沉降速率超限,变形过大,危险报警,simulated,SIMULATED-EXCAVAGUARD-V1,TRUE,
JZ-02,2026-08-24,building_settlement,-1.15,mm,negative,0.0,-1.1,24,S23,建筑沉降速率超限,变形过大,危险报警,simulated,SIMULATED-EXCAVAGUARD-V1,TRUE,
JZ-02,2026-08-25,building_settlement,-1.2,mm,negative,0.0,-1.15,24,S23,建筑沉降速率超限,变形过大,危险报警,simulated,SIMULATED-EXCAVAGUARD-V1,TRUE,
JZ-02,2026-08-26,building_settlement,-1.25,mm,negative,0.0,-1.2,24,S23,建筑沉降速率超限,变形过大,危险报警,simulated,SIMULATED-EXCAVAGUARD-V1,TRUE,
JZ-02,2026-08-27,building_settlement,-1.3,mm,negative,0.0,-1.25,24,S23,建筑沉降速率超限,变形过大,危险报警,simulated,SIMULATED-EXCAVAGUARD-V1,TRUE,
JZ-02,2026-08-28,building_settlement,-1.35,mm,negative,0.0,-1.3,24,S23,建筑沉降速率超限,变形过大,危险报警,simulated,SIMULATED-EXCAVAGUARD-V1,TRUE,
JZ-02,2026-08-29,building_settlement,-1.4,mm,negative,0.0,-1.35,24,S23,建筑沉降速率超限,变形过大,危险报警,simulated,SIMULATED-EXCAVAGUARD-V1,TRUE,
JZ-02,2026-08-30,building_settlement,-1.45,mm,negative,0.0,-1.4,24,S23,建筑沉降速率超限,变形过大,危险报警,simulated,SIMULATED-EXCAVAGUARD-V1,TRUE,
JZ-02,2026-08-31,building_settlement,-1.5,mm,negative,0.0,-1.45,24,S23,建筑沉降速率超限,变形过大,危险报警,simulated,SIMULATED-EXCAVAGUARD-V1,TRUE,
JZ-02,2026-09-01,building_settlement,-1.55,mm,negative,0.0,-1.5,24,S23,建筑沉降速率超限,变形过大,危险报警,simulated,SIMULATED-EXCAVAGUARD-V1,TRUE,
JZ-02,2026-09-02,building_settlement,-1.6,mm,negative,0.0,-1.55,24,S23,建筑沉降速率超限,变形过大,危险报警,simulated,SIMULATED-EXCAVAGUARD-V1,TRUE,
JZ-02,2026-09-03,building_settlement,-1.65,mm,negative,0.0,-1.6,24,S23,建筑沉降速率超限,变形过大,危险报警,simulated,SIMULATED-EXCAVAGUARD-V1,TRUE,
JZ-02,2026-09-04,building_settlement,-1.7,mm,negative,0.0,-1.65,24,S23,建筑沉降速率超限,变形过大,危险报警,simulated,SIMULATED-EXCAVAGUARD-V1,TRUE,
JZ-02,2026-09-05,building_settlement,-1.75,mm,negative,0.0,-1.7,24,S23,建筑沉降速率超限,变形过大,危险报警,simulated,SIMULATED-EXCAVAGUARD-V1,TRUE,
JZ-02,2026-09-06,building_settlement,-1.8,mm,negative,0.0,-1.75,24,S23,建筑沉降速率超限,变形过大,危险报警,simulated,SIMULATED-EXCAVAGUARD-V1,TRUE,
JZ-02,2026-09-07,building_settlement,-1.85,mm,negative,0.0,-1.8,24,S23,建筑沉降速率超限,变形过大,危险报警,simulated,SIMULATED-EXCAVAGUARD-V1,TRUE,
JZ-02,2026-09-08,building_settlement,-1.9,mm,negative,0.0,-1.85,24,S23,建筑沉降速率超限,变形过大,危险报警,simulated,SIMULATED-EXCAVAGUARD-V1,TRUE,
JZ-02,2026-09-09,building_settlement,-1.95,mm,negative,0.0,-1.9,24,S23,建筑沉降速率超限,变形过大,危险报警,simulated,SIMULATED-EXCAVAGUARD-V1,TRUE,
JZ-02,2026-09-10,building_settlement,-2.0,mm,negative,0.0,-1.95,24,S23,建筑沉降速率超限,变形过大,危险报警,simulated,SIMULATED-EXCAVAGUARD-V1,TRUE,
JZ-02,2026-09-11,building_settlement,-2.05,mm,negative,0.0,-2.0,24,S23,建筑沉降速率超限,变形过大,危险报警,simulated,SIMULATED-EXCAVAGUARD-V1,TRUE,
JZ-02,2026-09-12,building_settlement,-2.1,mm,negative,0.0,-2.05,24,S23,建筑沉降速率超限,变形过大,危险报警,simulated,SIMULATED-EXCAVAGUARD-V1,TRUE,
JZ-02,2026-09-13,building_settlement,-2.15,mm,negative,0.0,-2.1,24,S23,建筑沉降速率超限,变形过大,危险报警,simulated,SIMULATED-EXCAVAGUARD-V1,TRUE,
JZ-02,2026-09-14,building_settlement,-2.2,mm,negative,0.0,-2.15,24,S23,建筑沉降速率超限,变形过大,危险报警,simulated,SIMULATED-EXCAVAGUARD-V1,TRUE,
JZ-02,2026-09-15,building_settlement,-2.25,mm,negative,0.0,-2.2,24,S23,建筑沉降速率超限,变形过大,危险报警,simulated,SIMULATED-EXCAVAGUARD-V1,TRUE,
JZ-02,2026-09-16,building_settlement,-2.3,mm,negative,0.0,-2.25,24,S23,建筑沉降速率超限,变形过大,危险报警,simulated,SIMULATED-EXCAVAGUARD-V1,TRUE,
JZ-02,2026-09-17,building_settlement,-2.35,mm,negative,0.0,-2.3,24,S23,建筑沉降速率超限,变形过大,危险报警,simulated,SIMULATED-EXCAVAGUARD-V1,TRUE,
JZ-02,2026-09-18,building_settlement,-2.4,mm,negative,0.0,-2.35,24,S23,建筑沉降速率超限,变形过大,危险报警,simulated,SIMULATED-EXCAVAGUARD-V1,TRUE,
JZ-02,2026-09-19,building_settlement,-2.45,mm,negative,0.0,-2.4,24,S23,建筑沉降速率超限,变形过大,危险报警,simulated,SIMULATED-EXCAVAGUARD-V1,TRUE,
JZ-02,2026-09-20,building_settlement,-2.5,mm,negative,0.0,-2.45,24,S23,建筑沉降速率超限,变形过大,危险报警,simulated,SIMULATED-EXCAVAGUARD-V1,TRUE,
JZ-02,2026-09-21,building_settlement,-2.55,mm,negative,0.0,-2.5,24,S23,建筑沉降速率超限,变形过大,危险报警,simulated,SIMULATED-EXCAVAGUARD-V1,TRUE,
JZ-02,2026-09-22,building_settlement,-2.6,mm,negative,0.0,-2.55,24,S23,建筑沉降速率超限,变形过大,危险报警,simulated,SIMULATED-EXCAVAGUARD-V1,TRUE,
JZ-02,2026-09-23,building_settlement,-2.65,mm,negative,0.0,-2.6,24,S23,建筑沉降速率超限,变形过大,危险报警,simulated,SIMULATED-EXCAVAGUARD-V1,TRUE,
JZ-02,2026-09-24,building_settlement,-2.7,mm,negative,0.0,-2.65,24,S23,建筑沉降速率超限,变形过大,危险报警,simulated,SIMULATED-EXCAVAGUARD-V1,TRUE,
JZ-02,2026-09-25,building_settlement,-2.75,mm,negative,0.0,-2.7,24,S23,建筑沉降速率超限,变形过大,危险报警,simulated,SIMULATED-EXCAVAGUARD-V1,TRUE,
JZ-02,2026-09-26,building_settlement,-2.8,mm,negative,0.0,-2.75,24,S23,建筑沉降速率超限,变形过大,危险报警,simulated,SIMULATED-EXCAVAGUARD-V1,TRUE,
JZ-02,2026-09-27,building_settlement,-4.0,mm,negative,0.0,-2.8,24,S23,建筑沉降速率超限,变形过大,危险报警,simulated,SIMULATED-EXCAVAGUARD-V1,TRUE,
JZ-02,2026-09-28,building_settlement,-5.2,mm,negative,0.0,-4.0,24,S23,建筑沉降速率超限,变形过大,危险报警,simulated,SIMULATED-EXCAVAGUARD-V1,TRUE,
JZ-02,2026-09-29,building_settlement,-6.4,mm,negative,0.0,-5.2,24,S23,建筑沉降速率超限,变形过大,危险报警,simulated,SIMULATED-EXCAVAGUARD-V1,TRUE,
ZJS-01,2026-08-01,wall_top_vertical_displacement,-0.0,mm,negative,-0.0,,,S24,顶部竖向位移超限,变形过大,报警,simulated,SIMULATED-EXCAVAGUARD-V1,TRUE,
ZJS-01,2026-08-02,wall_top_vertical_displacement,-0.186,mm,negative,-0.0,-0.0,24,S24,顶部竖向位移超限,变形过大,报警,simulated,SIMULATED-EXCAVAGUARD-V1,TRUE,
ZJS-01,2026-08-03,wall_top_vertical_displacement,-0.373,mm,negative,-0.0,-0.186,24,S24,顶部竖向位移超限,变形过大,报警,simulated,SIMULATED-EXCAVAGUARD-V1,TRUE,
ZJS-01,2026-08-04,wall_top_vertical_displacement,-0.559,mm,negative,-0.0,-0.373,24,S24,顶部竖向位移超限,变形过大,报警,simulated,SIMULATED-EXCAVAGUARD-V1,TRUE,
ZJS-01,2026-08-05,wall_top_vertical_displacement,-0.746,mm,negative,-0.0,-0.559,24,S24,顶部竖向位移超限,变形过大,报警,simulated,SIMULATED-EXCAVAGUARD-V1,TRUE,
ZJS-01,2026-08-06,wall_top_vertical_displacement,-0.932,mm,negative,-0.0,-0.746,24,S24,顶部竖向位移超限,变形过大,报警,simulated,SIMULATED-EXCAVAGUARD-V1,TRUE,
ZJS-01,2026-08-07,wall_top_vertical_displacement,-1.119,mm,negative,-0.0,-0.932,24,S24,顶部竖向位移超限,变形过大,报警,simulated,SIMULATED-EXCAVAGUARD-V1,TRUE,
ZJS-01,2026-08-08,wall_top_vertical_displacement,-1.305,mm,negative,-0.0,-1.119,24,S24,顶部竖向位移超限,变形过大,报警,simulated,SIMULATED-EXCAVAGUARD-V1,TRUE,
ZJS-01,2026-08-09,wall_top_vertical_displacement,-1.492,mm,negative,-0.0,-1.305,24,S24,顶部竖向位移超限,变形过大,报警,simulated,SIMULATED-EXCAVAGUARD-V1,TRUE,
ZJS-01,2026-08-10,wall_top_vertical_displacement,-1.678,mm,negative,-0.0,-1.492,24,S24,顶部竖向位移超限,变形过大,报警,simulated,SIMULATED-EXCAVAGUARD-V1,TRUE,
ZJS-01,2026-08-11,wall_top_vertical_displacement,-1.864,mm,negative,-0.0,-1.678,24,S24,顶部竖向位移超限,变形过大,报警,simulated,SIMULATED-EXCAVAGUARD-V1,TRUE,
ZJS-01,2026-08-12,wall_top_vertical_displacement,-2.051,mm,negative,-0.0,-1.864,24,S24,顶部竖向位移超限,变形过大,报警,simulated,SIMULATED-EXCAVAGUARD-V1,TRUE,
ZJS-01,2026-08-13,wall_top_vertical_displacement,-2.237,mm,negative,-0.0,-2.051,24,S24,顶部竖向位移超限,变形过大,报警,simulated,SIMULATED-EXCAVAGUARD-V1,TRUE,
ZJS-01,2026-08-14,wall_top_vertical_displacement,-2.424,mm,negative,-0.0,-2.237,24,S24,顶部竖向位移超限,变形过大,报警,simulated,SIMULATED-EXCAVAGUARD-V1,TRUE,
ZJS-01,2026-08-15,wall_top_vertical_displacement,-2.61,mm,negative,-0.0,-2.424,24,S24,顶部竖向位移超限,变形过大,报警,simulated,SIMULATED-EXCAVAGUARD-V1,TRUE,
ZJS-01,2026-08-16,wall_top_vertical_displacement,-2.797,mm,negative,-0.0,-2.61,24,S24,顶部竖向位移超限,变形过大,报警,simulated,SIMULATED-EXCAVAGUARD-V1,TRUE,
ZJS-01,2026-08-17,wall_top_vertical_displacement,-2.983,mm,negative,-0.0,-2.797,24,S24,顶部竖向位移超限,变形过大,报警,simulated,SIMULATED-EXCAVAGUARD-V1,TRUE,
ZJS-01,2026-08-18,wall_top_vertical_displacement,-3.169,mm,negative,-0.0,-2.983,24,S24,顶部竖向位移超限,变形过大,报警,simulated,SIMULATED-EXCAVAGUARD-V1,TRUE,
ZJS-01,2026-08-19,wall_top_vertical_displacement,-3.356,mm,negative,-0.0,-3.169,24,S24,顶部竖向位移超限,变形过大,报警,simulated,SIMULATED-EXCAVAGUARD-V1,TRUE,
ZJS-01,2026-08-20,wall_top_vertical_displacement,-3.542,mm,negative,-0.0,-3.356,24,S24,顶部竖向位移超限,变形过大,报警,simulated,SIMULATED-EXCAVAGUARD-V1,TRUE,
ZJS-01,2026-08-21,wall_top_vertical_displacement,-3.729,mm,negative,-0.0,-3.542,24,S24,顶部竖向位移超限,变形过大,报警,simulated,SIMULATED-EXCAVAGUARD-V1,TRUE,
ZJS-01,2026-08-22,wall_top_vertical_displacement,-3.915,mm,negative,-0.0,-3.729,24,S24,顶部竖向位移超限,变形过大,报警,simulated,SIMULATED-EXCAVAGUARD-V1,TRUE,
ZJS-01,2026-08-23,wall_top_vertical_displacement,-4.102,mm,negative,-0.0,-3.915,24,S24,顶部竖向位移超限,变形过大,报警,simulated,SIMULATED-EXCAVAGUARD-V1,TRUE,
ZJS-01,2026-08-24,wall_top_vertical_displacement,-4.288,mm,negative,-0.0,-4.102,24,S24,顶部竖向位移超限,变形过大,报警,simulated,SIMULATED-EXCAVAGUARD-V1,TRUE,
ZJS-01,2026-08-25,wall_top_vertical_displacement,-4.475,mm,negative,-0.0,-4.288,24,S24,顶部竖向位移超限,变形过大,报警,simulated,SIMULATED-EXCAVAGUARD-V1,TRUE,
ZJS-01,2026-08-26,wall_top_vertical_displacement,-4.661,mm,negative,-0.0,-4.475,24,S24,顶部竖向位移超限,变形过大,报警,simulated,SIMULATED-EXCAVAGUARD-V1,TRUE,
ZJS-01,2026-08-27,wall_top_vertical_displacement,-4.847,mm,negative,-0.0,-4.661,24,S24,顶部竖向位移超限,变形过大,报警,simulated,SIMULATED-EXCAVAGUARD-V1,TRUE,
ZJS-01,2026-08-28,wall_top_vertical_displacement,-5.034,mm,negative,-0.0,-4.847,24,S24,顶部竖向位移超限,变形过大,报警,simulated,SIMULATED-EXCAVAGUARD-V1,TRUE,
ZJS-01,2026-08-29,wall_top_vertical_displacement,-5.22,mm,negative,-0.0,-5.034,24,S24,顶部竖向位移超限,变形过大,报警,simulated,SIMULATED-EXCAVAGUARD-V1,TRUE,
ZJS-01,2026-08-30,wall_top_vertical_displacement,-5.407,mm,negative,-0.0,-5.22,24,S24,顶部竖向位移超限,变形过大,报警,simulated,SIMULATED-EXCAVAGUARD-V1,TRUE,
ZJS-01,2026-08-31,wall_top_vertical_displacement,-5.593,mm,negative,-0.0,-5.407,24,S24,顶部竖向位移超限,变形过大,报警,simulated,SIMULATED-EXCAVAGUARD-V1,TRUE,
ZJS-01,2026-09-01,wall_top_vertical_displacement,-5.78,mm,negative,-0.0,-5.593,24,S24,顶部竖向位移超限,变形过大,报警,simulated,SIMULATED-EXCAVAGUARD-V1,TRUE,
ZJS-01,2026-09-02,wall_top_vertical_displacement,-5.966,mm,negative,-0.0,-5.78,24,S24,顶部竖向位移超限,变形过大,报警,simulated,SIMULATED-EXCAVAGUARD-V1,TRUE,
ZJS-01,2026-09-03,wall_top_vertical_displacement,-6.153,mm,negative,-0.0,-5.966,24,S24,顶部竖向位移超限,变形过大,报警,simulated,SIMULATED-EXCAVAGUARD-V1,TRUE,
ZJS-01,2026-09-04,wall_top_vertical_displacement,-6.339,mm,negative,-0.0,-6.153,24,S24,顶部竖向位移超限,变形过大,报警,simulated,SIMULATED-EXCAVAGUARD-V1,TRUE,
ZJS-01,2026-09-05,wall_top_vertical_displacement,-6.525,mm,negative,-0.0,-6.339,24,S24,顶部竖向位移超限,变形过大,报警,simulated,SIMULATED-EXCAVAGUARD-V1,TRUE,
ZJS-01,2026-09-06,wall_top_vertical_displacement,-6.712,mm,negative,-0.0,-6.525,24,S24,顶部竖向位移超限,变形过大,报警,simulated,SIMULATED-EXCAVAGUARD-V1,TRUE,
ZJS-01,2026-09-07,wall_top_vertical_displacement,-6.898,mm,negative,-0.0,-6.712,24,S24,顶部竖向位移超限,变形过大,报警,simulated,SIMULATED-EXCAVAGUARD-V1,TRUE,
ZJS-01,2026-09-08,wall_top_vertical_displacement,-7.085,mm,negative,-0.0,-6.898,24,S24,顶部竖向位移超限,变形过大,报警,simulated,SIMULATED-EXCAVAGUARD-V1,TRUE,
ZJS-01,2026-09-09,wall_top_vertical_displacement,-7.271,mm,negative,-0.0,-7.085,24,S24,顶部竖向位移超限,变形过大,报警,simulated,SIMULATED-EXCAVAGUARD-V1,TRUE,
ZJS-01,2026-09-10,wall_top_vertical_displacement,-7.458,mm,negative,-0.0,-7.271,24,S24,顶部竖向位移超限,变形过大,报警,simulated,SIMULATED-EXCAVAGUARD-V1,TRUE,
ZJS-01,2026-09-11,wall_top_vertical_displacement,-7.644,mm,negative,-0.0,-7.458,24,S24,顶部竖向位移超限,变形过大,报警,simulated,SIMULATED-EXCAVAGUARD-V1,TRUE,
ZJS-01,2026-09-12,wall_top_vertical_displacement,-7.831,mm,negative,-0.0,-7.644,24,S24,顶部竖向位移超限,变形过大,报警,simulated,SIMULATED-EXCAVAGUARD-V1,TRUE,
ZJS-01,2026-09-13,wall_top_vertical_displacement,-8.017,mm,negative,-0.0,-7.831,24,S24,顶部竖向位移超限,变形过大,报警,simulated,SIMULATED-EXCAVAGUARD-V1,TRUE,
ZJS-01,2026-09-14,wall_top_vertical_displacement,-8.203,mm,negative,-0.0,-8.017,24,S24,顶部竖向位移超限,变形过大,报警,simulated,SIMULATED-EXCAVAGUARD-V1,TRUE,
ZJS-01,2026-09-15,wall_top_vertical_displacement,-8.39,mm,negative,-0.0,-8.203,24,S24,顶部竖向位移超限,变形过大,报警,simulated,SIMULATED-EXCAVAGUARD-V1,TRUE,
ZJS-01,2026-09-16,wall_top_vertical_displacement,-8.576,mm,negative,-0.0,-8.39,24,S24,顶部竖向位移超限,变形过大,报警,simulated,SIMULATED-EXCAVAGUARD-V1,TRUE,
ZJS-01,2026-09-17,wall_top_vertical_displacement,-8.763,mm,negative,-0.0,-8.576,24,S24,顶部竖向位移超限,变形过大,报警,simulated,SIMULATED-EXCAVAGUARD-V1,TRUE,
ZJS-01,2026-09-18,wall_top_vertical_displacement,-8.949,mm,negative,-0.0,-8.763,24,S24,顶部竖向位移超限,变形过大,报警,simulated,SIMULATED-EXCAVAGUARD-V1,TRUE,
ZJS-01,2026-09-19,wall_top_vertical_displacement,-9.136,mm,negative,-0.0,-8.949,24,S24,顶部竖向位移超限,变形过大,报警,simulated,SIMULATED-EXCAVAGUARD-V1,TRUE,
ZJS-01,2026-09-20,wall_top_vertical_displacement,-9.322,mm,negative,-0.0,-9.136,24,S24,顶部竖向位移超限,变形过大,报警,simulated,SIMULATED-EXCAVAGUARD-V1,TRUE,
ZJS-01,2026-09-21,wall_top_vertical_displacement,-9.508,mm,negative,-0.0,-9.322,24,S24,顶部竖向位移超限,变形过大,报警,simulated,SIMULATED-EXCAVAGUARD-V1,TRUE,
ZJS-01,2026-09-22,wall_top_vertical_displacement,-9.695,mm,negative,-0.0,-9.508,24,S24,顶部竖向位移超限,变形过大,报警,simulated,SIMULATED-EXCAVAGUARD-V1,TRUE,
ZJS-01,2026-09-23,wall_top_vertical_displacement,-9.881,mm,negative,-0.0,-9.695,24,S24,顶部竖向位移超限,变形过大,报警,simulated,SIMULATED-EXCAVAGUARD-V1,TRUE,
ZJS-01,2026-09-24,wall_top_vertical_displacement,-10.068,mm,negative,-0.0,-9.881,24,S24,顶部竖向位移超限,变形过大,报警,simulated,SIMULATED-EXCAVAGUARD-V1,TRUE,
ZJS-01,2026-09-25,wall_top_vertical_displacement,-10.254,mm,negative,-0.0,-10.068,24,S24,顶部竖向位移超限,变形过大,报警,simulated,SIMULATED-EXCAVAGUARD-V1,TRUE,
ZJS-01,2026-09-26,wall_top_vertical_displacement,-10.441,mm,negative,-0.0,-10.254,24,S24,顶部竖向位移超限,变形过大,报警,simulated,SIMULATED-EXCAVAGUARD-V1,TRUE,
ZJS-01,2026-09-27,wall_top_vertical_displacement,-10.627,mm,negative,-0.0,-10.441,24,S24,顶部竖向位移超限,变形过大,报警,simulated,SIMULATED-EXCAVAGUARD-V1,TRUE,
ZJS-01,2026-09-28,wall_top_vertical_displacement,-10.814,mm,negative,-0.0,-10.627,24,S24,顶部竖向位移超限,变形过大,报警,simulated,SIMULATED-EXCAVAGUARD-V1,TRUE,
ZJS-01,2026-09-29,wall_top_vertical_displacement,-11.0,mm,negative,-0.0,-10.814,24,S24,顶部竖向位移超限,变形过大,报警,simulated,SIMULATED-EXCAVAGUARD-V1,TRUE,
ZJS-02,2026-08-01,wall_top_vertical_displacement,-0.0,mm,negative,-0.0,,,S24,顶部竖向位移超限,变形过大,报警,simulated,SIMULATED-EXCAVAGUARD-V1,TRUE,
ZJS-02,2026-08-02,wall_top_vertical_displacement,-0.548,mm,negative,-0.0,-0.0,24,S24,顶部竖向位移超限,变形过大,报警,simulated,SIMULATED-EXCAVAGUARD-V1,TRUE,
ZJS-02,2026-08-03,wall_top_vertical_displacement,-1.061,mm,negative,-0.0,-0.548,24,S24,顶部竖向位移超限,变形过大,报警,simulated,SIMULATED-EXCAVAGUARD-V1,TRUE,
ZJS-02,2026-08-04,wall_top_vertical_displacement,-1.541,mm,negative,-0.0,-1.061,24,S24,顶部竖向位移超限,变形过大,报警,simulated,SIMULATED-EXCAVAGUARD-V1,TRUE,
ZJS-02,2026-08-05,wall_top_vertical_displacement,-1.99,mm,negative,-0.0,-1.541,24,S24,顶部竖向位移超限,变形过大,报警,simulated,SIMULATED-EXCAVAGUARD-V1,TRUE,
ZJS-02,2026-08-06,wall_top_vertical_displacement,-2.409,mm,negative,-0.0,-1.99,24,S24,顶部竖向位移超限,变形过大,报警,simulated,SIMULATED-EXCAVAGUARD-V1,TRUE,
ZJS-02,2026-08-07,wall_top_vertical_displacement,-2.802,mm,negative,-0.0,-2.409,24,S24,顶部竖向位移超限,变形过大,报警,simulated,SIMULATED-EXCAVAGUARD-V1,TRUE,
ZJS-02,2026-08-08,wall_top_vertical_displacement,-3.17,mm,negative,-0.0,-2.802,24,S24,顶部竖向位移超限,变形过大,报警,simulated,SIMULATED-EXCAVAGUARD-V1,TRUE,
ZJS-02,2026-08-09,wall_top_vertical_displacement,-3.514,mm,negative,-0.0,-3.17,24,S24,顶部竖向位移超限,变形过大,报警,simulated,SIMULATED-EXCAVAGUARD-V1,TRUE,
ZJS-02,2026-08-10,wall_top_vertical_displacement,-3.835,mm,negative,-0.0,-3.514,24,S24,顶部竖向位移超限,变形过大,报警,simulated,SIMULATED-EXCAVAGUARD-V1,TRUE,
ZJS-02,2026-08-11,wall_top_vertical_displacement,-4.136,mm,negative,-0.0,-3.835,24,S24,顶部竖向位移超限,变形过大,报警,simulated,SIMULATED-EXCAVAGUARD-V1,TRUE,
ZJS-02,2026-08-12,wall_top_vertical_displacement,-4.417,mm,negative,-0.0,-4.136,24,S24,顶部竖向位移超限,变形过大,报警,simulated,SIMULATED-EXCAVAGUARD-V1,TRUE,
ZJS-02,2026-08-13,wall_top_vertical_displacement,-4.681,mm,negative,-0.0,-4.417,24,S24,顶部竖向位移超限,变形过大,报警,simulated,SIMULATED-EXCAVAGUARD-V1,TRUE,
ZJS-02,2026-08-14,wall_top_vertical_displacement,-4.927,mm,negative,-0.0,-4.681,24,S24,顶部竖向位移超限,变形过大,报警,simulated,SIMULATED-EXCAVAGUARD-V1,TRUE,
ZJS-02,2026-08-15,wall_top_vertical_displacement,-5.157,mm,negative,-0.0,-4.927,24,S24,顶部竖向位移超限,变形过大,报警,simulated,SIMULATED-EXCAVAGUARD-V1,TRUE,
ZJS-02,2026-08-16,wall_top_vertical_displacement,-5.373,mm,negative,-0.0,-5.157,24,S24,顶部竖向位移超限,变形过大,报警,simulated,SIMULATED-EXCAVAGUARD-V1,TRUE,
ZJS-02,2026-08-17,wall_top_vertical_displacement,-5.575,mm,negative,-0.0,-5.373,24,S24,顶部竖向位移超限,变形过大,报警,simulated,SIMULATED-EXCAVAGUARD-V1,TRUE,
ZJS-02,2026-08-18,wall_top_vertical_displacement,-5.763,mm,negative,-0.0,-5.575,24,S24,顶部竖向位移超限,变形过大,报警,simulated,SIMULATED-EXCAVAGUARD-V1,TRUE,
ZJS-02,2026-08-19,wall_top_vertical_displacement,-5.94,mm,negative,-0.0,-5.763,24,S24,顶部竖向位移超限,变形过大,报警,simulated,SIMULATED-EXCAVAGUARD-V1,TRUE,
ZJS-02,2026-08-20,wall_top_vertical_displacement,-6.105,mm,negative,-0.0,-5.94,24,S24,顶部竖向位移超限,变形过大,报警,simulated,SIMULATED-EXCAVAGUARD-V1,TRUE,
ZJS-02,2026-08-21,wall_top_vertical_displacement,-6.259,mm,negative,-0.0,-6.105,24,S24,顶部竖向位移超限,变形过大,报警,simulated,SIMULATED-EXCAVAGUARD-V1,TRUE,
ZJS-02,2026-08-22,wall_top_vertical_displacement,-6.404,mm,negative,-0.0,-6.259,24,S24,顶部竖向位移超限,变形过大,报警,simulated,SIMULATED-EXCAVAGUARD-V1,TRUE,
ZJS-02,2026-08-23,wall_top_vertical_displacement,-6.539,mm,negative,-0.0,-6.404,24,S24,顶部竖向位移超限,变形过大,报警,simulated,SIMULATED-EXCAVAGUARD-V1,TRUE,
ZJS-02,2026-08-24,wall_top_vertical_displacement,-6.666,mm,negative,-0.0,-6.539,24,S24,顶部竖向位移超限,变形过大,报警,simulated,SIMULATED-EXCAVAGUARD-V1,TRUE,
ZJS-02,2026-08-25,wall_top_vertical_displacement,-6.784,mm,negative,-0.0,-6.666,24,S24,顶部竖向位移超限,变形过大,报警,simulated,SIMULATED-EXCAVAGUARD-V1,TRUE,
ZJS-02,2026-08-26,wall_top_vertical_displacement,-6.895,mm,negative,-0.0,-6.784,24,S24,顶部竖向位移超限,变形过大,报警,simulated,SIMULATED-EXCAVAGUARD-V1,TRUE,
ZJS-02,2026-08-27,wall_top_vertical_displacement,-6.998,mm,negative,-0.0,-6.895,24,S24,顶部竖向位移超限,变形过大,报警,simulated,SIMULATED-EXCAVAGUARD-V1,TRUE,
ZJS-02,2026-08-28,wall_top_vertical_displacement,-7.095,mm,negative,-0.0,-6.998,24,S24,顶部竖向位移超限,变形过大,报警,simulated,SIMULATED-EXCAVAGUARD-V1,TRUE,
ZJS-02,2026-08-29,wall_top_vertical_displacement,-7.186,mm,negative,-0.0,-7.095,24,S24,顶部竖向位移超限,变形过大,报警,simulated,SIMULATED-EXCAVAGUARD-V1,TRUE,
ZJS-02,2026-08-30,wall_top_vertical_displacement,-7.27,mm,negative,-0.0,-7.186,24,S24,顶部竖向位移超限,变形过大,报警,simulated,SIMULATED-EXCAVAGUARD-V1,TRUE,
ZJS-02,2026-08-31,wall_top_vertical_displacement,-7.35,mm,negative,-0.0,-7.27,24,S24,顶部竖向位移超限,变形过大,报警,simulated,SIMULATED-EXCAVAGUARD-V1,TRUE,
ZJS-02,2026-09-01,wall_top_vertical_displacement,-7.424,mm,negative,-0.0,-7.35,24,S24,顶部竖向位移超限,变形过大,报警,simulated,SIMULATED-EXCAVAGUARD-V1,TRUE,
ZJS-02,2026-09-02,wall_top_vertical_displacement,-7.493,mm,negative,-0.0,-7.424,24,S24,顶部竖向位移超限,变形过大,报警,simulated,SIMULATED-EXCAVAGUARD-V1,TRUE,
ZJS-02,2026-09-03,wall_top_vertical_displacement,-7.558,mm,negative,-0.0,-7.493,24,S24,顶部竖向位移超限,变形过大,报警,simulated,SIMULATED-EXCAVAGUARD-V1,TRUE,
ZJS-02,2026-09-04,wall_top_vertical_displacement,-7.619,mm,negative,-0.0,-7.558,24,S24,顶部竖向位移超限,变形过大,报警,simulated,SIMULATED-EXCAVAGUARD-V1,TRUE,
ZJS-02,2026-09-05,wall_top_vertical_displacement,-7.676,mm,negative,-0.0,-7.619,24,S24,顶部竖向位移超限,变形过大,报警,simulated,SIMULATED-EXCAVAGUARD-V1,TRUE,
ZJS-02,2026-09-06,wall_top_vertical_displacement,-7.729,mm,negative,-0.0,-7.676,24,S24,顶部竖向位移超限,变形过大,报警,simulated,SIMULATED-EXCAVAGUARD-V1,TRUE,
ZJS-02,2026-09-07,wall_top_vertical_displacement,-7.779,mm,negative,-0.0,-7.729,24,S24,顶部竖向位移超限,变形过大,报警,simulated,SIMULATED-EXCAVAGUARD-V1,TRUE,
ZJS-02,2026-09-08,wall_top_vertical_displacement,-7.825,mm,negative,-0.0,-7.779,24,S24,顶部竖向位移超限,变形过大,报警,simulated,SIMULATED-EXCAVAGUARD-V1,TRUE,
ZJS-02,2026-09-09,wall_top_vertical_displacement,-7.869,mm,negative,-0.0,-7.825,24,S24,顶部竖向位移超限,变形过大,报警,simulated,SIMULATED-EXCAVAGUARD-V1,TRUE,
ZJS-02,2026-09-10,wall_top_vertical_displacement,-7.909,mm,negative,-0.0,-7.869,24,S24,顶部竖向位移超限,变形过大,报警,simulated,SIMULATED-EXCAVAGUARD-V1,TRUE,
ZJS-02,2026-09-11,wall_top_vertical_displacement,-7.947,mm,negative,-0.0,-7.909,24,S24,顶部竖向位移超限,变形过大,报警,simulated,SIMULATED-EXCAVAGUARD-V1,TRUE,
ZJS-02,2026-09-12,wall_top_vertical_displacement,-7.983,mm,negative,-0.0,-7.947,24,S24,顶部竖向位移超限,变形过大,报警,simulated,SIMULATED-EXCAVAGUARD-V1,TRUE,
ZJS-02,2026-09-13,wall_top_vertical_displacement,-8.016,mm,negative,-0.0,-7.983,24,S24,顶部竖向位移超限,变形过大,报警,simulated,SIMULATED-EXCAVAGUARD-V1,TRUE,
ZJS-02,2026-09-14,wall_top_vertical_displacement,-8.048,mm,negative,-0.0,-8.016,24,S24,顶部竖向位移超限,变形过大,报警,simulated,SIMULATED-EXCAVAGUARD-V1,TRUE,
ZJS-02,2026-09-15,wall_top_vertical_displacement,-8.077,mm,negative,-0.0,-8.048,24,S24,顶部竖向位移超限,变形过大,报警,simulated,SIMULATED-EXCAVAGUARD-V1,TRUE,
ZJS-02,2026-09-16,wall_top_vertical_displacement,-8.104,mm,negative,-0.0,-8.077,24,S24,顶部竖向位移超限,变形过大,报警,simulated,SIMULATED-EXCAVAGUARD-V1,TRUE,
ZJS-02,2026-09-17,wall_top_vertical_displacement,-8.13,mm,negative,-0.0,-8.104,24,S24,顶部竖向位移超限,变形过大,报警,simulated,SIMULATED-EXCAVAGUARD-V1,TRUE,
ZJS-02,2026-09-18,wall_top_vertical_displacement,-8.154,mm,negative,-0.0,-8.13,24,S24,顶部竖向位移超限,变形过大,报警,simulated,SIMULATED-EXCAVAGUARD-V1,TRUE,
ZJS-02,2026-09-19,wall_top_vertical_displacement,-8.176,mm,negative,-0.0,-8.154,24,S24,顶部竖向位移超限,变形过大,报警,simulated,SIMULATED-EXCAVAGUARD-V1,TRUE,
ZJS-02,2026-09-20,wall_top_vertical_displacement,-8.197,mm,negative,-0.0,-8.176,24,S24,顶部竖向位移超限,变形过大,报警,simulated,SIMULATED-EXCAVAGUARD-V1,TRUE,
ZJS-02,2026-09-21,wall_top_vertical_displacement,-8.216,mm,negative,-0.0,-8.197,24,S24,顶部竖向位移超限,变形过大,报警,simulated,SIMULATED-EXCAVAGUARD-V1,TRUE,
ZJS-02,2026-09-22,wall_top_vertical_displacement,-8.235,mm,negative,-0.0,-8.216,24,S24,顶部竖向位移超限,变形过大,报警,simulated,SIMULATED-EXCAVAGUARD-V1,TRUE,
ZJS-02,2026-09-23,wall_top_vertical_displacement,-8.252,mm,negative,-0.0,-8.235,24,S24,顶部竖向位移超限,变形过大,报警,simulated,SIMULATED-EXCAVAGUARD-V1,TRUE,
ZJS-02,2026-09-24,wall_top_vertical_displacement,-8.268,mm,negative,-0.0,-8.252,24,S24,顶部竖向位移超限,变形过大,报警,simulated,SIMULATED-EXCAVAGUARD-V1,TRUE,
ZJS-02,2026-09-25,wall_top_vertical_displacement,-8.283,mm,negative,-0.0,-8.268,24,S24,顶部竖向位移超限,变形过大,报警,simulated,SIMULATED-EXCAVAGUARD-V1,TRUE,
ZJS-02,2026-09-26,wall_top_vertical_displacement,-8.297,mm,negative,-0.0,-8.283,24,S24,顶部竖向位移超限,变形过大,报警,simulated,SIMULATED-EXCAVAGUARD-V1,TRUE,
ZJS-02,2026-09-27,wall_top_vertical_displacement,-8.31,mm,negative,-0.0,-8.297,24,S24,顶部竖向位移超限,变形过大,报警,simulated,SIMULATED-EXCAVAGUARD-V1,TRUE,
ZJS-02,2026-09-28,wall_top_vertical_displacement,-8.322,mm,negative,-0.0,-8.31,24,S24,顶部竖向位移超限,变形过大,报警,simulated,SIMULATED-EXCAVAGUARD-V1,TRUE,
ZJS-02,2026-09-29,wall_top_vertical_displacement,-8.334,mm,negative,-0.0,-8.322,24,S24,顶部竖向位移超限,变形过大,报警,simulated,SIMULATED-EXCAVAGUARD-V1,TRUE,
ZJS-03,2026-08-01,wall_top_vertical_displacement,-0.0,mm,negative,-0.0,,,S24,顶部竖向位移超限,变形过大,报警,simulated,SIMULATED-EXCAVAGUARD-V1,TRUE,
ZJS-03,2026-08-02,wall_top_vertical_displacement,-0.193,mm,negative,-0.0,-0.0,24,S24,顶部竖向位移超限,变形过大,报警,simulated,SIMULATED-EXCAVAGUARD-V1,TRUE,
ZJS-03,2026-08-03,wall_top_vertical_displacement,-0.374,mm,negative,-0.0,-0.193,24,S24,顶部竖向位移超限,变形过大,报警,simulated,SIMULATED-EXCAVAGUARD-V1,TRUE,
ZJS-03,2026-08-04,wall_top_vertical_displacement,-0.544,mm,negative,-0.0,-0.374,24,S24,顶部竖向位移超限,变形过大,报警,simulated,SIMULATED-EXCAVAGUARD-V1,TRUE,
ZJS-03,2026-08-05,wall_top_vertical_displacement,-0.702,mm,negative,-0.0,-0.544,24,S24,顶部竖向位移超限,变形过大,报警,simulated,SIMULATED-EXCAVAGUARD-V1,TRUE,
ZJS-03,2026-08-06,wall_top_vertical_displacement,-0.85,mm,negative,-0.0,-0.702,24,S24,顶部竖向位移超限,变形过大,报警,simulated,SIMULATED-EXCAVAGUARD-V1,TRUE,
ZJS-03,2026-08-07,wall_top_vertical_displacement,-0.989,mm,negative,-0.0,-0.85,24,S24,顶部竖向位移超限,变形过大,报警,simulated,SIMULATED-EXCAVAGUARD-V1,TRUE,
ZJS-03,2026-08-08,wall_top_vertical_displacement,-1.119,mm,negative,-0.0,-0.989,24,S24,顶部竖向位移超限,变形过大,报警,simulated,SIMULATED-EXCAVAGUARD-V1,TRUE,
ZJS-03,2026-08-09,wall_top_vertical_displacement,-1.24,mm,negative,-0.0,-1.119,24,S24,顶部竖向位移超限,变形过大,报警,simulated,SIMULATED-EXCAVAGUARD-V1,TRUE,
ZJS-03,2026-08-10,wall_top_vertical_displacement,-1.354,mm,negative,-0.0,-1.24,24,S24,顶部竖向位移超限,变形过大,报警,simulated,SIMULATED-EXCAVAGUARD-V1,TRUE,
ZJS-03,2026-08-11,wall_top_vertical_displacement,-1.46,mm,negative,-0.0,-1.354,24,S24,顶部竖向位移超限,变形过大,报警,simulated,SIMULATED-EXCAVAGUARD-V1,TRUE,
ZJS-03,2026-08-12,wall_top_vertical_displacement,-1.559,mm,negative,-0.0,-1.46,24,S24,顶部竖向位移超限,变形过大,报警,simulated,SIMULATED-EXCAVAGUARD-V1,TRUE,
ZJS-03,2026-08-13,wall_top_vertical_displacement,-1.652,mm,negative,-0.0,-1.559,24,S24,顶部竖向位移超限,变形过大,报警,simulated,SIMULATED-EXCAVAGUARD-V1,TRUE,
ZJS-03,2026-08-14,wall_top_vertical_displacement,-1.739,mm,negative,-0.0,-1.652,24,S24,顶部竖向位移超限,变形过大,报警,simulated,SIMULATED-EXCAVAGUARD-V1,TRUE,
ZJS-03,2026-08-15,wall_top_vertical_displacement,-1.82,mm,negative,-0.0,-1.739,24,S24,顶部竖向位移超限,变形过大,报警,simulated,SIMULATED-EXCAVAGUARD-V1,TRUE,
ZJS-03,2026-08-16,wall_top_vertical_displacement,-1.896,mm,negative,-0.0,-1.82,24,S24,顶部竖向位移超限,变形过大,报警,simulated,SIMULATED-EXCAVAGUARD-V1,TRUE,
ZJS-03,2026-08-17,wall_top_vertical_displacement,-1.968,mm,negative,-0.0,-1.896,24,S24,顶部竖向位移超限,变形过大,报警,simulated,SIMULATED-EXCAVAGUARD-V1,TRUE,
ZJS-03,2026-08-18,wall_top_vertical_displacement,-2.034,mm,negative,-0.0,-1.968,24,S24,顶部竖向位移超限,变形过大,报警,simulated,SIMULATED-EXCAVAGUARD-V1,TRUE,
ZJS-03,2026-08-19,wall_top_vertical_displacement,-2.096,mm,negative,-0.0,-2.034,24,S24,顶部竖向位移超限,变形过大,报警,simulated,SIMULATED-EXCAVAGUARD-V1,TRUE,
ZJS-03,2026-08-20,wall_top_vertical_displacement,-2.155,mm,negative,-0.0,-2.096,24,S24,顶部竖向位移超限,变形过大,报警,simulated,SIMULATED-EXCAVAGUARD-V1,TRUE,
ZJS-03,2026-08-21,wall_top_vertical_displacement,-2.209,mm,negative,-0.0,-2.155,24,S24,顶部竖向位移超限,变形过大,报警,simulated,SIMULATED-EXCAVAGUARD-V1,TRUE,
ZJS-03,2026-08-22,wall_top_vertical_displacement,-2.26,mm,negative,-0.0,-2.209,24,S24,顶部竖向位移超限,变形过大,报警,simulated,SIMULATED-EXCAVAGUARD-V1,TRUE,
ZJS-03,2026-08-23,wall_top_vertical_displacement,-2.308,mm,negative,-0.0,-2.26,24,S24,顶部竖向位移超限,变形过大,报警,simulated,SIMULATED-EXCAVAGUARD-V1,TRUE,
ZJS-03,2026-08-24,wall_top_vertical_displacement,-2.353,mm,negative,-0.0,-2.308,24,S24,顶部竖向位移超限,变形过大,报警,simulated,SIMULATED-EXCAVAGUARD-V1,TRUE,
ZJS-03,2026-08-25,wall_top_vertical_displacement,-2.394,mm,negative,-0.0,-2.353,24,S24,顶部竖向位移超限,变形过大,报警,simulated,SIMULATED-EXCAVAGUARD-V1,TRUE,
ZJS-03,2026-08-26,wall_top_vertical_displacement,-2.433,mm,negative,-0.0,-2.394,24,S24,顶部竖向位移超限,变形过大,报警,simulated,SIMULATED-EXCAVAGUARD-V1,TRUE,
ZJS-03,2026-08-27,wall_top_vertical_displacement,-2.47,mm,negative,-0.0,-2.433,24,S24,顶部竖向位移超限,变形过大,报警,simulated,SIMULATED-EXCAVAGUARD-V1,TRUE,
ZJS-03,2026-08-28,wall_top_vertical_displacement,-2.504,mm,negative,-0.0,-2.47,24,S24,顶部竖向位移超限,变形过大,报警,simulated,SIMULATED-EXCAVAGUARD-V1,TRUE,
ZJS-03,2026-08-29,wall_top_vertical_displacement,-2.536,mm,negative,-0.0,-2.504,24,S24,顶部竖向位移超限,变形过大,报警,simulated,SIMULATED-EXCAVAGUARD-V1,TRUE,
ZJS-03,2026-08-30,wall_top_vertical_displacement,-2.566,mm,negative,-0.0,-2.536,24,S24,顶部竖向位移超限,变形过大,报警,simulated,SIMULATED-EXCAVAGUARD-V1,TRUE,
ZJS-03,2026-08-31,wall_top_vertical_displacement,-2.594,mm,negative,-0.0,-2.566,24,S24,顶部竖向位移超限,变形过大,报警,simulated,SIMULATED-EXCAVAGUARD-V1,TRUE,
ZJS-03,2026-09-01,wall_top_vertical_displacement,-2.62,mm,negative,-0.0,-2.594,24,S24,顶部竖向位移超限,变形过大,报警,simulated,SIMULATED-EXCAVAGUARD-V1,TRUE,
ZJS-03,2026-09-02,wall_top_vertical_displacement,-2.645,mm,negative,-0.0,-2.62,24,S24,顶部竖向位移超限,变形过大,报警,simulated,SIMULATED-EXCAVAGUARD-V1,TRUE,
ZJS-03,2026-09-03,wall_top_vertical_displacement,-2.668,mm,negative,-0.0,-2.645,24,S24,顶部竖向位移超限,变形过大,报警,simulated,SIMULATED-EXCAVAGUARD-V1,TRUE,
ZJS-03,2026-09-04,wall_top_vertical_displacement,-2.689,mm,negative,-0.0,-2.668,24,S24,顶部竖向位移超限,变形过大,报警,simulated,SIMULATED-EXCAVAGUARD-V1,TRUE,
ZJS-03,2026-09-05,wall_top_vertical_displacement,-2.709,mm,negative,-0.0,-2.689,24,S24,顶部竖向位移超限,变形过大,报警,simulated,SIMULATED-EXCAVAGUARD-V1,TRUE,
ZJS-03,2026-09-06,wall_top_vertical_displacement,-2.728,mm,negative,-0.0,-2.709,24,S24,顶部竖向位移超限,变形过大,报警,simulated,SIMULATED-EXCAVAGUARD-V1,TRUE,
ZJS-03,2026-09-07,wall_top_vertical_displacement,-2.745,mm,negative,-0.0,-2.728,24,S24,顶部竖向位移超限,变形过大,报警,simulated,SIMULATED-EXCAVAGUARD-V1,TRUE,
ZJS-03,2026-09-08,wall_top_vertical_displacement,-2.762,mm,negative,-0.0,-2.745,24,S24,顶部竖向位移超限,变形过大,报警,simulated,SIMULATED-EXCAVAGUARD-V1,TRUE,
ZJS-03,2026-09-09,wall_top_vertical_displacement,-2.777,mm,negative,-0.0,-2.762,24,S24,顶部竖向位移超限,变形过大,报警,simulated,SIMULATED-EXCAVAGUARD-V1,TRUE,
ZJS-03,2026-09-10,wall_top_vertical_displacement,-2.792,mm,negative,-0.0,-2.777,24,S24,顶部竖向位移超限,变形过大,报警,simulated,SIMULATED-EXCAVAGUARD-V1,TRUE,
ZJS-03,2026-09-11,wall_top_vertical_displacement,-2.805,mm,negative,-0.0,-2.792,24,S24,顶部竖向位移超限,变形过大,报警,simulated,SIMULATED-EXCAVAGUARD-V1,TRUE,
ZJS-03,2026-09-12,wall_top_vertical_displacement,-2.818,mm,negative,-0.0,-2.805,24,S24,顶部竖向位移超限,变形过大,报警,simulated,SIMULATED-EXCAVAGUARD-V1,TRUE,
ZJS-03,2026-09-13,wall_top_vertical_displacement,-2.829,mm,negative,-0.0,-2.818,24,S24,顶部竖向位移超限,变形过大,报警,simulated,SIMULATED-EXCAVAGUARD-V1,TRUE,
ZJS-03,2026-09-14,wall_top_vertical_displacement,-2.84,mm,negative,-0.0,-2.829,24,S24,顶部竖向位移超限,变形过大,报警,simulated,SIMULATED-EXCAVAGUARD-V1,TRUE,
ZJS-03,2026-09-15,wall_top_vertical_displacement,-2.851,mm,negative,-0.0,-2.84,24,S24,顶部竖向位移超限,变形过大,报警,simulated,SIMULATED-EXCAVAGUARD-V1,TRUE,
ZJS-03,2026-09-16,wall_top_vertical_displacement,-2.86,mm,negative,-0.0,-2.851,24,S24,顶部竖向位移超限,变形过大,报警,simulated,SIMULATED-EXCAVAGUARD-V1,TRUE,
ZJS-03,2026-09-17,wall_top_vertical_displacement,-2.869,mm,negative,-0.0,-2.86,24,S24,顶部竖向位移超限,变形过大,报警,simulated,SIMULATED-EXCAVAGUARD-V1,TRUE,
ZJS-03,2026-09-18,wall_top_vertical_displacement,-2.878,mm,negative,-0.0,-2.869,24,S24,顶部竖向位移超限,变形过大,报警,simulated,SIMULATED-EXCAVAGUARD-V1,TRUE,
ZJS-03,2026-09-19,wall_top_vertical_displacement,-2.886,mm,negative,-0.0,-2.878,24,S24,顶部竖向位移超限,变形过大,报警,simulated,SIMULATED-EXCAVAGUARD-V1,TRUE,
ZJS-03,2026-09-20,wall_top_vertical_displacement,-2.893,mm,negative,-0.0,-2.886,24,S24,顶部竖向位移超限,变形过大,报警,simulated,SIMULATED-EXCAVAGUARD-V1,TRUE,
ZJS-03,2026-09-21,wall_top_vertical_displacement,-2.9,mm,negative,-0.0,-2.893,24,S24,顶部竖向位移超限,变形过大,报警,simulated,SIMULATED-EXCAVAGUARD-V1,TRUE,
ZJS-03,2026-09-22,wall_top_vertical_displacement,-2.906,mm,negative,-0.0,-2.9,24,S24,顶部竖向位移超限,变形过大,报警,simulated,SIMULATED-EXCAVAGUARD-V1,TRUE,
ZJS-03,2026-09-23,wall_top_vertical_displacement,-2.912,mm,negative,-0.0,-2.906,24,S24,顶部竖向位移超限,变形过大,报警,simulated,SIMULATED-EXCAVAGUARD-V1,TRUE,
ZJS-03,2026-09-24,wall_top_vertical_displacement,-2.918,mm,negative,-0.0,-2.912,24,S24,顶部竖向位移超限,变形过大,报警,simulated,SIMULATED-EXCAVAGUARD-V1,TRUE,
ZJS-03,2026-09-25,wall_top_vertical_displacement,-2.923,mm,negative,-0.0,-2.918,24,S24,顶部竖向位移超限,变形过大,报警,simulated,SIMULATED-EXCAVAGUARD-V1,TRUE,
ZJS-03,2026-09-26,wall_top_vertical_displacement,-2.928,mm,negative,-0.0,-2.923,24,S24,顶部竖向位移超限,变形过大,报警,simulated,SIMULATED-EXCAVAGUARD-V1,TRUE,
ZJS-03,2026-09-27,wall_top_vertical_displacement,-2.933,mm,negative,-0.0,-2.928,24,S24,顶部竖向位移超限,变形过大,报警,simulated,SIMULATED-EXCAVAGUARD-V1,TRUE,
ZJS-03,2026-09-28,wall_top_vertical_displacement,-2.937,mm,negative,-0.0,-2.933,24,S24,顶部竖向位移超限,变形过大,报警,simulated,SIMULATED-EXCAVAGUARD-V1,TRUE,
ZJS-03,2026-09-29,wall_top_vertical_displacement,-2.941,mm,negative,-0.0,-2.937,24,S24,顶部竖向位移超限,变形过大,报警,simulated,SIMULATED-EXCAVAGUARD-V1,TRUE,
DBLF-01,2026-08-01,crack_width_surface,0.0,mm,positive,0.0,,,S25,地表裂缝发展,裂缝发展,报警,simulated,SIMULATED-EXCAVAGUARD-V1,TRUE,
DBLF-01,2026-08-02,crack_width_surface,0.195,mm,positive,0.0,0.0,24,S25,地表裂缝发展,裂缝发展,报警,simulated,SIMULATED-EXCAVAGUARD-V1,TRUE,
DBLF-01,2026-08-03,crack_width_surface,0.39,mm,positive,0.0,0.195,24,S25,地表裂缝发展,裂缝发展,报警,simulated,SIMULATED-EXCAVAGUARD-V1,TRUE,
DBLF-01,2026-08-04,crack_width_surface,0.585,mm,positive,0.0,0.39,24,S25,地表裂缝发展,裂缝发展,报警,simulated,SIMULATED-EXCAVAGUARD-V1,TRUE,
DBLF-01,2026-08-05,crack_width_surface,0.78,mm,positive,0.0,0.585,24,S25,地表裂缝发展,裂缝发展,报警,simulated,SIMULATED-EXCAVAGUARD-V1,TRUE,
DBLF-01,2026-08-06,crack_width_surface,0.975,mm,positive,0.0,0.78,24,S25,地表裂缝发展,裂缝发展,报警,simulated,SIMULATED-EXCAVAGUARD-V1,TRUE,
DBLF-01,2026-08-07,crack_width_surface,1.169,mm,positive,0.0,0.975,24,S25,地表裂缝发展,裂缝发展,报警,simulated,SIMULATED-EXCAVAGUARD-V1,TRUE,
DBLF-01,2026-08-08,crack_width_surface,1.364,mm,positive,0.0,1.169,24,S25,地表裂缝发展,裂缝发展,报警,simulated,SIMULATED-EXCAVAGUARD-V1,TRUE,
DBLF-01,2026-08-09,crack_width_surface,1.559,mm,positive,0.0,1.364,24,S25,地表裂缝发展,裂缝发展,报警,simulated,SIMULATED-EXCAVAGUARD-V1,TRUE,
DBLF-01,2026-08-10,crack_width_surface,1.754,mm,positive,0.0,1.559,24,S25,地表裂缝发展,裂缝发展,报警,simulated,SIMULATED-EXCAVAGUARD-V1,TRUE,
DBLF-01,2026-08-11,crack_width_surface,1.949,mm,positive,0.0,1.754,24,S25,地表裂缝发展,裂缝发展,报警,simulated,SIMULATED-EXCAVAGUARD-V1,TRUE,
DBLF-01,2026-08-12,crack_width_surface,2.144,mm,positive,0.0,1.949,24,S25,地表裂缝发展,裂缝发展,报警,simulated,SIMULATED-EXCAVAGUARD-V1,TRUE,
DBLF-01,2026-08-13,crack_width_surface,2.339,mm,positive,0.0,2.144,24,S25,地表裂缝发展,裂缝发展,报警,simulated,SIMULATED-EXCAVAGUARD-V1,TRUE,
DBLF-01,2026-08-14,crack_width_surface,2.534,mm,positive,0.0,2.339,24,S25,地表裂缝发展,裂缝发展,报警,simulated,SIMULATED-EXCAVAGUARD-V1,TRUE,
DBLF-01,2026-08-15,crack_width_surface,2.729,mm,positive,0.0,2.534,24,S25,地表裂缝发展,裂缝发展,报警,simulated,SIMULATED-EXCAVAGUARD-V1,TRUE,
DBLF-01,2026-08-16,crack_width_surface,2.924,mm,positive,0.0,2.729,24,S25,地表裂缝发展,裂缝发展,报警,simulated,SIMULATED-EXCAVAGUARD-V1,TRUE,
DBLF-01,2026-08-17,crack_width_surface,3.119,mm,positive,0.0,2.924,24,S25,地表裂缝发展,裂缝发展,报警,simulated,SIMULATED-EXCAVAGUARD-V1,TRUE,
DBLF-01,2026-08-18,crack_width_surface,3.314,mm,positive,0.0,3.119,24,S25,地表裂缝发展,裂缝发展,报警,simulated,SIMULATED-EXCAVAGUARD-V1,TRUE,
DBLF-01,2026-08-19,crack_width_surface,3.508,mm,positive,0.0,3.314,24,S25,地表裂缝发展,裂缝发展,报警,simulated,SIMULATED-EXCAVAGUARD-V1,TRUE,
DBLF-01,2026-08-20,crack_width_surface,3.703,mm,positive,0.0,3.508,24,S25,地表裂缝发展,裂缝发展,报警,simulated,SIMULATED-EXCAVAGUARD-V1,TRUE,
DBLF-01,2026-08-21,crack_width_surface,3.898,mm,positive,0.0,3.703,24,S25,地表裂缝发展,裂缝发展,报警,simulated,SIMULATED-EXCAVAGUARD-V1,TRUE,
DBLF-01,2026-08-22,crack_width_surface,4.093,mm,positive,0.0,3.898,24,S25,地表裂缝发展,裂缝发展,报警,simulated,SIMULATED-EXCAVAGUARD-V1,TRUE,
DBLF-01,2026-08-23,crack_width_surface,4.288,mm,positive,0.0,4.093,24,S25,地表裂缝发展,裂缝发展,报警,simulated,SIMULATED-EXCAVAGUARD-V1,TRUE,
DBLF-01,2026-08-24,crack_width_surface,4.483,mm,positive,0.0,4.288,24,S25,地表裂缝发展,裂缝发展,报警,simulated,SIMULATED-EXCAVAGUARD-V1,TRUE,
DBLF-01,2026-08-25,crack_width_surface,4.678,mm,positive,0.0,4.483,24,S25,地表裂缝发展,裂缝发展,报警,simulated,SIMULATED-EXCAVAGUARD-V1,TRUE,
DBLF-01,2026-08-26,crack_width_surface,4.873,mm,positive,0.0,4.678,24,S25,地表裂缝发展,裂缝发展,报警,simulated,SIMULATED-EXCAVAGUARD-V1,TRUE,
DBLF-01,2026-08-27,crack_width_surface,5.068,mm,positive,0.0,4.873,24,S25,地表裂缝发展,裂缝发展,报警,simulated,SIMULATED-EXCAVAGUARD-V1,TRUE,
DBLF-01,2026-08-28,crack_width_surface,5.263,mm,positive,0.0,5.068,24,S25,地表裂缝发展,裂缝发展,报警,simulated,SIMULATED-EXCAVAGUARD-V1,TRUE,
DBLF-01,2026-08-29,crack_width_surface,5.458,mm,positive,0.0,5.263,24,S25,地表裂缝发展,裂缝发展,报警,simulated,SIMULATED-EXCAVAGUARD-V1,TRUE,
DBLF-01,2026-08-30,crack_width_surface,5.653,mm,positive,0.0,5.458,24,S25,地表裂缝发展,裂缝发展,报警,simulated,SIMULATED-EXCAVAGUARD-V1,TRUE,
DBLF-01,2026-08-31,crack_width_surface,5.847,mm,positive,0.0,5.653,24,S25,地表裂缝发展,裂缝发展,报警,simulated,SIMULATED-EXCAVAGUARD-V1,TRUE,
DBLF-01,2026-09-01,crack_width_surface,6.042,mm,positive,0.0,5.847,24,S25,地表裂缝发展,裂缝发展,报警,simulated,SIMULATED-EXCAVAGUARD-V1,TRUE,
DBLF-01,2026-09-02,crack_width_surface,6.237,mm,positive,0.0,6.042,24,S25,地表裂缝发展,裂缝发展,报警,simulated,SIMULATED-EXCAVAGUARD-V1,TRUE,
DBLF-01,2026-09-03,crack_width_surface,6.432,mm,positive,0.0,6.237,24,S25,地表裂缝发展,裂缝发展,报警,simulated,SIMULATED-EXCAVAGUARD-V1,TRUE,
DBLF-01,2026-09-04,crack_width_surface,6.627,mm,positive,0.0,6.432,24,S25,地表裂缝发展,裂缝发展,报警,simulated,SIMULATED-EXCAVAGUARD-V1,TRUE,
DBLF-01,2026-09-05,crack_width_surface,6.822,mm,positive,0.0,6.627,24,S25,地表裂缝发展,裂缝发展,报警,simulated,SIMULATED-EXCAVAGUARD-V1,TRUE,
DBLF-01,2026-09-06,crack_width_surface,7.017,mm,positive,0.0,6.822,24,S25,地表裂缝发展,裂缝发展,报警,simulated,SIMULATED-EXCAVAGUARD-V1,TRUE,
DBLF-01,2026-09-07,crack_width_surface,7.212,mm,positive,0.0,7.017,24,S25,地表裂缝发展,裂缝发展,报警,simulated,SIMULATED-EXCAVAGUARD-V1,TRUE,
DBLF-01,2026-09-08,crack_width_surface,7.407,mm,positive,0.0,7.212,24,S25,地表裂缝发展,裂缝发展,报警,simulated,SIMULATED-EXCAVAGUARD-V1,TRUE,
DBLF-01,2026-09-09,crack_width_surface,7.602,mm,positive,0.0,7.407,24,S25,地表裂缝发展,裂缝发展,报警,simulated,SIMULATED-EXCAVAGUARD-V1,TRUE,
DBLF-01,2026-09-10,crack_width_surface,7.797,mm,positive,0.0,7.602,24,S25,地表裂缝发展,裂缝发展,报警,simulated,SIMULATED-EXCAVAGUARD-V1,TRUE,
DBLF-01,2026-09-11,crack_width_surface,7.992,mm,positive,0.0,7.797,24,S25,地表裂缝发展,裂缝发展,报警,simulated,SIMULATED-EXCAVAGUARD-V1,TRUE,
DBLF-01,2026-09-12,crack_width_surface,8.186,mm,positive,0.0,7.992,24,S25,地表裂缝发展,裂缝发展,报警,simulated,SIMULATED-EXCAVAGUARD-V1,TRUE,
DBLF-01,2026-09-13,crack_width_surface,8.381,mm,positive,0.0,8.186,24,S25,地表裂缝发展,裂缝发展,报警,simulated,SIMULATED-EXCAVAGUARD-V1,TRUE,
DBLF-01,2026-09-14,crack_width_surface,8.576,mm,positive,0.0,8.381,24,S25,地表裂缝发展,裂缝发展,报警,simulated,SIMULATED-EXCAVAGUARD-V1,TRUE,
DBLF-01,2026-09-15,crack_width_surface,8.771,mm,positive,0.0,8.576,24,S25,地表裂缝发展,裂缝发展,报警,simulated,SIMULATED-EXCAVAGUARD-V1,TRUE,
DBLF-01,2026-09-16,crack_width_surface,8.966,mm,positive,0.0,8.771,24,S25,地表裂缝发展,裂缝发展,报警,simulated,SIMULATED-EXCAVAGUARD-V1,TRUE,
DBLF-01,2026-09-17,crack_width_surface,9.161,mm,positive,0.0,8.966,24,S25,地表裂缝发展,裂缝发展,报警,simulated,SIMULATED-EXCAVAGUARD-V1,TRUE,
DBLF-01,2026-09-18,crack_width_surface,9.356,mm,positive,0.0,9.161,24,S25,地表裂缝发展,裂缝发展,报警,simulated,SIMULATED-EXCAVAGUARD-V1,TRUE,
DBLF-01,2026-09-19,crack_width_surface,9.551,mm,positive,0.0,9.356,24,S25,地表裂缝发展,裂缝发展,报警,simulated,SIMULATED-EXCAVAGUARD-V1,TRUE,
DBLF-01,2026-09-20,crack_width_surface,9.746,mm,positive,0.0,9.551,24,S25,地表裂缝发展,裂缝发展,报警,simulated,SIMULATED-EXCAVAGUARD-V1,TRUE,
DBLF-01,2026-09-21,crack_width_surface,9.941,mm,positive,0.0,9.746,24,S25,地表裂缝发展,裂缝发展,报警,simulated,SIMULATED-EXCAVAGUARD-V1,TRUE,
DBLF-01,2026-09-22,crack_width_surface,10.136,mm,positive,0.0,9.941,24,S25,地表裂缝发展,裂缝发展,报警,simulated,SIMULATED-EXCAVAGUARD-V1,TRUE,
DBLF-01,2026-09-23,crack_width_surface,10.331,mm,positive,0.0,10.136,24,S25,地表裂缝发展,裂缝发展,报警,simulated,SIMULATED-EXCAVAGUARD-V1,TRUE,
DBLF-01,2026-09-24,crack_width_surface,10.525,mm,positive,0.0,10.331,24,S25,地表裂缝发展,裂缝发展,报警,simulated,SIMULATED-EXCAVAGUARD-V1,TRUE,
DBLF-01,2026-09-25,crack_width_surface,10.72,mm,positive,0.0,10.525,24,S25,地表裂缝发展,裂缝发展,报警,simulated,SIMULATED-EXCAVAGUARD-V1,TRUE,
DBLF-01,2026-09-26,crack_width_surface,10.915,mm,positive,0.0,10.72,24,S25,地表裂缝发展,裂缝发展,报警,simulated,SIMULATED-EXCAVAGUARD-V1,TRUE,
DBLF-01,2026-09-27,crack_width_surface,11.11,mm,positive,0.0,10.915,24,S25,地表裂缝发展,裂缝发展,报警,simulated,SIMULATED-EXCAVAGUARD-V1,TRUE,
DBLF-01,2026-09-28,crack_width_surface,11.305,mm,positive,0.0,11.11,24,S25,地表裂缝发展,裂缝发展,报警,simulated,SIMULATED-EXCAVAGUARD-V1,TRUE,
DBLF-01,2026-09-29,crack_width_surface,11.5,mm,positive,0.0,11.305,24,S25,地表裂缝发展,裂缝发展,报警,simulated,SIMULATED-EXCAVAGUARD-V1,TRUE,
DBLF-02,2026-08-01,crack_width_surface,0.0,mm,positive,0.0,,,S25,地表裂缝发展,裂缝发展,报警,simulated,SIMULATED-EXCAVAGUARD-V1,TRUE,
DBLF-02,2026-08-02,crack_width_surface,0.014,mm,positive,0.0,0.0,24,S25,地表裂缝发展,裂缝发展,报警,simulated,SIMULATED-EXCAVAGUARD-V1,TRUE,
DBLF-02,2026-08-03,crack_width_surface,0.029,mm,positive,0.0,0.014,24,S25,地表裂缝发展,裂缝发展,报警,simulated,SIMULATED-EXCAVAGUARD-V1,TRUE,
DBLF-02,2026-08-04,crack_width_surface,0.043,mm,positive,0.0,0.029,24,S25,地表裂缝发展,裂缝发展,报警,simulated,SIMULATED-EXCAVAGUARD-V1,TRUE,
DBLF-02,2026-08-05,crack_width_surface,0.058,mm,positive,0.0,0.043,24,S25,地表裂缝发展,裂缝发展,报警,simulated,SIMULATED-EXCAVAGUARD-V1,TRUE,
DBLF-02,2026-08-06,crack_width_surface,0.072,mm,positive,0.0,0.058,24,S25,地表裂缝发展,裂缝发展,报警,simulated,SIMULATED-EXCAVAGUARD-V1,TRUE,
DBLF-02,2026-08-07,crack_width_surface,0.086,mm,positive,0.0,0.072,24,S25,地表裂缝发展,裂缝发展,报警,simulated,SIMULATED-EXCAVAGUARD-V1,TRUE,
DBLF-02,2026-08-08,crack_width_surface,0.101,mm,positive,0.0,0.086,24,S25,地表裂缝发展,裂缝发展,报警,simulated,SIMULATED-EXCAVAGUARD-V1,TRUE,
DBLF-02,2026-08-09,crack_width_surface,0.115,mm,positive,0.0,0.101,24,S25,地表裂缝发展,裂缝发展,报警,simulated,SIMULATED-EXCAVAGUARD-V1,TRUE,
DBLF-02,2026-08-10,crack_width_surface,0.13,mm,positive,0.0,0.115,24,S25,地表裂缝发展,裂缝发展,报警,simulated,SIMULATED-EXCAVAGUARD-V1,TRUE,
DBLF-02,2026-08-11,crack_width_surface,0.144,mm,positive,0.0,0.13,24,S25,地表裂缝发展,裂缝发展,报警,simulated,SIMULATED-EXCAVAGUARD-V1,TRUE,
DBLF-02,2026-08-12,crack_width_surface,0.158,mm,positive,0.0,0.144,24,S25,地表裂缝发展,裂缝发展,报警,simulated,SIMULATED-EXCAVAGUARD-V1,TRUE,
DBLF-02,2026-08-13,crack_width_surface,0.173,mm,positive,0.0,0.158,24,S25,地表裂缝发展,裂缝发展,报警,simulated,SIMULATED-EXCAVAGUARD-V1,TRUE,
DBLF-02,2026-08-14,crack_width_surface,0.187,mm,positive,0.0,0.173,24,S25,地表裂缝发展,裂缝发展,报警,simulated,SIMULATED-EXCAVAGUARD-V1,TRUE,
DBLF-02,2026-08-15,crack_width_surface,0.202,mm,positive,0.0,0.187,24,S25,地表裂缝发展,裂缝发展,报警,simulated,SIMULATED-EXCAVAGUARD-V1,TRUE,
DBLF-02,2026-08-16,crack_width_surface,0.216,mm,positive,0.0,0.202,24,S25,地表裂缝发展,裂缝发展,报警,simulated,SIMULATED-EXCAVAGUARD-V1,TRUE,
DBLF-02,2026-08-17,crack_width_surface,0.231,mm,positive,0.0,0.216,24,S25,地表裂缝发展,裂缝发展,报警,simulated,SIMULATED-EXCAVAGUARD-V1,TRUE,
DBLF-02,2026-08-18,crack_width_surface,0.245,mm,positive,0.0,0.231,24,S25,地表裂缝发展,裂缝发展,报警,simulated,SIMULATED-EXCAVAGUARD-V1,TRUE,
DBLF-02,2026-08-19,crack_width_surface,0.259,mm,positive,0.0,0.245,24,S25,地表裂缝发展,裂缝发展,报警,simulated,SIMULATED-EXCAVAGUARD-V1,TRUE,
DBLF-02,2026-08-20,crack_width_surface,0.274,mm,positive,0.0,0.259,24,S25,地表裂缝发展,裂缝发展,报警,simulated,SIMULATED-EXCAVAGUARD-V1,TRUE,
DBLF-02,2026-08-21,crack_width_surface,0.288,mm,positive,0.0,0.274,24,S25,地表裂缝发展,裂缝发展,报警,simulated,SIMULATED-EXCAVAGUARD-V1,TRUE,
DBLF-02,2026-08-22,crack_width_surface,0.303,mm,positive,0.0,0.288,24,S25,地表裂缝发展,裂缝发展,报警,simulated,SIMULATED-EXCAVAGUARD-V1,TRUE,
DBLF-02,2026-08-23,crack_width_surface,0.317,mm,positive,0.0,0.303,24,S25,地表裂缝发展,裂缝发展,报警,simulated,SIMULATED-EXCAVAGUARD-V1,TRUE,
DBLF-02,2026-08-24,crack_width_surface,0.331,mm,positive,0.0,0.317,24,S25,地表裂缝发展,裂缝发展,报警,simulated,SIMULATED-EXCAVAGUARD-V1,TRUE,
DBLF-02,2026-08-25,crack_width_surface,0.346,mm,positive,0.0,0.331,24,S25,地表裂缝发展,裂缝发展,报警,simulated,SIMULATED-EXCAVAGUARD-V1,TRUE,
DBLF-02,2026-08-26,crack_width_surface,0.36,mm,positive,0.0,0.346,24,S25,地表裂缝发展,裂缝发展,报警,simulated,SIMULATED-EXCAVAGUARD-V1,TRUE,
DBLF-02,2026-08-27,crack_width_surface,0.375,mm,positive,0.0,0.36,24,S25,地表裂缝发展,裂缝发展,报警,simulated,SIMULATED-EXCAVAGUARD-V1,TRUE,
DBLF-02,2026-08-28,crack_width_surface,0.389,mm,positive,0.0,0.375,24,S25,地表裂缝发展,裂缝发展,报警,simulated,SIMULATED-EXCAVAGUARD-V1,TRUE,
DBLF-02,2026-08-29,crack_width_surface,0.403,mm,positive,0.0,0.389,24,S25,地表裂缝发展,裂缝发展,报警,simulated,SIMULATED-EXCAVAGUARD-V1,TRUE,
DBLF-02,2026-08-30,crack_width_surface,0.418,mm,positive,0.0,0.403,24,S25,地表裂缝发展,裂缝发展,报警,simulated,SIMULATED-EXCAVAGUARD-V1,TRUE,
DBLF-02,2026-08-31,crack_width_surface,0.432,mm,positive,0.0,0.418,24,S25,地表裂缝发展,裂缝发展,报警,simulated,SIMULATED-EXCAVAGUARD-V1,TRUE,
DBLF-02,2026-09-01,crack_width_surface,0.447,mm,positive,0.0,0.432,24,S25,地表裂缝发展,裂缝发展,报警,simulated,SIMULATED-EXCAVAGUARD-V1,TRUE,
DBLF-02,2026-09-02,crack_width_surface,0.461,mm,positive,0.0,0.447,24,S25,地表裂缝发展,裂缝发展,报警,simulated,SIMULATED-EXCAVAGUARD-V1,TRUE,
DBLF-02,2026-09-03,crack_width_surface,0.475,mm,positive,0.0,0.461,24,S25,地表裂缝发展,裂缝发展,报警,simulated,SIMULATED-EXCAVAGUARD-V1,TRUE,
DBLF-02,2026-09-04,crack_width_surface,0.49,mm,positive,0.0,0.475,24,S25,地表裂缝发展,裂缝发展,报警,simulated,SIMULATED-EXCAVAGUARD-V1,TRUE,
DBLF-02,2026-09-05,crack_width_surface,0.504,mm,positive,0.0,0.49,24,S25,地表裂缝发展,裂缝发展,报警,simulated,SIMULATED-EXCAVAGUARD-V1,TRUE,
DBLF-02,2026-09-06,crack_width_surface,0.519,mm,positive,0.0,0.504,24,S25,地表裂缝发展,裂缝发展,报警,simulated,SIMULATED-EXCAVAGUARD-V1,TRUE,
DBLF-02,2026-09-07,crack_width_surface,0.533,mm,positive,0.0,0.519,24,S25,地表裂缝发展,裂缝发展,报警,simulated,SIMULATED-EXCAVAGUARD-V1,TRUE,
DBLF-02,2026-09-08,crack_width_surface,0.547,mm,positive,0.0,0.533,24,S25,地表裂缝发展,裂缝发展,报警,simulated,SIMULATED-EXCAVAGUARD-V1,TRUE,
DBLF-02,2026-09-09,crack_width_surface,0.562,mm,positive,0.0,0.547,24,S25,地表裂缝发展,裂缝发展,报警,simulated,SIMULATED-EXCAVAGUARD-V1,TRUE,
DBLF-02,2026-09-10,crack_width_surface,0.576,mm,positive,0.0,0.562,24,S25,地表裂缝发展,裂缝发展,报警,simulated,SIMULATED-EXCAVAGUARD-V1,TRUE,
DBLF-02,2026-09-11,crack_width_surface,0.591,mm,positive,0.0,0.576,24,S25,地表裂缝发展,裂缝发展,报警,simulated,SIMULATED-EXCAVAGUARD-V1,TRUE,
DBLF-02,2026-09-12,crack_width_surface,0.605,mm,positive,0.0,0.591,24,S25,地表裂缝发展,裂缝发展,报警,simulated,SIMULATED-EXCAVAGUARD-V1,TRUE,
DBLF-02,2026-09-13,crack_width_surface,0.619,mm,positive,0.0,0.605,24,S25,地表裂缝发展,裂缝发展,报警,simulated,SIMULATED-EXCAVAGUARD-V1,TRUE,
DBLF-02,2026-09-14,crack_width_surface,0.634,mm,positive,0.0,0.619,24,S25,地表裂缝发展,裂缝发展,报警,simulated,SIMULATED-EXCAVAGUARD-V1,TRUE,
DBLF-02,2026-09-15,crack_width_surface,0.648,mm,positive,0.0,0.634,24,S25,地表裂缝发展,裂缝发展,报警,simulated,SIMULATED-EXCAVAGUARD-V1,TRUE,
DBLF-02,2026-09-16,crack_width_surface,0.663,mm,positive,0.0,0.648,24,S25,地表裂缝发展,裂缝发展,报警,simulated,SIMULATED-EXCAVAGUARD-V1,TRUE,
DBLF-02,2026-09-17,crack_width_surface,0.677,mm,positive,0.0,0.663,24,S25,地表裂缝发展,裂缝发展,报警,simulated,SIMULATED-EXCAVAGUARD-V1,TRUE,
DBLF-02,2026-09-18,crack_width_surface,0.692,mm,positive,0.0,0.677,24,S25,地表裂缝发展,裂缝发展,报警,simulated,SIMULATED-EXCAVAGUARD-V1,TRUE,
DBLF-02,2026-09-19,crack_width_surface,0.706,mm,positive,0.0,0.692,24,S25,地表裂缝发展,裂缝发展,报警,simulated,SIMULATED-EXCAVAGUARD-V1,TRUE,
DBLF-02,2026-09-20,crack_width_surface,0.72,mm,positive,0.0,0.706,24,S25,地表裂缝发展,裂缝发展,报警,simulated,SIMULATED-EXCAVAGUARD-V1,TRUE,
DBLF-02,2026-09-21,crack_width_surface,0.735,mm,positive,0.0,0.72,24,S25,地表裂缝发展,裂缝发展,报警,simulated,SIMULATED-EXCAVAGUARD-V1,TRUE,
DBLF-02,2026-09-22,crack_width_surface,0.749,mm,positive,0.0,0.735,24,S25,地表裂缝发展,裂缝发展,报警,simulated,SIMULATED-EXCAVAGUARD-V1,TRUE,
DBLF-02,2026-09-23,crack_width_surface,0.764,mm,positive,0.0,0.749,24,S25,地表裂缝发展,裂缝发展,报警,simulated,SIMULATED-EXCAVAGUARD-V1,TRUE,
DBLF-02,2026-09-24,crack_width_surface,0.778,mm,positive,0.0,0.764,24,S25,地表裂缝发展,裂缝发展,报警,simulated,SIMULATED-EXCAVAGUARD-V1,TRUE,
DBLF-02,2026-09-25,crack_width_surface,0.792,mm,positive,0.0,0.778,24,S25,地表裂缝发展,裂缝发展,报警,simulated,SIMULATED-EXCAVAGUARD-V1,TRUE,
DBLF-02,2026-09-26,crack_width_surface,0.807,mm,positive,0.0,0.792,24,S25,地表裂缝发展,裂缝发展,报警,simulated,SIMULATED-EXCAVAGUARD-V1,TRUE,
DBLF-02,2026-09-27,crack_width_surface,0.821,mm,positive,0.0,0.807,24,S25,地表裂缝发展,裂缝发展,报警,simulated,SIMULATED-EXCAVAGUARD-V1,TRUE,
DBLF-02,2026-09-28,crack_width_surface,0.836,mm,positive,0.0,0.821,24,S25,地表裂缝发展,裂缝发展,报警,simulated,SIMULATED-EXCAVAGUARD-V1,TRUE,
DBLF-02,2026-09-29,crack_width_surface,0.85,mm,positive,0.0,0.836,24,S25,地表裂缝发展,裂缝发展,报警,simulated,SIMULATED-EXCAVAGUARD-V1,TRUE,
GXSP-01,2026-08-01,pipeline_horizontal_displacement,-0.0,mm,negative,-0.0,,,S26,管线水平位移超限,变形过大,报警,simulated,SIMULATED-EXCAVAGUARD-V1,TRUE,
GXSP-01,2026-08-02,pipeline_horizontal_displacement,-0.054,mm,negative,-0.0,-0.0,24,S26,管线水平位移超限,变形过大,报警,simulated,SIMULATED-EXCAVAGUARD-V1,TRUE,
GXSP-01,2026-08-03,pipeline_horizontal_displacement,-0.108,mm,negative,-0.0,-0.054,24,S26,管线水平位移超限,变形过大,报警,simulated,SIMULATED-EXCAVAGUARD-V1,TRUE,
GXSP-01,2026-08-04,pipeline_horizontal_displacement,-0.163,mm,negative,-0.0,-0.108,24,S26,管线水平位移超限,变形过大,报警,simulated,SIMULATED-EXCAVAGUARD-V1,TRUE,
GXSP-01,2026-08-05,pipeline_horizontal_displacement,-0.217,mm,negative,-0.0,-0.163,24,S26,管线水平位移超限,变形过大,报警,simulated,SIMULATED-EXCAVAGUARD-V1,TRUE,
GXSP-01,2026-08-06,pipeline_horizontal_displacement,-0.271,mm,negative,-0.0,-0.217,24,S26,管线水平位移超限,变形过大,报警,simulated,SIMULATED-EXCAVAGUARD-V1,TRUE,
GXSP-01,2026-08-07,pipeline_horizontal_displacement,-0.325,mm,negative,-0.0,-0.271,24,S26,管线水平位移超限,变形过大,报警,simulated,SIMULATED-EXCAVAGUARD-V1,TRUE,
GXSP-01,2026-08-08,pipeline_horizontal_displacement,-0.38,mm,negative,-0.0,-0.325,24,S26,管线水平位移超限,变形过大,报警,simulated,SIMULATED-EXCAVAGUARD-V1,TRUE,
GXSP-01,2026-08-09,pipeline_horizontal_displacement,-0.434,mm,negative,-0.0,-0.38,24,S26,管线水平位移超限,变形过大,报警,simulated,SIMULATED-EXCAVAGUARD-V1,TRUE,
GXSP-01,2026-08-10,pipeline_horizontal_displacement,-0.488,mm,negative,-0.0,-0.434,24,S26,管线水平位移超限,变形过大,报警,simulated,SIMULATED-EXCAVAGUARD-V1,TRUE,
GXSP-01,2026-08-11,pipeline_horizontal_displacement,-0.542,mm,negative,-0.0,-0.488,24,S26,管线水平位移超限,变形过大,报警,simulated,SIMULATED-EXCAVAGUARD-V1,TRUE,
GXSP-01,2026-08-12,pipeline_horizontal_displacement,-0.597,mm,negative,-0.0,-0.542,24,S26,管线水平位移超限,变形过大,报警,simulated,SIMULATED-EXCAVAGUARD-V1,TRUE,
GXSP-01,2026-08-13,pipeline_horizontal_displacement,-0.651,mm,negative,-0.0,-0.597,24,S26,管线水平位移超限,变形过大,报警,simulated,SIMULATED-EXCAVAGUARD-V1,TRUE,
GXSP-01,2026-08-14,pipeline_horizontal_displacement,-0.705,mm,negative,-0.0,-0.651,24,S26,管线水平位移超限,变形过大,报警,simulated,SIMULATED-EXCAVAGUARD-V1,TRUE,
GXSP-01,2026-08-15,pipeline_horizontal_displacement,-0.759,mm,negative,-0.0,-0.705,24,S26,管线水平位移超限,变形过大,报警,simulated,SIMULATED-EXCAVAGUARD-V1,TRUE,
GXSP-01,2026-08-16,pipeline_horizontal_displacement,-0.814,mm,negative,-0.0,-0.759,24,S26,管线水平位移超限,变形过大,报警,simulated,SIMULATED-EXCAVAGUARD-V1,TRUE,
GXSP-01,2026-08-17,pipeline_horizontal_displacement,-0.868,mm,negative,-0.0,-0.814,24,S26,管线水平位移超限,变形过大,报警,simulated,SIMULATED-EXCAVAGUARD-V1,TRUE,
GXSP-01,2026-08-18,pipeline_horizontal_displacement,-0.922,mm,negative,-0.0,-0.868,24,S26,管线水平位移超限,变形过大,报警,simulated,SIMULATED-EXCAVAGUARD-V1,TRUE,
GXSP-01,2026-08-19,pipeline_horizontal_displacement,-0.976,mm,negative,-0.0,-0.922,24,S26,管线水平位移超限,变形过大,报警,simulated,SIMULATED-EXCAVAGUARD-V1,TRUE,
GXSP-01,2026-08-20,pipeline_horizontal_displacement,-1.031,mm,negative,-0.0,-0.976,24,S26,管线水平位移超限,变形过大,报警,simulated,SIMULATED-EXCAVAGUARD-V1,TRUE,
GXSP-01,2026-08-21,pipeline_horizontal_displacement,-1.085,mm,negative,-0.0,-1.031,24,S26,管线水平位移超限,变形过大,报警,simulated,SIMULATED-EXCAVAGUARD-V1,TRUE,
GXSP-01,2026-08-22,pipeline_horizontal_displacement,-1.139,mm,negative,-0.0,-1.085,24,S26,管线水平位移超限,变形过大,报警,simulated,SIMULATED-EXCAVAGUARD-V1,TRUE,
GXSP-01,2026-08-23,pipeline_horizontal_displacement,-1.193,mm,negative,-0.0,-1.139,24,S26,管线水平位移超限,变形过大,报警,simulated,SIMULATED-EXCAVAGUARD-V1,TRUE,
GXSP-01,2026-08-24,pipeline_horizontal_displacement,-1.247,mm,negative,-0.0,-1.193,24,S26,管线水平位移超限,变形过大,报警,simulated,SIMULATED-EXCAVAGUARD-V1,TRUE,
GXSP-01,2026-08-25,pipeline_horizontal_displacement,-1.302,mm,negative,-0.0,-1.247,24,S26,管线水平位移超限,变形过大,报警,simulated,SIMULATED-EXCAVAGUARD-V1,TRUE,
GXSP-01,2026-08-26,pipeline_horizontal_displacement,-1.356,mm,negative,-0.0,-1.302,24,S26,管线水平位移超限,变形过大,报警,simulated,SIMULATED-EXCAVAGUARD-V1,TRUE,
GXSP-01,2026-08-27,pipeline_horizontal_displacement,-1.41,mm,negative,-0.0,-1.356,24,S26,管线水平位移超限,变形过大,报警,simulated,SIMULATED-EXCAVAGUARD-V1,TRUE,
GXSP-01,2026-08-28,pipeline_horizontal_displacement,-1.464,mm,negative,-0.0,-1.41,24,S26,管线水平位移超限,变形过大,报警,simulated,SIMULATED-EXCAVAGUARD-V1,TRUE,
GXSP-01,2026-08-29,pipeline_horizontal_displacement,-1.519,mm,negative,-0.0,-1.464,24,S26,管线水平位移超限,变形过大,报警,simulated,SIMULATED-EXCAVAGUARD-V1,TRUE,
GXSP-01,2026-08-30,pipeline_horizontal_displacement,-1.573,mm,negative,-0.0,-1.519,24,S26,管线水平位移超限,变形过大,报警,simulated,SIMULATED-EXCAVAGUARD-V1,TRUE,
GXSP-01,2026-08-31,pipeline_horizontal_displacement,-1.627,mm,negative,-0.0,-1.573,24,S26,管线水平位移超限,变形过大,报警,simulated,SIMULATED-EXCAVAGUARD-V1,TRUE,
GXSP-01,2026-09-01,pipeline_horizontal_displacement,-1.681,mm,negative,-0.0,-1.627,24,S26,管线水平位移超限,变形过大,报警,simulated,SIMULATED-EXCAVAGUARD-V1,TRUE,
GXSP-01,2026-09-02,pipeline_horizontal_displacement,-1.736,mm,negative,-0.0,-1.681,24,S26,管线水平位移超限,变形过大,报警,simulated,SIMULATED-EXCAVAGUARD-V1,TRUE,
GXSP-01,2026-09-03,pipeline_horizontal_displacement,-1.79,mm,negative,-0.0,-1.736,24,S26,管线水平位移超限,变形过大,报警,simulated,SIMULATED-EXCAVAGUARD-V1,TRUE,
GXSP-01,2026-09-04,pipeline_horizontal_displacement,-1.844,mm,negative,-0.0,-1.79,24,S26,管线水平位移超限,变形过大,报警,simulated,SIMULATED-EXCAVAGUARD-V1,TRUE,
GXSP-01,2026-09-05,pipeline_horizontal_displacement,-1.898,mm,negative,-0.0,-1.844,24,S26,管线水平位移超限,变形过大,报警,simulated,SIMULATED-EXCAVAGUARD-V1,TRUE,
GXSP-01,2026-09-06,pipeline_horizontal_displacement,-1.953,mm,negative,-0.0,-1.898,24,S26,管线水平位移超限,变形过大,报警,simulated,SIMULATED-EXCAVAGUARD-V1,TRUE,
GXSP-01,2026-09-07,pipeline_horizontal_displacement,-2.007,mm,negative,-0.0,-1.953,24,S26,管线水平位移超限,变形过大,报警,simulated,SIMULATED-EXCAVAGUARD-V1,TRUE,
GXSP-01,2026-09-08,pipeline_horizontal_displacement,-2.061,mm,negative,-0.0,-2.007,24,S26,管线水平位移超限,变形过大,报警,simulated,SIMULATED-EXCAVAGUARD-V1,TRUE,
GXSP-01,2026-09-09,pipeline_horizontal_displacement,-2.115,mm,negative,-0.0,-2.061,24,S26,管线水平位移超限,变形过大,报警,simulated,SIMULATED-EXCAVAGUARD-V1,TRUE,
GXSP-01,2026-09-10,pipeline_horizontal_displacement,-2.169,mm,negative,-0.0,-2.115,24,S26,管线水平位移超限,变形过大,报警,simulated,SIMULATED-EXCAVAGUARD-V1,TRUE,
GXSP-01,2026-09-11,pipeline_horizontal_displacement,-2.224,mm,negative,-0.0,-2.169,24,S26,管线水平位移超限,变形过大,报警,simulated,SIMULATED-EXCAVAGUARD-V1,TRUE,
GXSP-01,2026-09-12,pipeline_horizontal_displacement,-2.278,mm,negative,-0.0,-2.224,24,S26,管线水平位移超限,变形过大,报警,simulated,SIMULATED-EXCAVAGUARD-V1,TRUE,
GXSP-01,2026-09-13,pipeline_horizontal_displacement,-2.332,mm,negative,-0.0,-2.278,24,S26,管线水平位移超限,变形过大,报警,simulated,SIMULATED-EXCAVAGUARD-V1,TRUE,
GXSP-01,2026-09-14,pipeline_horizontal_displacement,-2.386,mm,negative,-0.0,-2.332,24,S26,管线水平位移超限,变形过大,报警,simulated,SIMULATED-EXCAVAGUARD-V1,TRUE,
GXSP-01,2026-09-15,pipeline_horizontal_displacement,-2.441,mm,negative,-0.0,-2.386,24,S26,管线水平位移超限,变形过大,报警,simulated,SIMULATED-EXCAVAGUARD-V1,TRUE,
GXSP-01,2026-09-16,pipeline_horizontal_displacement,-2.495,mm,negative,-0.0,-2.441,24,S26,管线水平位移超限,变形过大,报警,simulated,SIMULATED-EXCAVAGUARD-V1,TRUE,
GXSP-01,2026-09-17,pipeline_horizontal_displacement,-2.549,mm,negative,-0.0,-2.495,24,S26,管线水平位移超限,变形过大,报警,simulated,SIMULATED-EXCAVAGUARD-V1,TRUE,
GXSP-01,2026-09-18,pipeline_horizontal_displacement,-2.603,mm,negative,-0.0,-2.549,24,S26,管线水平位移超限,变形过大,报警,simulated,SIMULATED-EXCAVAGUARD-V1,TRUE,
GXSP-01,2026-09-19,pipeline_horizontal_displacement,-2.658,mm,negative,-0.0,-2.603,24,S26,管线水平位移超限,变形过大,报警,simulated,SIMULATED-EXCAVAGUARD-V1,TRUE,
GXSP-01,2026-09-20,pipeline_horizontal_displacement,-2.712,mm,negative,-0.0,-2.658,24,S26,管线水平位移超限,变形过大,报警,simulated,SIMULATED-EXCAVAGUARD-V1,TRUE,
GXSP-01,2026-09-21,pipeline_horizontal_displacement,-2.766,mm,negative,-0.0,-2.712,24,S26,管线水平位移超限,变形过大,报警,simulated,SIMULATED-EXCAVAGUARD-V1,TRUE,
GXSP-01,2026-09-22,pipeline_horizontal_displacement,-2.82,mm,negative,-0.0,-2.766,24,S26,管线水平位移超限,变形过大,报警,simulated,SIMULATED-EXCAVAGUARD-V1,TRUE,
GXSP-01,2026-09-23,pipeline_horizontal_displacement,-2.875,mm,negative,-0.0,-2.82,24,S26,管线水平位移超限,变形过大,报警,simulated,SIMULATED-EXCAVAGUARD-V1,TRUE,
GXSP-01,2026-09-24,pipeline_horizontal_displacement,-2.929,mm,negative,-0.0,-2.875,24,S26,管线水平位移超限,变形过大,报警,simulated,SIMULATED-EXCAVAGUARD-V1,TRUE,
GXSP-01,2026-09-25,pipeline_horizontal_displacement,-2.983,mm,negative,-0.0,-2.929,24,S26,管线水平位移超限,变形过大,报警,simulated,SIMULATED-EXCAVAGUARD-V1,TRUE,
GXSP-01,2026-09-26,pipeline_horizontal_displacement,-3.037,mm,negative,-0.0,-2.983,24,S26,管线水平位移超限,变形过大,报警,simulated,SIMULATED-EXCAVAGUARD-V1,TRUE,
GXSP-01,2026-09-27,pipeline_horizontal_displacement,-3.092,mm,negative,-0.0,-3.037,24,S26,管线水平位移超限,变形过大,报警,simulated,SIMULATED-EXCAVAGUARD-V1,TRUE,
GXSP-01,2026-09-28,pipeline_horizontal_displacement,-3.146,mm,negative,-0.0,-3.092,24,S26,管线水平位移超限,变形过大,报警,simulated,SIMULATED-EXCAVAGUARD-V1,TRUE,
GXSP-01,2026-09-29,pipeline_horizontal_displacement,-3.2,mm,negative,-0.0,-3.146,24,S26,管线水平位移超限,变形过大,报警,simulated,SIMULATED-EXCAVAGUARD-V1,TRUE,
GXSP-02,2026-08-01,pipeline_horizontal_displacement,0.0,mm,negative,0.0,,,S26,管线水平位移超限,变形过大,报警,simulated,SIMULATED-EXCAVAGUARD-V1,TRUE,
GXSP-02,2026-08-02,pipeline_horizontal_displacement,-0.05,mm,negative,0.0,0.0,24,S26,管线水平位移超限,变形过大,报警,simulated,SIMULATED-EXCAVAGUARD-V1,TRUE,
GXSP-02,2026-08-03,pipeline_horizontal_displacement,-0.1,mm,negative,0.0,-0.05,24,S26,管线水平位移超限,变形过大,报警,simulated,SIMULATED-EXCAVAGUARD-V1,TRUE,
GXSP-02,2026-08-04,pipeline_horizontal_displacement,-0.15,mm,negative,0.0,-0.1,24,S26,管线水平位移超限,变形过大,报警,simulated,SIMULATED-EXCAVAGUARD-V1,TRUE,
GXSP-02,2026-08-05,pipeline_horizontal_displacement,-0.2,mm,negative,0.0,-0.15,24,S26,管线水平位移超限,变形过大,报警,simulated,SIMULATED-EXCAVAGUARD-V1,TRUE,
GXSP-02,2026-08-06,pipeline_horizontal_displacement,-0.25,mm,negative,0.0,-0.2,24,S26,管线水平位移超限,变形过大,报警,simulated,SIMULATED-EXCAVAGUARD-V1,TRUE,
GXSP-02,2026-08-07,pipeline_horizontal_displacement,-0.3,mm,negative,0.0,-0.25,24,S26,管线水平位移超限,变形过大,报警,simulated,SIMULATED-EXCAVAGUARD-V1,TRUE,
GXSP-02,2026-08-08,pipeline_horizontal_displacement,-0.35,mm,negative,0.0,-0.3,24,S26,管线水平位移超限,变形过大,报警,simulated,SIMULATED-EXCAVAGUARD-V1,TRUE,
GXSP-02,2026-08-09,pipeline_horizontal_displacement,-0.4,mm,negative,0.0,-0.35,24,S26,管线水平位移超限,变形过大,报警,simulated,SIMULATED-EXCAVAGUARD-V1,TRUE,
GXSP-02,2026-08-10,pipeline_horizontal_displacement,-0.45,mm,negative,0.0,-0.4,24,S26,管线水平位移超限,变形过大,报警,simulated,SIMULATED-EXCAVAGUARD-V1,TRUE,
GXSP-02,2026-08-11,pipeline_horizontal_displacement,-0.5,mm,negative,0.0,-0.45,24,S26,管线水平位移超限,变形过大,报警,simulated,SIMULATED-EXCAVAGUARD-V1,TRUE,
GXSP-02,2026-08-12,pipeline_horizontal_displacement,-0.55,mm,negative,0.0,-0.5,24,S26,管线水平位移超限,变形过大,报警,simulated,SIMULATED-EXCAVAGUARD-V1,TRUE,
GXSP-02,2026-08-13,pipeline_horizontal_displacement,-0.6,mm,negative,0.0,-0.55,24,S26,管线水平位移超限,变形过大,报警,simulated,SIMULATED-EXCAVAGUARD-V1,TRUE,
GXSP-02,2026-08-14,pipeline_horizontal_displacement,-0.65,mm,negative,0.0,-0.6,24,S26,管线水平位移超限,变形过大,报警,simulated,SIMULATED-EXCAVAGUARD-V1,TRUE,
GXSP-02,2026-08-15,pipeline_horizontal_displacement,-0.7,mm,negative,0.0,-0.65,24,S26,管线水平位移超限,变形过大,报警,simulated,SIMULATED-EXCAVAGUARD-V1,TRUE,
GXSP-02,2026-08-16,pipeline_horizontal_displacement,-0.75,mm,negative,0.0,-0.7,24,S26,管线水平位移超限,变形过大,报警,simulated,SIMULATED-EXCAVAGUARD-V1,TRUE,
GXSP-02,2026-08-17,pipeline_horizontal_displacement,-0.8,mm,negative,0.0,-0.75,24,S26,管线水平位移超限,变形过大,报警,simulated,SIMULATED-EXCAVAGUARD-V1,TRUE,
GXSP-02,2026-08-18,pipeline_horizontal_displacement,-0.85,mm,negative,0.0,-0.8,24,S26,管线水平位移超限,变形过大,报警,simulated,SIMULATED-EXCAVAGUARD-V1,TRUE,
GXSP-02,2026-08-19,pipeline_horizontal_displacement,-0.9,mm,negative,0.0,-0.85,24,S26,管线水平位移超限,变形过大,报警,simulated,SIMULATED-EXCAVAGUARD-V1,TRUE,
GXSP-02,2026-08-20,pipeline_horizontal_displacement,-0.95,mm,negative,0.0,-0.9,24,S26,管线水平位移超限,变形过大,报警,simulated,SIMULATED-EXCAVAGUARD-V1,TRUE,
GXSP-02,2026-08-21,pipeline_horizontal_displacement,-1.0,mm,negative,0.0,-0.95,24,S26,管线水平位移超限,变形过大,报警,simulated,SIMULATED-EXCAVAGUARD-V1,TRUE,
GXSP-02,2026-08-22,pipeline_horizontal_displacement,-1.05,mm,negative,0.0,-1.0,24,S26,管线水平位移超限,变形过大,报警,simulated,SIMULATED-EXCAVAGUARD-V1,TRUE,
GXSP-02,2026-08-23,pipeline_horizontal_displacement,-1.1,mm,negative,0.0,-1.05,24,S26,管线水平位移超限,变形过大,报警,simulated,SIMULATED-EXCAVAGUARD-V1,TRUE,
GXSP-02,2026-08-24,pipeline_horizontal_displacement,-1.15,mm,negative,0.0,-1.1,24,S26,管线水平位移超限,变形过大,报警,simulated,SIMULATED-EXCAVAGUARD-V1,TRUE,
GXSP-02,2026-08-25,pipeline_horizontal_displacement,-1.2,mm,negative,0.0,-1.15,24,S26,管线水平位移超限,变形过大,报警,simulated,SIMULATED-EXCAVAGUARD-V1,TRUE,
GXSP-02,2026-08-26,pipeline_horizontal_displacement,-1.25,mm,negative,0.0,-1.2,24,S26,管线水平位移超限,变形过大,报警,simulated,SIMULATED-EXCAVAGUARD-V1,TRUE,
GXSP-02,2026-08-27,pipeline_horizontal_displacement,-1.3,mm,negative,0.0,-1.25,24,S26,管线水平位移超限,变形过大,报警,simulated,SIMULATED-EXCAVAGUARD-V1,TRUE,
GXSP-02,2026-08-28,pipeline_horizontal_displacement,-1.35,mm,negative,0.0,-1.3,24,S26,管线水平位移超限,变形过大,报警,simulated,SIMULATED-EXCAVAGUARD-V1,TRUE,
GXSP-02,2026-08-29,pipeline_horizontal_displacement,-1.4,mm,negative,0.0,-1.35,24,S26,管线水平位移超限,变形过大,报警,simulated,SIMULATED-EXCAVAGUARD-V1,TRUE,
GXSP-02,2026-08-30,pipeline_horizontal_displacement,-1.45,mm,negative,0.0,-1.4,24,S26,管线水平位移超限,变形过大,报警,simulated,SIMULATED-EXCAVAGUARD-V1,TRUE,
GXSP-02,2026-08-31,pipeline_horizontal_displacement,-1.5,mm,negative,0.0,-1.45,24,S26,管线水平位移超限,变形过大,报警,simulated,SIMULATED-EXCAVAGUARD-V1,TRUE,
GXSP-02,2026-09-01,pipeline_horizontal_displacement,-9.0,mm,negative,0.0,-1.5,24,S26,管线水平位移超限,变形过大,报警,simulated,SIMULATED-EXCAVAGUARD-V1,TRUE,
GXSP-02,2026-09-02,pipeline_horizontal_displacement,-16.5,mm,negative,0.0,-9.0,24,S26,管线水平位移超限,变形过大,报警,simulated,SIMULATED-EXCAVAGUARD-V1,TRUE,
GXSP-02,2026-09-03,pipeline_horizontal_displacement,-24.0,mm,negative,0.0,-16.5,24,S26,管线水平位移超限,变形过大,报警,simulated,SIMULATED-EXCAVAGUARD-V1,TRUE,
GXSP-02,2026-09-04,pipeline_horizontal_displacement,-31.5,mm,negative,0.0,-24.0,24,S26,管线水平位移超限,变形过大,报警,simulated,SIMULATED-EXCAVAGUARD-V1,TRUE,
GXSP-02,2026-09-05,pipeline_horizontal_displacement,-39.0,mm,negative,0.0,-31.5,24,S26,管线水平位移超限,变形过大,报警,simulated,SIMULATED-EXCAVAGUARD-V1,TRUE,
GXSP-02,2026-09-06,pipeline_horizontal_displacement,-39.05,mm,negative,0.0,-39.0,24,S26,管线水平位移超限,变形过大,报警,simulated,SIMULATED-EXCAVAGUARD-V1,TRUE,
GXSP-02,2026-09-07,pipeline_horizontal_displacement,-39.1,mm,negative,0.0,-39.05,24,S26,管线水平位移超限,变形过大,报警,simulated,SIMULATED-EXCAVAGUARD-V1,TRUE,
GXSP-02,2026-09-08,pipeline_horizontal_displacement,-39.15,mm,negative,0.0,-39.1,24,S26,管线水平位移超限,变形过大,报警,simulated,SIMULATED-EXCAVAGUARD-V1,TRUE,
GXSP-02,2026-09-09,pipeline_horizontal_displacement,-39.2,mm,negative,0.0,-39.15,24,S26,管线水平位移超限,变形过大,报警,simulated,SIMULATED-EXCAVAGUARD-V1,TRUE,
GXSP-02,2026-09-10,pipeline_horizontal_displacement,-39.25,mm,negative,0.0,-39.2,24,S26,管线水平位移超限,变形过大,报警,simulated,SIMULATED-EXCAVAGUARD-V1,TRUE,
GXSP-02,2026-09-11,pipeline_horizontal_displacement,-39.3,mm,negative,0.0,-39.25,24,S26,管线水平位移超限,变形过大,报警,simulated,SIMULATED-EXCAVAGUARD-V1,TRUE,
GXSP-02,2026-09-12,pipeline_horizontal_displacement,-39.35,mm,negative,0.0,-39.3,24,S26,管线水平位移超限,变形过大,报警,simulated,SIMULATED-EXCAVAGUARD-V1,TRUE,
GXSP-02,2026-09-13,pipeline_horizontal_displacement,-39.4,mm,negative,0.0,-39.35,24,S26,管线水平位移超限,变形过大,报警,simulated,SIMULATED-EXCAVAGUARD-V1,TRUE,
GXSP-02,2026-09-14,pipeline_horizontal_displacement,-39.45,mm,negative,0.0,-39.4,24,S26,管线水平位移超限,变形过大,报警,simulated,SIMULATED-EXCAVAGUARD-V1,TRUE,
GXSP-02,2026-09-15,pipeline_horizontal_displacement,-39.5,mm,negative,0.0,-39.45,24,S26,管线水平位移超限,变形过大,报警,simulated,SIMULATED-EXCAVAGUARD-V1,TRUE,
GXSP-02,2026-09-16,pipeline_horizontal_displacement,-39.55,mm,negative,0.0,-39.5,24,S26,管线水平位移超限,变形过大,报警,simulated,SIMULATED-EXCAVAGUARD-V1,TRUE,
GXSP-02,2026-09-17,pipeline_horizontal_displacement,-39.6,mm,negative,0.0,-39.55,24,S26,管线水平位移超限,变形过大,报警,simulated,SIMULATED-EXCAVAGUARD-V1,TRUE,
GXSP-02,2026-09-18,pipeline_horizontal_displacement,-39.65,mm,negative,0.0,-39.6,24,S26,管线水平位移超限,变形过大,报警,simulated,SIMULATED-EXCAVAGUARD-V1,TRUE,
GXSP-02,2026-09-19,pipeline_horizontal_displacement,-39.7,mm,negative,0.0,-39.65,24,S26,管线水平位移超限,变形过大,报警,simulated,SIMULATED-EXCAVAGUARD-V1,TRUE,
GXSP-02,2026-09-20,pipeline_horizontal_displacement,-39.75,mm,negative,0.0,-39.7,24,S26,管线水平位移超限,变形过大,报警,simulated,SIMULATED-EXCAVAGUARD-V1,TRUE,
GXSP-02,2026-09-21,pipeline_horizontal_displacement,-39.8,mm,negative,0.0,-39.75,24,S26,管线水平位移超限,变形过大,报警,simulated,SIMULATED-EXCAVAGUARD-V1,TRUE,
GXSP-02,2026-09-22,pipeline_horizontal_displacement,-39.85,mm,negative,0.0,-39.8,24,S26,管线水平位移超限,变形过大,报警,simulated,SIMULATED-EXCAVAGUARD-V1,TRUE,
GXSP-02,2026-09-23,pipeline_horizontal_displacement,-39.9,mm,negative,0.0,-39.85,24,S26,管线水平位移超限,变形过大,报警,simulated,SIMULATED-EXCAVAGUARD-V1,TRUE,
GXSP-02,2026-09-24,pipeline_horizontal_displacement,-39.95,mm,negative,0.0,-39.9,24,S26,管线水平位移超限,变形过大,报警,simulated,SIMULATED-EXCAVAGUARD-V1,TRUE,
GXSP-02,2026-09-25,pipeline_horizontal_displacement,-40.0,mm,negative,0.0,-39.95,24,S26,管线水平位移超限,变形过大,报警,simulated,SIMULATED-EXCAVAGUARD-V1,TRUE,
GXSP-02,2026-09-26,pipeline_horizontal_displacement,-40.05,mm,negative,0.0,-40.0,24,S26,管线水平位移超限,变形过大,报警,simulated,SIMULATED-EXCAVAGUARD-V1,TRUE,
GXSP-02,2026-09-27,pipeline_horizontal_displacement,-40.1,mm,negative,0.0,-40.05,24,S26,管线水平位移超限,变形过大,报警,simulated,SIMULATED-EXCAVAGUARD-V1,TRUE,
GXSP-02,2026-09-28,pipeline_horizontal_displacement,-40.15,mm,negative,0.0,-40.1,24,S26,管线水平位移超限,变形过大,报警,simulated,SIMULATED-EXCAVAGUARD-V1,TRUE,
GXSP-02,2026-09-29,pipeline_horizontal_displacement,-40.2,mm,negative,0.0,-40.15,24,S26,管线水平位移超限,变形过大,报警,simulated,SIMULATED-EXCAVAGUARD-V1,TRUE,
GXSP-03,2026-08-01,pipeline_horizontal_displacement,-0.0,mm,negative,-0.0,,,S26,管线水平位移超限,变形过大,报警,simulated,SIMULATED-EXCAVAGUARD-V1,TRUE,
GXSP-03,2026-08-02,pipeline_horizontal_displacement,-0.064,mm,negative,-0.0,-0.0,24,S26,管线水平位移超限,变形过大,报警,simulated,SIMULATED-EXCAVAGUARD-V1,TRUE,
GXSP-03,2026-08-03,pipeline_horizontal_displacement,-0.125,mm,negative,-0.0,-0.064,24,S26,管线水平位移超限,变形过大,报警,simulated,SIMULATED-EXCAVAGUARD-V1,TRUE,
GXSP-03,2026-08-04,pipeline_horizontal_displacement,-0.181,mm,negative,-0.0,-0.125,24,S26,管线水平位移超限,变形过大,报警,simulated,SIMULATED-EXCAVAGUARD-V1,TRUE,
GXSP-03,2026-08-05,pipeline_horizontal_displacement,-0.234,mm,negative,-0.0,-0.181,24,S26,管线水平位移超限,变形过大,报警,simulated,SIMULATED-EXCAVAGUARD-V1,TRUE,
GXSP-03,2026-08-06,pipeline_horizontal_displacement,-0.283,mm,negative,-0.0,-0.234,24,S26,管线水平位移超限,变形过大,报警,simulated,SIMULATED-EXCAVAGUARD-V1,TRUE,
GXSP-03,2026-08-07,pipeline_horizontal_displacement,-0.33,mm,negative,-0.0,-0.283,24,S26,管线水平位移超限,变形过大,报警,simulated,SIMULATED-EXCAVAGUARD-V1,TRUE,
GXSP-03,2026-08-08,pipeline_horizontal_displacement,-0.373,mm,negative,-0.0,-0.33,24,S26,管线水平位移超限,变形过大,报警,simulated,SIMULATED-EXCAVAGUARD-V1,TRUE,
GXSP-03,2026-08-09,pipeline_horizontal_displacement,-0.413,mm,negative,-0.0,-0.373,24,S26,管线水平位移超限,变形过大,报警,simulated,SIMULATED-EXCAVAGUARD-V1,TRUE,
GXSP-03,2026-08-10,pipeline_horizontal_displacement,-0.451,mm,negative,-0.0,-0.413,24,S26,管线水平位移超限,变形过大,报警,simulated,SIMULATED-EXCAVAGUARD-V1,TRUE,
GXSP-03,2026-08-11,pipeline_horizontal_displacement,-0.487,mm,negative,-0.0,-0.451,24,S26,管线水平位移超限,变形过大,报警,simulated,SIMULATED-EXCAVAGUARD-V1,TRUE,
GXSP-03,2026-08-12,pipeline_horizontal_displacement,-0.52,mm,negative,-0.0,-0.487,24,S26,管线水平位移超限,变形过大,报警,simulated,SIMULATED-EXCAVAGUARD-V1,TRUE,
GXSP-03,2026-08-13,pipeline_horizontal_displacement,-0.551,mm,negative,-0.0,-0.52,24,S26,管线水平位移超限,变形过大,报警,simulated,SIMULATED-EXCAVAGUARD-V1,TRUE,
GXSP-03,2026-08-14,pipeline_horizontal_displacement,-0.58,mm,negative,-0.0,-0.551,24,S26,管线水平位移超限,变形过大,报警,simulated,SIMULATED-EXCAVAGUARD-V1,TRUE,
GXSP-03,2026-08-15,pipeline_horizontal_displacement,-0.607,mm,negative,-0.0,-0.58,24,S26,管线水平位移超限,变形过大,报警,simulated,SIMULATED-EXCAVAGUARD-V1,TRUE,
GXSP-03,2026-08-16,pipeline_horizontal_displacement,-0.632,mm,negative,-0.0,-0.607,24,S26,管线水平位移超限,变形过大,报警,simulated,SIMULATED-EXCAVAGUARD-V1,TRUE,
GXSP-03,2026-08-17,pipeline_horizontal_displacement,-0.656,mm,negative,-0.0,-0.632,24,S26,管线水平位移超限,变形过大,报警,simulated,SIMULATED-EXCAVAGUARD-V1,TRUE,
GXSP-03,2026-08-18,pipeline_horizontal_displacement,-0.678,mm,negative,-0.0,-0.656,24,S26,管线水平位移超限,变形过大,报警,simulated,SIMULATED-EXCAVAGUARD-V1,TRUE,
GXSP-03,2026-08-19,pipeline_horizontal_displacement,-0.699,mm,negative,-0.0,-0.678,24,S26,管线水平位移超限,变形过大,报警,simulated,SIMULATED-EXCAVAGUARD-V1,TRUE,
GXSP-03,2026-08-20,pipeline_horizontal_displacement,-0.718,mm,negative,-0.0,-0.699,24,S26,管线水平位移超限,变形过大,报警,simulated,SIMULATED-EXCAVAGUARD-V1,TRUE,
GXSP-03,2026-08-21,pipeline_horizontal_displacement,-0.736,mm,negative,-0.0,-0.718,24,S26,管线水平位移超限,变形过大,报警,simulated,SIMULATED-EXCAVAGUARD-V1,TRUE,
GXSP-03,2026-08-22,pipeline_horizontal_displacement,-0.753,mm,negative,-0.0,-0.736,24,S26,管线水平位移超限,变形过大,报警,simulated,SIMULATED-EXCAVAGUARD-V1,TRUE,
GXSP-03,2026-08-23,pipeline_horizontal_displacement,-0.769,mm,negative,-0.0,-0.753,24,S26,管线水平位移超限,变形过大,报警,simulated,SIMULATED-EXCAVAGUARD-V1,TRUE,
GXSP-03,2026-08-24,pipeline_horizontal_displacement,-0.784,mm,negative,-0.0,-0.769,24,S26,管线水平位移超限,变形过大,报警,simulated,SIMULATED-EXCAVAGUARD-V1,TRUE,
GXSP-03,2026-08-25,pipeline_horizontal_displacement,-0.798,mm,negative,-0.0,-0.784,24,S26,管线水平位移超限,变形过大,报警,simulated,SIMULATED-EXCAVAGUARD-V1,TRUE,
GXSP-03,2026-08-26,pipeline_horizontal_displacement,-0.811,mm,negative,-0.0,-0.798,24,S26,管线水平位移超限,变形过大,报警,simulated,SIMULATED-EXCAVAGUARD-V1,TRUE,
GXSP-03,2026-08-27,pipeline_horizontal_displacement,-0.823,mm,negative,-0.0,-0.811,24,S26,管线水平位移超限,变形过大,报警,simulated,SIMULATED-EXCAVAGUARD-V1,TRUE,
GXSP-03,2026-08-28,pipeline_horizontal_displacement,-0.835,mm,negative,-0.0,-0.823,24,S26,管线水平位移超限,变形过大,报警,simulated,SIMULATED-EXCAVAGUARD-V1,TRUE,
GXSP-03,2026-08-29,pipeline_horizontal_displacement,-0.845,mm,negative,-0.0,-0.835,24,S26,管线水平位移超限,变形过大,报警,simulated,SIMULATED-EXCAVAGUARD-V1,TRUE,
GXSP-03,2026-08-30,pipeline_horizontal_displacement,-0.855,mm,negative,-0.0,-0.845,24,S26,管线水平位移超限,变形过大,报警,simulated,SIMULATED-EXCAVAGUARD-V1,TRUE,
GXSP-03,2026-08-31,pipeline_horizontal_displacement,-0.865,mm,negative,-0.0,-0.855,24,S26,管线水平位移超限,变形过大,报警,simulated,SIMULATED-EXCAVAGUARD-V1,TRUE,
GXSP-03,2026-09-01,pipeline_horizontal_displacement,-0.873,mm,negative,-0.0,-0.865,24,S26,管线水平位移超限,变形过大,报警,simulated,SIMULATED-EXCAVAGUARD-V1,TRUE,
GXSP-03,2026-09-02,pipeline_horizontal_displacement,-0.882,mm,negative,-0.0,-0.873,24,S26,管线水平位移超限,变形过大,报警,simulated,SIMULATED-EXCAVAGUARD-V1,TRUE,
GXSP-03,2026-09-03,pipeline_horizontal_displacement,-0.889,mm,negative,-0.0,-0.882,24,S26,管线水平位移超限,变形过大,报警,simulated,SIMULATED-EXCAVAGUARD-V1,TRUE,
GXSP-03,2026-09-04,pipeline_horizontal_displacement,-0.896,mm,negative,-0.0,-0.889,24,S26,管线水平位移超限,变形过大,报警,simulated,SIMULATED-EXCAVAGUARD-V1,TRUE,
GXSP-03,2026-09-05,pipeline_horizontal_displacement,-0.903,mm,negative,-0.0,-0.896,24,S26,管线水平位移超限,变形过大,报警,simulated,SIMULATED-EXCAVAGUARD-V1,TRUE,
GXSP-03,2026-09-06,pipeline_horizontal_displacement,-0.909,mm,negative,-0.0,-0.903,24,S26,管线水平位移超限,变形过大,报警,simulated,SIMULATED-EXCAVAGUARD-V1,TRUE,
GXSP-03,2026-09-07,pipeline_horizontal_displacement,-0.915,mm,negative,-0.0,-0.909,24,S26,管线水平位移超限,变形过大,报警,simulated,SIMULATED-EXCAVAGUARD-V1,TRUE,
GXSP-03,2026-09-08,pipeline_horizontal_displacement,-0.921,mm,negative,-0.0,-0.915,24,S26,管线水平位移超限,变形过大,报警,simulated,SIMULATED-EXCAVAGUARD-V1,TRUE,
GXSP-03,2026-09-09,pipeline_horizontal_displacement,-0.926,mm,negative,-0.0,-0.921,24,S26,管线水平位移超限,变形过大,报警,simulated,SIMULATED-EXCAVAGUARD-V1,TRUE,
GXSP-03,2026-09-10,pipeline_horizontal_displacement,-0.931,mm,negative,-0.0,-0.926,24,S26,管线水平位移超限,变形过大,报警,simulated,SIMULATED-EXCAVAGUARD-V1,TRUE,
GXSP-03,2026-09-11,pipeline_horizontal_displacement,-0.935,mm,negative,-0.0,-0.931,24,S26,管线水平位移超限,变形过大,报警,simulated,SIMULATED-EXCAVAGUARD-V1,TRUE,
GXSP-03,2026-09-12,pipeline_horizontal_displacement,-0.939,mm,negative,-0.0,-0.935,24,S26,管线水平位移超限,变形过大,报警,simulated,SIMULATED-EXCAVAGUARD-V1,TRUE,
GXSP-03,2026-09-13,pipeline_horizontal_displacement,-0.943,mm,negative,-0.0,-0.939,24,S26,管线水平位移超限,变形过大,报警,simulated,SIMULATED-EXCAVAGUARD-V1,TRUE,
GXSP-03,2026-09-14,pipeline_horizontal_displacement,-0.947,mm,negative,-0.0,-0.943,24,S26,管线水平位移超限,变形过大,报警,simulated,SIMULATED-EXCAVAGUARD-V1,TRUE,
GXSP-03,2026-09-15,pipeline_horizontal_displacement,-0.95,mm,negative,-0.0,-0.947,24,S26,管线水平位移超限,变形过大,报警,simulated,SIMULATED-EXCAVAGUARD-V1,TRUE,
GXSP-03,2026-09-16,pipeline_horizontal_displacement,-0.953,mm,negative,-0.0,-0.95,24,S26,管线水平位移超限,变形过大,报警,simulated,SIMULATED-EXCAVAGUARD-V1,TRUE,
GXSP-03,2026-09-17,pipeline_horizontal_displacement,-0.956,mm,negative,-0.0,-0.953,24,S26,管线水平位移超限,变形过大,报警,simulated,SIMULATED-EXCAVAGUARD-V1,TRUE,
GXSP-03,2026-09-18,pipeline_horizontal_displacement,-0.959,mm,negative,-0.0,-0.956,24,S26,管线水平位移超限,变形过大,报警,simulated,SIMULATED-EXCAVAGUARD-V1,TRUE,
GXSP-03,2026-09-19,pipeline_horizontal_displacement,-0.962,mm,negative,-0.0,-0.959,24,S26,管线水平位移超限,变形过大,报警,simulated,SIMULATED-EXCAVAGUARD-V1,TRUE,
GXSP-03,2026-09-20,pipeline_horizontal_displacement,-0.964,mm,negative,-0.0,-0.962,24,S26,管线水平位移超限,变形过大,报警,simulated,SIMULATED-EXCAVAGUARD-V1,TRUE,
GXSP-03,2026-09-21,pipeline_horizontal_displacement,-0.967,mm,negative,-0.0,-0.964,24,S26,管线水平位移超限,变形过大,报警,simulated,SIMULATED-EXCAVAGUARD-V1,TRUE,
GXSP-03,2026-09-22,pipeline_horizontal_displacement,-0.969,mm,negative,-0.0,-0.967,24,S26,管线水平位移超限,变形过大,报警,simulated,SIMULATED-EXCAVAGUARD-V1,TRUE,
GXSP-03,2026-09-23,pipeline_horizontal_displacement,-0.971,mm,negative,-0.0,-0.969,24,S26,管线水平位移超限,变形过大,报警,simulated,SIMULATED-EXCAVAGUARD-V1,TRUE,
GXSP-03,2026-09-24,pipeline_horizontal_displacement,-0.973,mm,negative,-0.0,-0.971,24,S26,管线水平位移超限,变形过大,报警,simulated,SIMULATED-EXCAVAGUARD-V1,TRUE,
GXSP-03,2026-09-25,pipeline_horizontal_displacement,-0.974,mm,negative,-0.0,-0.973,24,S26,管线水平位移超限,变形过大,报警,simulated,SIMULATED-EXCAVAGUARD-V1,TRUE,
GXSP-03,2026-09-26,pipeline_horizontal_displacement,-0.976,mm,negative,-0.0,-0.974,24,S26,管线水平位移超限,变形过大,报警,simulated,SIMULATED-EXCAVAGUARD-V1,TRUE,
GXSP-03,2026-09-27,pipeline_horizontal_displacement,-0.978,mm,negative,-0.0,-0.976,24,S26,管线水平位移超限,变形过大,报警,simulated,SIMULATED-EXCAVAGUARD-V1,TRUE,
GXSP-03,2026-09-28,pipeline_horizontal_displacement,-0.979,mm,negative,-0.0,-0.978,24,S26,管线水平位移超限,变形过大,报警,simulated,SIMULATED-EXCAVAGUARD-V1,TRUE,
GXSP-03,2026-09-29,pipeline_horizontal_displacement,-0.98,mm,negative,-0.0,-0.979,24,S26,管线水平位移超限,变形过大,报警,simulated,SIMULATED-EXCAVAGUARD-V1,TRUE,
LZNL-01,2026-08-01,column_internal_force,0.0,kN,positive,0.0,,,S27,规范判据待补充,变形过大,未知,simulated,SIMULATED-EXCAVAGUARD-V1,TRUE,
LZNL-01,2026-08-02,column_internal_force,16.212,kN,positive,0.0,0.0,24,S27,规范判据待补充,变形过大,未知,simulated,SIMULATED-EXCAVAGUARD-V1,TRUE,
LZNL-01,2026-08-03,column_internal_force,31.548,kN,positive,0.0,16.212,24,S27,规范判据待补充,变形过大,未知,simulated,SIMULATED-EXCAVAGUARD-V1,TRUE,
LZNL-01,2026-08-04,column_internal_force,46.055,kN,positive,0.0,31.548,24,S27,规范判据待补充,变形过大,未知,simulated,SIMULATED-EXCAVAGUARD-V1,TRUE,
LZNL-01,2026-08-05,column_internal_force,59.779,kN,positive,0.0,46.055,24,S27,规范判据待补充,变形过大,未知,simulated,SIMULATED-EXCAVAGUARD-V1,TRUE,
LZNL-01,2026-08-06,column_internal_force,72.76,kN,positive,0.0,59.779,24,S27,规范判据待补充,变形过大,未知,simulated,SIMULATED-EXCAVAGUARD-V1,TRUE,
LZNL-01,2026-08-07,column_internal_force,85.041,kN,positive,0.0,72.76,24,S27,规范判据待补充,变形过大,未知,simulated,SIMULATED-EXCAVAGUARD-V1,TRUE,
LZNL-01,2026-08-08,column_internal_force,96.657,kN,positive,0.0,85.041,24,S27,规范判据待补充,变形过大,未知,simulated,SIMULATED-EXCAVAGUARD-V1,TRUE,
LZNL-01,2026-08-09,column_internal_force,107.646,kN,positive,0.0,96.657,24,S27,规范判据待补充,变形过大,未知,simulated,SIMULATED-EXCAVAGUARD-V1,TRUE,
LZNL-01,2026-08-10,column_internal_force,118.041,kN,positive,0.0,107.646,24,S27,规范判据待补充,变形过大,未知,simulated,SIMULATED-EXCAVAGUARD-V1,TRUE,
LZNL-01,2026-08-11,column_internal_force,127.874,kN,positive,0.0,118.041,24,S27,规范判据待补充,变形过大,未知,simulated,SIMULATED-EXCAVAGUARD-V1,TRUE,
LZNL-01,2026-08-12,column_internal_force,137.176,kN,positive,0.0,127.874,24,S27,规范判据待补充,变形过大,未知,simulated,SIMULATED-EXCAVAGUARD-V1,TRUE,
LZNL-01,2026-08-13,column_internal_force,145.975,kN,positive,0.0,137.176,24,S27,规范判据待补充,变形过大,未知,simulated,SIMULATED-EXCAVAGUARD-V1,TRUE,
LZNL-01,2026-08-14,column_internal_force,154.298,kN,positive,0.0,145.975,24,S27,规范判据待补充,变形过大,未知,simulated,SIMULATED-EXCAVAGUARD-V1,TRUE,
LZNL-01,2026-08-15,column_internal_force,162.172,kN,positive,0.0,154.298,24,S27,规范判据待补充,变形过大,未知,simulated,SIMULATED-EXCAVAGUARD-V1,TRUE,
LZNL-01,2026-08-16,column_internal_force,169.621,kN,positive,0.0,162.172,24,S27,规范判据待补充,变形过大,未知,simulated,SIMULATED-EXCAVAGUARD-V1,TRUE,
LZNL-01,2026-08-17,column_internal_force,176.666,kN,positive,0.0,169.621,24,S27,规范判据待补充,变形过大,未知,simulated,SIMULATED-EXCAVAGUARD-V1,TRUE,
LZNL-01,2026-08-18,column_internal_force,183.331,kN,positive,0.0,176.666,24,S27,规范判据待补充,变形过大,未知,simulated,SIMULATED-EXCAVAGUARD-V1,TRUE,
LZNL-01,2026-08-19,column_internal_force,189.636,kN,positive,0.0,183.331,24,S27,规范判据待补充,变形过大,未知,simulated,SIMULATED-EXCAVAGUARD-V1,TRUE,
LZNL-01,2026-08-20,column_internal_force,195.6,kN,positive,0.0,189.636,24,S27,规范判据待补充,变形过大,未知,simulated,SIMULATED-EXCAVAGUARD-V1,TRUE,
LZNL-01,2026-08-21,column_internal_force,201.242,kN,positive,0.0,195.6,24,S27,规范判据待补充,变形过大,未知,simulated,SIMULATED-EXCAVAGUARD-V1,TRUE,
LZNL-01,2026-08-22,column_internal_force,206.579,kN,positive,0.0,201.242,24,S27,规范判据待补充,变形过大,未知,simulated,SIMULATED-EXCAVAGUARD-V1,TRUE,
LZNL-01,2026-08-23,column_internal_force,211.628,kN,positive,0.0,206.579,24,S27,规范判据待补充,变形过大,未知,simulated,SIMULATED-EXCAVAGUARD-V1,TRUE,
LZNL-01,2026-08-24,column_internal_force,216.403,kN,positive,0.0,211.628,24,S27,规范判据待补充,变形过大,未知,simulated,SIMULATED-EXCAVAGUARD-V1,TRUE,
LZNL-01,2026-08-25,column_internal_force,220.921,kN,positive,0.0,216.403,24,S27,规范判据待补充,变形过大,未知,simulated,SIMULATED-EXCAVAGUARD-V1,TRUE,
LZNL-01,2026-08-26,column_internal_force,225.194,kN,positive,0.0,220.921,24,S27,规范判据待补充,变形过大,未知,simulated,SIMULATED-EXCAVAGUARD-V1,TRUE,
LZNL-01,2026-08-27,column_internal_force,229.237,kN,positive,0.0,225.194,24,S27,规范判据待补充,变形过大,未知,simulated,SIMULATED-EXCAVAGUARD-V1,TRUE,
LZNL-01,2026-08-28,column_internal_force,233.061,kN,positive,0.0,229.237,24,S27,规范判据待补充,变形过大,未知,simulated,SIMULATED-EXCAVAGUARD-V1,TRUE,
LZNL-01,2026-08-29,column_internal_force,236.678,kN,positive,0.0,233.061,24,S27,规范判据待补充,变形过大,未知,simulated,SIMULATED-EXCAVAGUARD-V1,TRUE,
LZNL-01,2026-08-30,column_internal_force,240.1,kN,positive,0.0,236.678,24,S27,规范判据待补充,变形过大,未知,simulated,SIMULATED-EXCAVAGUARD-V1,TRUE,
LZNL-01,2026-08-31,column_internal_force,243.337,kN,positive,0.0,240.1,24,S27,规范判据待补充,变形过大,未知,simulated,SIMULATED-EXCAVAGUARD-V1,TRUE,
LZNL-01,2026-09-01,column_internal_force,246.399,kN,positive,0.0,243.337,24,S27,规范判据待补充,变形过大,未知,simulated,SIMULATED-EXCAVAGUARD-V1,TRUE,
LZNL-01,2026-09-02,column_internal_force,249.296,kN,positive,0.0,246.399,24,S27,规范判据待补充,变形过大,未知,simulated,SIMULATED-EXCAVAGUARD-V1,TRUE,
LZNL-01,2026-09-03,column_internal_force,252.036,kN,positive,0.0,249.296,24,S27,规范判据待补充,变形过大,未知,simulated,SIMULATED-EXCAVAGUARD-V1,TRUE,
LZNL-01,2026-09-04,column_internal_force,254.628,kN,positive,0.0,252.036,24,S27,规范判据待补充,变形过大,未知,simulated,SIMULATED-EXCAVAGUARD-V1,TRUE,
LZNL-01,2026-09-05,column_internal_force,257.08,kN,positive,0.0,254.628,24,S27,规范判据待补充,变形过大,未知,simulated,SIMULATED-EXCAVAGUARD-V1,TRUE,
LZNL-01,2026-09-06,column_internal_force,259.399,kN,positive,0.0,257.08,24,S27,规范判据待补充,变形过大,未知,simulated,SIMULATED-EXCAVAGUARD-V1,TRUE,
LZNL-01,2026-09-07,column_internal_force,261.593,kN,positive,0.0,259.399,24,S27,规范判据待补充,变形过大,未知,simulated,SIMULATED-EXCAVAGUARD-V1,TRUE,
LZNL-01,2026-09-08,column_internal_force,263.669,kN,positive,0.0,261.593,24,S27,规范判据待补充,变形过大,未知,simulated,SIMULATED-EXCAVAGUARD-V1,TRUE,
LZNL-01,2026-09-09,column_internal_force,265.632,kN,positive,0.0,263.669,24,S27,规范判据待补充,变形过大,未知,simulated,SIMULATED-EXCAVAGUARD-V1,TRUE,
LZNL-01,2026-09-10,column_internal_force,267.49,kN,positive,0.0,265.632,24,S27,规范判据待补充,变形过大,未知,simulated,SIMULATED-EXCAVAGUARD-V1,TRUE,
LZNL-01,2026-09-11,column_internal_force,269.246,kN,positive,0.0,267.49,24,S27,规范判据待补充,变形过大,未知,simulated,SIMULATED-EXCAVAGUARD-V1,TRUE,
LZNL-01,2026-09-12,column_internal_force,270.908,kN,positive,0.0,269.246,24,S27,规范判据待补充,变形过大,未知,simulated,SIMULATED-EXCAVAGUARD-V1,TRUE,
LZNL-01,2026-09-13,column_internal_force,272.481,kN,positive,0.0,270.908,24,S27,规范判据待补充,变形过大,未知,simulated,SIMULATED-EXCAVAGUARD-V1,TRUE,
LZNL-01,2026-09-14,column_internal_force,273.968,kN,positive,0.0,272.481,24,S27,规范判据待补充,变形过大,未知,simulated,SIMULATED-EXCAVAGUARD-V1,TRUE,
LZNL-01,2026-09-15,column_internal_force,275.375,kN,positive,0.0,273.968,24,S27,规范判据待补充,变形过大,未知,simulated,SIMULATED-EXCAVAGUARD-V1,TRUE,
LZNL-01,2026-09-16,column_internal_force,276.705,kN,positive,0.0,275.375,24,S27,规范判据待补充,变形过大,未知,simulated,SIMULATED-EXCAVAGUARD-V1,TRUE,
LZNL-01,2026-09-17,column_internal_force,277.964,kN,positive,0.0,276.705,24,S27,规范判据待补充,变形过大,未知,simulated,SIMULATED-EXCAVAGUARD-V1,TRUE,
LZNL-01,2026-09-18,column_internal_force,279.155,kN,positive,0.0,277.964,24,S27,规范判据待补充,变形过大,未知,simulated,SIMULATED-EXCAVAGUARD-V1,TRUE,
LZNL-01,2026-09-19,column_internal_force,280.281,kN,positive,0.0,279.155,24,S27,规范判据待补充,变形过大,未知,simulated,SIMULATED-EXCAVAGUARD-V1,TRUE,
LZNL-01,2026-09-20,column_internal_force,281.347,kN,positive,0.0,280.281,24,S27,规范判据待补充,变形过大,未知,simulated,SIMULATED-EXCAVAGUARD-V1,TRUE,
LZNL-01,2026-09-21,column_internal_force,282.355,kN,positive,0.0,281.347,24,S27,规范判据待补充,变形过大,未知,simulated,SIMULATED-EXCAVAGUARD-V1,TRUE,
LZNL-01,2026-09-22,column_internal_force,283.309,kN,positive,0.0,282.355,24,S27,规范判据待补充,变形过大,未知,simulated,SIMULATED-EXCAVAGUARD-V1,TRUE,
LZNL-01,2026-09-23,column_internal_force,284.211,kN,positive,0.0,283.309,24,S27,规范判据待补充,变形过大,未知,simulated,SIMULATED-EXCAVAGUARD-V1,TRUE,
LZNL-01,2026-09-24,column_internal_force,285.064,kN,positive,0.0,284.211,24,S27,规范判据待补充,变形过大,未知,simulated,SIMULATED-EXCAVAGUARD-V1,TRUE,
LZNL-01,2026-09-25,column_internal_force,285.871,kN,positive,0.0,285.064,24,S27,规范判据待补充,变形过大,未知,simulated,SIMULATED-EXCAVAGUARD-V1,TRUE,
LZNL-01,2026-09-26,column_internal_force,286.635,kN,positive,0.0,285.871,24,S27,规范判据待补充,变形过大,未知,simulated,SIMULATED-EXCAVAGUARD-V1,TRUE,
LZNL-01,2026-09-27,column_internal_force,287.357,kN,positive,0.0,286.635,24,S27,规范判据待补充,变形过大,未知,simulated,SIMULATED-EXCAVAGUARD-V1,TRUE,
LZNL-01,2026-09-28,column_internal_force,288.04,kN,positive,0.0,287.357,24,S27,规范判据待补充,变形过大,未知,simulated,SIMULATED-EXCAVAGUARD-V1,TRUE,
LZNL-01,2026-09-29,column_internal_force,288.686,kN,positive,0.0,288.04,24,S27,规范判据待补充,变形过大,未知,simulated,SIMULATED-EXCAVAGUARD-V1,TRUE,
FCCJ-01,2026-08-01,soil_layered_vertical_displacement,-0.0,mm,negative,-0.0,,,S27,规范判据待补充,变形过大,未知,simulated,SIMULATED-EXCAVAGUARD-V1,TRUE,
FCCJ-01,2026-08-02,soil_layered_vertical_displacement,-0.153,mm,negative,-0.0,-0.0,24,S27,规范判据待补充,变形过大,未知,simulated,SIMULATED-EXCAVAGUARD-V1,TRUE,
FCCJ-01,2026-08-03,soil_layered_vertical_displacement,-0.305,mm,negative,-0.0,-0.153,24,S27,规范判据待补充,变形过大,未知,simulated,SIMULATED-EXCAVAGUARD-V1,TRUE,
FCCJ-01,2026-08-04,soil_layered_vertical_displacement,-0.458,mm,negative,-0.0,-0.305,24,S27,规范判据待补充,变形过大,未知,simulated,SIMULATED-EXCAVAGUARD-V1,TRUE,
FCCJ-01,2026-08-05,soil_layered_vertical_displacement,-0.61,mm,negative,-0.0,-0.458,24,S27,规范判据待补充,变形过大,未知,simulated,SIMULATED-EXCAVAGUARD-V1,TRUE,
FCCJ-01,2026-08-06,soil_layered_vertical_displacement,-0.763,mm,negative,-0.0,-0.61,24,S27,规范判据待补充,变形过大,未知,simulated,SIMULATED-EXCAVAGUARD-V1,TRUE,
FCCJ-01,2026-08-07,soil_layered_vertical_displacement,-0.915,mm,negative,-0.0,-0.763,24,S27,规范判据待补充,变形过大,未知,simulated,SIMULATED-EXCAVAGUARD-V1,TRUE,
FCCJ-01,2026-08-08,soil_layered_vertical_displacement,-1.068,mm,negative,-0.0,-0.915,24,S27,规范判据待补充,变形过大,未知,simulated,SIMULATED-EXCAVAGUARD-V1,TRUE,
FCCJ-01,2026-08-09,soil_layered_vertical_displacement,-1.22,mm,negative,-0.0,-1.068,24,S27,规范判据待补充,变形过大,未知,simulated,SIMULATED-EXCAVAGUARD-V1,TRUE,
FCCJ-01,2026-08-10,soil_layered_vertical_displacement,-1.373,mm,negative,-0.0,-1.22,24,S27,规范判据待补充,变形过大,未知,simulated,SIMULATED-EXCAVAGUARD-V1,TRUE,
FCCJ-01,2026-08-11,soil_layered_vertical_displacement,-1.525,mm,negative,-0.0,-1.373,24,S27,规范判据待补充,变形过大,未知,simulated,SIMULATED-EXCAVAGUARD-V1,TRUE,
FCCJ-01,2026-08-12,soil_layered_vertical_displacement,-1.678,mm,negative,-0.0,-1.525,24,S27,规范判据待补充,变形过大,未知,simulated,SIMULATED-EXCAVAGUARD-V1,TRUE,
FCCJ-01,2026-08-13,soil_layered_vertical_displacement,-1.831,mm,negative,-0.0,-1.678,24,S27,规范判据待补充,变形过大,未知,simulated,SIMULATED-EXCAVAGUARD-V1,TRUE,
FCCJ-01,2026-08-14,soil_layered_vertical_displacement,-1.983,mm,negative,-0.0,-1.831,24,S27,规范判据待补充,变形过大,未知,simulated,SIMULATED-EXCAVAGUARD-V1,TRUE,
FCCJ-01,2026-08-15,soil_layered_vertical_displacement,-2.136,mm,negative,-0.0,-1.983,24,S27,规范判据待补充,变形过大,未知,simulated,SIMULATED-EXCAVAGUARD-V1,TRUE,
FCCJ-01,2026-08-16,soil_layered_vertical_displacement,-2.288,mm,negative,-0.0,-2.136,24,S27,规范判据待补充,变形过大,未知,simulated,SIMULATED-EXCAVAGUARD-V1,TRUE,
FCCJ-01,2026-08-17,soil_layered_vertical_displacement,-2.441,mm,negative,-0.0,-2.288,24,S27,规范判据待补充,变形过大,未知,simulated,SIMULATED-EXCAVAGUARD-V1,TRUE,
FCCJ-01,2026-08-18,soil_layered_vertical_displacement,-2.593,mm,negative,-0.0,-2.441,24,S27,规范判据待补充,变形过大,未知,simulated,SIMULATED-EXCAVAGUARD-V1,TRUE,
FCCJ-01,2026-08-19,soil_layered_vertical_displacement,-2.746,mm,negative,-0.0,-2.593,24,S27,规范判据待补充,变形过大,未知,simulated,SIMULATED-EXCAVAGUARD-V1,TRUE,
FCCJ-01,2026-08-20,soil_layered_vertical_displacement,-2.898,mm,negative,-0.0,-2.746,24,S27,规范判据待补充,变形过大,未知,simulated,SIMULATED-EXCAVAGUARD-V1,TRUE,
FCCJ-01,2026-08-21,soil_layered_vertical_displacement,-3.051,mm,negative,-0.0,-2.898,24,S27,规范判据待补充,变形过大,未知,simulated,SIMULATED-EXCAVAGUARD-V1,TRUE,
FCCJ-01,2026-08-22,soil_layered_vertical_displacement,-3.203,mm,negative,-0.0,-3.051,24,S27,规范判据待补充,变形过大,未知,simulated,SIMULATED-EXCAVAGUARD-V1,TRUE,
FCCJ-01,2026-08-23,soil_layered_vertical_displacement,-3.356,mm,negative,-0.0,-3.203,24,S27,规范判据待补充,变形过大,未知,simulated,SIMULATED-EXCAVAGUARD-V1,TRUE,
FCCJ-01,2026-08-24,soil_layered_vertical_displacement,-3.508,mm,negative,-0.0,-3.356,24,S27,规范判据待补充,变形过大,未知,simulated,SIMULATED-EXCAVAGUARD-V1,TRUE,
FCCJ-01,2026-08-25,soil_layered_vertical_displacement,-3.661,mm,negative,-0.0,-3.508,24,S27,规范判据待补充,变形过大,未知,simulated,SIMULATED-EXCAVAGUARD-V1,TRUE,
FCCJ-01,2026-08-26,soil_layered_vertical_displacement,-3.814,mm,negative,-0.0,-3.661,24,S27,规范判据待补充,变形过大,未知,simulated,SIMULATED-EXCAVAGUARD-V1,TRUE,
FCCJ-01,2026-08-27,soil_layered_vertical_displacement,-3.966,mm,negative,-0.0,-3.814,24,S27,规范判据待补充,变形过大,未知,simulated,SIMULATED-EXCAVAGUARD-V1,TRUE,
FCCJ-01,2026-08-28,soil_layered_vertical_displacement,-4.119,mm,negative,-0.0,-3.966,24,S27,规范判据待补充,变形过大,未知,simulated,SIMULATED-EXCAVAGUARD-V1,TRUE,
FCCJ-01,2026-08-29,soil_layered_vertical_displacement,-4.271,mm,negative,-0.0,-4.119,24,S27,规范判据待补充,变形过大,未知,simulated,SIMULATED-EXCAVAGUARD-V1,TRUE,
FCCJ-01,2026-08-30,soil_layered_vertical_displacement,-4.424,mm,negative,-0.0,-4.271,24,S27,规范判据待补充,变形过大,未知,simulated,SIMULATED-EXCAVAGUARD-V1,TRUE,
FCCJ-01,2026-08-31,soil_layered_vertical_displacement,-4.576,mm,negative,-0.0,-4.424,24,S27,规范判据待补充,变形过大,未知,simulated,SIMULATED-EXCAVAGUARD-V1,TRUE,
FCCJ-01,2026-09-01,soil_layered_vertical_displacement,-4.729,mm,negative,-0.0,-4.576,24,S27,规范判据待补充,变形过大,未知,simulated,SIMULATED-EXCAVAGUARD-V1,TRUE,
FCCJ-01,2026-09-02,soil_layered_vertical_displacement,-4.881,mm,negative,-0.0,-4.729,24,S27,规范判据待补充,变形过大,未知,simulated,SIMULATED-EXCAVAGUARD-V1,TRUE,
FCCJ-01,2026-09-03,soil_layered_vertical_displacement,-5.034,mm,negative,-0.0,-4.881,24,S27,规范判据待补充,变形过大,未知,simulated,SIMULATED-EXCAVAGUARD-V1,TRUE,
FCCJ-01,2026-09-04,soil_layered_vertical_displacement,-5.186,mm,negative,-0.0,-5.034,24,S27,规范判据待补充,变形过大,未知,simulated,SIMULATED-EXCAVAGUARD-V1,TRUE,
FCCJ-01,2026-09-05,soil_layered_vertical_displacement,-5.339,mm,negative,-0.0,-5.186,24,S27,规范判据待补充,变形过大,未知,simulated,SIMULATED-EXCAVAGUARD-V1,TRUE,
FCCJ-01,2026-09-06,soil_layered_vertical_displacement,-5.492,mm,negative,-0.0,-5.339,24,S27,规范判据待补充,变形过大,未知,simulated,SIMULATED-EXCAVAGUARD-V1,TRUE,
FCCJ-01,2026-09-07,soil_layered_vertical_displacement,-5.644,mm,negative,-0.0,-5.492,24,S27,规范判据待补充,变形过大,未知,simulated,SIMULATED-EXCAVAGUARD-V1,TRUE,
FCCJ-01,2026-09-08,soil_layered_vertical_displacement,-5.797,mm,negative,-0.0,-5.644,24,S27,规范判据待补充,变形过大,未知,simulated,SIMULATED-EXCAVAGUARD-V1,TRUE,
FCCJ-01,2026-09-09,soil_layered_vertical_displacement,-5.949,mm,negative,-0.0,-5.797,24,S27,规范判据待补充,变形过大,未知,simulated,SIMULATED-EXCAVAGUARD-V1,TRUE,
FCCJ-01,2026-09-10,soil_layered_vertical_displacement,-6.102,mm,negative,-0.0,-5.949,24,S27,规范判据待补充,变形过大,未知,simulated,SIMULATED-EXCAVAGUARD-V1,TRUE,
FCCJ-01,2026-09-11,soil_layered_vertical_displacement,-6.254,mm,negative,-0.0,-6.102,24,S27,规范判据待补充,变形过大,未知,simulated,SIMULATED-EXCAVAGUARD-V1,TRUE,
FCCJ-01,2026-09-12,soil_layered_vertical_displacement,-6.407,mm,negative,-0.0,-6.254,24,S27,规范判据待补充,变形过大,未知,simulated,SIMULATED-EXCAVAGUARD-V1,TRUE,
FCCJ-01,2026-09-13,soil_layered_vertical_displacement,-6.559,mm,negative,-0.0,-6.407,24,S27,规范判据待补充,变形过大,未知,simulated,SIMULATED-EXCAVAGUARD-V1,TRUE,
FCCJ-01,2026-09-14,soil_layered_vertical_displacement,-6.712,mm,negative,-0.0,-6.559,24,S27,规范判据待补充,变形过大,未知,simulated,SIMULATED-EXCAVAGUARD-V1,TRUE,
FCCJ-01,2026-09-15,soil_layered_vertical_displacement,-6.864,mm,negative,-0.0,-6.712,24,S27,规范判据待补充,变形过大,未知,simulated,SIMULATED-EXCAVAGUARD-V1,TRUE,
FCCJ-01,2026-09-16,soil_layered_vertical_displacement,-7.017,mm,negative,-0.0,-6.864,24,S27,规范判据待补充,变形过大,未知,simulated,SIMULATED-EXCAVAGUARD-V1,TRUE,
FCCJ-01,2026-09-17,soil_layered_vertical_displacement,-7.169,mm,negative,-0.0,-7.017,24,S27,规范判据待补充,变形过大,未知,simulated,SIMULATED-EXCAVAGUARD-V1,TRUE,
FCCJ-01,2026-09-18,soil_layered_vertical_displacement,-7.322,mm,negative,-0.0,-7.169,24,S27,规范判据待补充,变形过大,未知,simulated,SIMULATED-EXCAVAGUARD-V1,TRUE,
FCCJ-01,2026-09-19,soil_layered_vertical_displacement,-7.475,mm,negative,-0.0,-7.322,24,S27,规范判据待补充,变形过大,未知,simulated,SIMULATED-EXCAVAGUARD-V1,TRUE,
FCCJ-01,2026-09-20,soil_layered_vertical_displacement,-7.627,mm,negative,-0.0,-7.475,24,S27,规范判据待补充,变形过大,未知,simulated,SIMULATED-EXCAVAGUARD-V1,TRUE,
FCCJ-01,2026-09-21,soil_layered_vertical_displacement,-7.78,mm,negative,-0.0,-7.627,24,S27,规范判据待补充,变形过大,未知,simulated,SIMULATED-EXCAVAGUARD-V1,TRUE,
FCCJ-01,2026-09-22,soil_layered_vertical_displacement,-7.932,mm,negative,-0.0,-7.78,24,S27,规范判据待补充,变形过大,未知,simulated,SIMULATED-EXCAVAGUARD-V1,TRUE,
FCCJ-01,2026-09-23,soil_layered_vertical_displacement,-8.085,mm,negative,-0.0,-7.932,24,S27,规范判据待补充,变形过大,未知,simulated,SIMULATED-EXCAVAGUARD-V1,TRUE,
FCCJ-01,2026-09-24,soil_layered_vertical_displacement,-8.237,mm,negative,-0.0,-8.085,24,S27,规范判据待补充,变形过大,未知,simulated,SIMULATED-EXCAVAGUARD-V1,TRUE,
FCCJ-01,2026-09-25,soil_layered_vertical_displacement,-8.39,mm,negative,-0.0,-8.237,24,S27,规范判据待补充,变形过大,未知,simulated,SIMULATED-EXCAVAGUARD-V1,TRUE,
FCCJ-01,2026-09-26,soil_layered_vertical_displacement,-8.542,mm,negative,-0.0,-8.39,24,S27,规范判据待补充,变形过大,未知,simulated,SIMULATED-EXCAVAGUARD-V1,TRUE,
FCCJ-01,2026-09-27,soil_layered_vertical_displacement,-8.695,mm,negative,-0.0,-8.542,24,S27,规范判据待补充,变形过大,未知,simulated,SIMULATED-EXCAVAGUARD-V1,TRUE,
FCCJ-01,2026-09-28,soil_layered_vertical_displacement,-8.847,mm,negative,-0.0,-8.695,24,S27,规范判据待补充,变形过大,未知,simulated,SIMULATED-EXCAVAGUARD-V1,TRUE,
FCCJ-01,2026-09-29,soil_layered_vertical_displacement,-9.0,mm,negative,-0.0,-8.847,24,S27,规范判据待补充,变形过大,未知,simulated,SIMULATED-EXCAVAGUARD-V1,TRUE,
WD-01,2026-08-01,soil_temperature,0.0,℃,positive,0.0,,,S27,规范判据待补充,变形过大,未知,simulated,SIMULATED-EXCAVAGUARD-V1,TRUE,
WD-01,2026-08-02,soil_temperature,0.1,℃,positive,0.0,0.0,24,S27,规范判据待补充,变形过大,未知,simulated,SIMULATED-EXCAVAGUARD-V1,TRUE,
WD-01,2026-08-03,soil_temperature,0.2,℃,positive,0.0,0.1,24,S27,规范判据待补充,变形过大,未知,simulated,SIMULATED-EXCAVAGUARD-V1,TRUE,
WD-01,2026-08-04,soil_temperature,0.31,℃,positive,0.0,0.2,24,S27,规范判据待补充,变形过大,未知,simulated,SIMULATED-EXCAVAGUARD-V1,TRUE,
WD-01,2026-08-05,soil_temperature,0.41,℃,positive,0.0,0.31,24,S27,规范判据待补充,变形过大,未知,simulated,SIMULATED-EXCAVAGUARD-V1,TRUE,
WD-01,2026-08-06,soil_temperature,0.51,℃,positive,0.0,0.41,24,S27,规范判据待补充,变形过大,未知,simulated,SIMULATED-EXCAVAGUARD-V1,TRUE,
WD-01,2026-08-07,soil_temperature,0.61,℃,positive,0.0,0.51,24,S27,规范判据待补充,变形过大,未知,simulated,SIMULATED-EXCAVAGUARD-V1,TRUE,
WD-01,2026-08-08,soil_temperature,0.71,℃,positive,0.0,0.61,24,S27,规范判据待补充,变形过大,未知,simulated,SIMULATED-EXCAVAGUARD-V1,TRUE,
WD-01,2026-08-09,soil_temperature,0.81,℃,positive,0.0,0.71,24,S27,规范判据待补充,变形过大,未知,simulated,SIMULATED-EXCAVAGUARD-V1,TRUE,
WD-01,2026-08-10,soil_temperature,0.92,℃,positive,0.0,0.81,24,S27,规范判据待补充,变形过大,未知,simulated,SIMULATED-EXCAVAGUARD-V1,TRUE,
WD-01,2026-08-11,soil_temperature,1.02,℃,positive,0.0,0.92,24,S27,规范判据待补充,变形过大,未知,simulated,SIMULATED-EXCAVAGUARD-V1,TRUE,
WD-01,2026-08-12,soil_temperature,1.12,℃,positive,0.0,1.02,24,S27,规范判据待补充,变形过大,未知,simulated,SIMULATED-EXCAVAGUARD-V1,TRUE,
WD-01,2026-08-13,soil_temperature,1.22,℃,positive,0.0,1.12,24,S27,规范判据待补充,变形过大,未知,simulated,SIMULATED-EXCAVAGUARD-V1,TRUE,
WD-01,2026-08-14,soil_temperature,1.32,℃,positive,0.0,1.22,24,S27,规范判据待补充,变形过大,未知,simulated,SIMULATED-EXCAVAGUARD-V1,TRUE,
WD-01,2026-08-15,soil_temperature,1.42,℃,positive,0.0,1.32,24,S27,规范判据待补充,变形过大,未知,simulated,SIMULATED-EXCAVAGUARD-V1,TRUE,
WD-01,2026-08-16,soil_temperature,1.53,℃,positive,0.0,1.42,24,S27,规范判据待补充,变形过大,未知,simulated,SIMULATED-EXCAVAGUARD-V1,TRUE,
WD-01,2026-08-17,soil_temperature,1.63,℃,positive,0.0,1.53,24,S27,规范判据待补充,变形过大,未知,simulated,SIMULATED-EXCAVAGUARD-V1,TRUE,
WD-01,2026-08-18,soil_temperature,1.73,℃,positive,0.0,1.63,24,S27,规范判据待补充,变形过大,未知,simulated,SIMULATED-EXCAVAGUARD-V1,TRUE,
WD-01,2026-08-19,soil_temperature,1.83,℃,positive,0.0,1.73,24,S27,规范判据待补充,变形过大,未知,simulated,SIMULATED-EXCAVAGUARD-V1,TRUE,
WD-01,2026-08-20,soil_temperature,1.93,℃,positive,0.0,1.83,24,S27,规范判据待补充,变形过大,未知,simulated,SIMULATED-EXCAVAGUARD-V1,TRUE,
WD-01,2026-08-21,soil_temperature,2.03,℃,positive,0.0,1.93,24,S27,规范判据待补充,变形过大,未知,simulated,SIMULATED-EXCAVAGUARD-V1,TRUE,
WD-01,2026-08-22,soil_temperature,2.14,℃,positive,0.0,2.03,24,S27,规范判据待补充,变形过大,未知,simulated,SIMULATED-EXCAVAGUARD-V1,TRUE,
WD-01,2026-08-23,soil_temperature,2.24,℃,positive,0.0,2.14,24,S27,规范判据待补充,变形过大,未知,simulated,SIMULATED-EXCAVAGUARD-V1,TRUE,
WD-01,2026-08-24,soil_temperature,2.34,℃,positive,0.0,2.24,24,S27,规范判据待补充,变形过大,未知,simulated,SIMULATED-EXCAVAGUARD-V1,TRUE,
WD-01,2026-08-25,soil_temperature,2.44,℃,positive,0.0,2.34,24,S27,规范判据待补充,变形过大,未知,simulated,SIMULATED-EXCAVAGUARD-V1,TRUE,
WD-01,2026-08-26,soil_temperature,2.54,℃,positive,0.0,2.44,24,S27,规范判据待补充,变形过大,未知,simulated,SIMULATED-EXCAVAGUARD-V1,TRUE,
WD-01,2026-08-27,soil_temperature,2.64,℃,positive,0.0,2.54,24,S27,规范判据待补充,变形过大,未知,simulated,SIMULATED-EXCAVAGUARD-V1,TRUE,
WD-01,2026-08-28,soil_temperature,2.75,℃,positive,0.0,2.64,24,S27,规范判据待补充,变形过大,未知,simulated,SIMULATED-EXCAVAGUARD-V1,TRUE,
WD-01,2026-08-29,soil_temperature,2.85,℃,positive,0.0,2.75,24,S27,规范判据待补充,变形过大,未知,simulated,SIMULATED-EXCAVAGUARD-V1,TRUE,
WD-01,2026-08-30,soil_temperature,2.95,℃,positive,0.0,2.85,24,S27,规范判据待补充,变形过大,未知,simulated,SIMULATED-EXCAVAGUARD-V1,TRUE,
WD-01,2026-08-31,soil_temperature,3.05,℃,positive,0.0,2.95,24,S27,规范判据待补充,变形过大,未知,simulated,SIMULATED-EXCAVAGUARD-V1,TRUE,
WD-01,2026-09-01,soil_temperature,3.15,℃,positive,0.0,3.05,24,S27,规范判据待补充,变形过大,未知,simulated,SIMULATED-EXCAVAGUARD-V1,TRUE,
WD-01,2026-09-02,soil_temperature,3.25,℃,positive,0.0,3.15,24,S27,规范判据待补充,变形过大,未知,simulated,SIMULATED-EXCAVAGUARD-V1,TRUE,
WD-01,2026-09-03,soil_temperature,3.36,℃,positive,0.0,3.25,24,S27,规范判据待补充,变形过大,未知,simulated,SIMULATED-EXCAVAGUARD-V1,TRUE,
WD-01,2026-09-04,soil_temperature,3.46,℃,positive,0.0,3.36,24,S27,规范判据待补充,变形过大,未知,simulated,SIMULATED-EXCAVAGUARD-V1,TRUE,
WD-01,2026-09-05,soil_temperature,3.56,℃,positive,0.0,3.46,24,S27,规范判据待补充,变形过大,未知,simulated,SIMULATED-EXCAVAGUARD-V1,TRUE,
WD-01,2026-09-06,soil_temperature,3.66,℃,positive,0.0,3.56,24,S27,规范判据待补充,变形过大,未知,simulated,SIMULATED-EXCAVAGUARD-V1,TRUE,
WD-01,2026-09-07,soil_temperature,3.76,℃,positive,0.0,3.66,24,S27,规范判据待补充,变形过大,未知,simulated,SIMULATED-EXCAVAGUARD-V1,TRUE,
WD-01,2026-09-08,soil_temperature,3.86,℃,positive,0.0,3.76,24,S27,规范判据待补充,变形过大,未知,simulated,SIMULATED-EXCAVAGUARD-V1,TRUE,
WD-01,2026-09-09,soil_temperature,3.97,℃,positive,0.0,3.86,24,S27,规范判据待补充,变形过大,未知,simulated,SIMULATED-EXCAVAGUARD-V1,TRUE,
WD-01,2026-09-10,soil_temperature,4.07,℃,positive,0.0,3.97,24,S27,规范判据待补充,变形过大,未知,simulated,SIMULATED-EXCAVAGUARD-V1,TRUE,
WD-01,2026-09-11,soil_temperature,4.17,℃,positive,0.0,4.07,24,S27,规范判据待补充,变形过大,未知,simulated,SIMULATED-EXCAVAGUARD-V1,TRUE,
WD-01,2026-09-12,soil_temperature,4.27,℃,positive,0.0,4.17,24,S27,规范判据待补充,变形过大,未知,simulated,SIMULATED-EXCAVAGUARD-V1,TRUE,
WD-01,2026-09-13,soil_temperature,4.37,℃,positive,0.0,4.27,24,S27,规范判据待补充,变形过大,未知,simulated,SIMULATED-EXCAVAGUARD-V1,TRUE,
WD-01,2026-09-14,soil_temperature,4.47,℃,positive,0.0,4.37,24,S27,规范判据待补充,变形过大,未知,simulated,SIMULATED-EXCAVAGUARD-V1,TRUE,
WD-01,2026-09-15,soil_temperature,4.58,℃,positive,0.0,4.47,24,S27,规范判据待补充,变形过大,未知,simulated,SIMULATED-EXCAVAGUARD-V1,TRUE,
WD-01,2026-09-16,soil_temperature,4.68,℃,positive,0.0,4.58,24,S27,规范判据待补充,变形过大,未知,simulated,SIMULATED-EXCAVAGUARD-V1,TRUE,
WD-01,2026-09-17,soil_temperature,4.78,℃,positive,0.0,4.68,24,S27,规范判据待补充,变形过大,未知,simulated,SIMULATED-EXCAVAGUARD-V1,TRUE,
WD-01,2026-09-18,soil_temperature,4.88,℃,positive,0.0,4.78,24,S27,规范判据待补充,变形过大,未知,simulated,SIMULATED-EXCAVAGUARD-V1,TRUE,
WD-01,2026-09-19,soil_temperature,4.98,℃,positive,0.0,4.88,24,S27,规范判据待补充,变形过大,未知,simulated,SIMULATED-EXCAVAGUARD-V1,TRUE,
WD-01,2026-09-20,soil_temperature,5.08,℃,positive,0.0,4.98,24,S27,规范判据待补充,变形过大,未知,simulated,SIMULATED-EXCAVAGUARD-V1,TRUE,
WD-01,2026-09-21,soil_temperature,5.19,℃,positive,0.0,5.08,24,S27,规范判据待补充,变形过大,未知,simulated,SIMULATED-EXCAVAGUARD-V1,TRUE,
WD-01,2026-09-22,soil_temperature,5.29,℃,positive,0.0,5.19,24,S27,规范判据待补充,变形过大,未知,simulated,SIMULATED-EXCAVAGUARD-V1,TRUE,
WD-01,2026-09-23,soil_temperature,5.39,℃,positive,0.0,5.29,24,S27,规范判据待补充,变形过大,未知,simulated,SIMULATED-EXCAVAGUARD-V1,TRUE,
WD-01,2026-09-24,soil_temperature,5.49,℃,positive,0.0,5.39,24,S27,规范判据待补充,变形过大,未知,simulated,SIMULATED-EXCAVAGUARD-V1,TRUE,
WD-01,2026-09-25,soil_temperature,5.59,℃,positive,0.0,5.49,24,S27,规范判据待补充,变形过大,未知,simulated,SIMULATED-EXCAVAGUARD-V1,TRUE,
WD-01,2026-09-26,soil_temperature,5.69,℃,positive,0.0,5.59,24,S27,规范判据待补充,变形过大,未知,simulated,SIMULATED-EXCAVAGUARD-V1,TRUE,
WD-01,2026-09-27,soil_temperature,5.8,℃,positive,0.0,5.69,24,S27,规范判据待补充,变形过大,未知,simulated,SIMULATED-EXCAVAGUARD-V1,TRUE,
WD-01,2026-09-28,soil_temperature,5.9,℃,positive,0.0,5.8,24,S27,规范判据待补充,变形过大,未知,simulated,SIMULATED-EXCAVAGUARD-V1,TRUE,
WD-01,2026-09-29,soil_temperature,6.0,℃,positive,0.0,5.9,24,S27,规范判据待补充,变形过大,未知,simulated,SIMULATED-EXCAVAGUARD-V1,TRUE,
